Unnamed: 0,max_concurrent_tasks,aggregation_queries_count,total_queries_count,ts_submit,ts_submit_dt,standard_queries_count,first_name_queries_count,last_name_queries_count,country_queries_count,other_queries_count
0,1,1,10,1158705474716,2006-09-19 22:37:54.716000000,9,3,2,2,2
1,1,3,20,1158706766716,2006-09-19 22:38:03.663669906,17,6,4,4,3
2,2,107,670,1158707924716,2006-09-19 22:38:11.683330705,563,204,121,136,102
3,1,1,10,1158710610716,2006-09-19 22:38:30.285065510,9,4,2,2,1
4,1,1,10,1158711688716,2006-09-19 22:38:37.750691020,9,1,2,2,4
5,1,8,110,1158713930716,2006-09-19 22:38:53.277529976,102,40,23,20,19
6,1,6,110,1158714436716,2006-09-19 22:38:56.781803174,104,38,26,22,18
7,1,73,410,1158715519716,2006-09-19 22:39:04.282055890,337,141,68,81,47
8,1,15,110,1158716678716,2006-09-19 22:39:12.308642130,95,22,23,23,27
9,1,3,20,1158788582716,2006-09-19 22:47:30.275559279,17,5,4,4,4
10,1,1,10,1158791971716,2006-09-19 22:47:53.745879180,9,2,2,2,3
11,1,3,20,1158792853716,2006-09-19 22:47:59.854118234,17,7,4,4,2
12,1,3,20,1158796498716,2006-09-19 22:48:25.097351059,17,6,4,4,3
13,1,1,20,1158800741716,2006-09-19 22:48:54.481997663,19,8,4,4,3
14,1,1,20,1158802331716,2006-09-19 22:49:05.493449019,19,8,4,4,3
15,1,1,20,1158805470716,2006-09-19 22:49:27.232408645,19,4,4,4,7
16,1,1,20,1158809246716,2006-09-19 22:49:53.382874254,19,6,4,4,5
17,1,2,20,1158818369716,2006-09-19 22:50:56.563673446,18,7,4,4,3
18,1,2,20,1158860285716,2006-09-19 22:55:46.850462766,18,3,4,4,7
19,1,1,20,1158872601716,2006-09-19 22:57:12.144195404,19,6,4,4,5
20,1,2,20,1158873525716,2006-09-19 22:57:18.543302984,18,4,4,4,6
21,1,1,20,1158874621716,2006-09-19 22:57:26.133586434,19,8,4,4,3
22,1,1,10,1158876993716,2006-09-19 22:57:42.560732733,9,1,2,2,4
23,1,1,10,1158975004716,2006-09-19 23:09:01.330140786,9,4,2,2,1
24,1,2,20,1158975068716,2006-09-19 23:09:01.773369017,18,3,4,4,7
25,1,67,400,1159230626716,2006-09-19 23:38:31.625246697,333,114,80,83,56
26,1,32,410,1159230987716,2006-09-19 23:38:34.125330936,378,116,94,94,74
27,2,83,660,1159296461716,2006-09-19 23:46:07.561661786,577,129,144,144,160
28,2,184,1330,1159300075716,2006-09-19 23:46:32.590205936,1146,418,274,271,183
29,5,168,2950,1159305652716,2006-09-19 23:47:11.213390973,2782,1118,467,692,505
30,1,14,100,1159313258716,2006-09-19 23:48:03.888296011,86,41,9,19,17
31,1,7,100,1159314736716,2006-09-19 23:48:14.124097963,93,36,22,21,14
32,1,3,60,1159314931716,2006-09-19 23:48:15.474558978,57,19,13,14,11
33,1,1,10,1159316836716,2006-09-19 23:48:28.667524282,9,2,2,2,3
34,1,1,10,1159321892716,2006-09-19 23:49:03.682554504,9,4,2,2,1
35,1,3,20,1159322663716,2006-09-19 23:49:09.022069595,17,3,4,4,6
36,1,1,20,1159323697716,2006-09-19 23:49:16.182975697,19,6,4,4,5
37,1,1,20,1159381749716,2006-09-19 23:55:58.218682672,19,8,4,4,3
38,1,1,10,1159383277716,2006-09-19 23:56:08.800756679,9,2,2,2,3
39,1,2,20,1159383444716,2006-09-19 23:56:09.957305343,18,4,4,4,6
40,1,1,20,1159383700716,2006-09-19 23:56:11.730218266,19,3,4,4,8
41,1,2,20,1159384139716,2006-09-19 23:56:14.770486910,18,4,4,4,6
42,1,1,20,1159384351716,2006-09-19 23:56:16.238680425,19,7,4,4,4
43,1,3,20,1159384590716,2006-09-19 23:56:17.893860848,17,4,4,4,5
44,1,1,10,1159384742716,2006-09-19 23:56:18.946527896,9,4,2,2,1
45,1,1,10,1159385146716,2006-09-19 23:56:21.744406102,9,4,2,2,1
46,1,1,20,1159385533716,2006-09-19 23:56:24.424551810,19,9,4,3,3
47,1,2,20,1159389682716,2006-09-19 23:56:53.158206950,18,6,4,4,4
48,1,2,20,1159389959716,2006-09-19 23:56:55.076554136,18,7,4,4,3
49,1,1,10,1159390425716,2006-09-19 23:56:58.303809691,9,4,2,2,1
50,1,1,10,1159390638716,2006-09-19 23:56:59.778928646,9,3,2,2,2
51,1,1,10,1159390847716,2006-09-19 23:57:01.226345837,9,3,2,2,2
52,1,3,20,1159391071716,2006-09-19 23:57:02.777644644,17,8,2,4,3
53,1,3,20,1159391856716,2006-09-19 23:57:08.214115911,17,6,4,4,3
54,1,2,20,1159394259716,2006-09-19 23:57:24.855950884,18,4,4,4,6
55,1,3,20,1159394756716,2006-09-19 23:57:28.297895113,17,6,4,4,3
56,1,1,20,1159395139716,2006-09-19 23:57:30.950339056,19,4,4,4,7
57,1,1,10,1159396201716,2006-09-19 23:57:38.305157508,9,2,2,2,3
58,1,1,10,1159396286716,2006-09-19 23:57:38.893820002,9,2,2,2,3
59,1,1,10,1159397058716,2006-09-19 23:57:44.240260534,9,2,2,2,3
60,1,1,10,1159473907716,2006-09-20 00:06:36.453483943,9,2,2,2,3
61,1,1,10,1159473981716,2006-09-20 00:06:36.965966585,9,4,2,2,1
62,1,1,10,1159474295716,2006-09-20 00:06:39.140555091,9,2,2,2,3
63,1,2,20,1159481923716,2006-09-20 00:07:31.967819833,18,7,4,4,3
64,1,1,10,1159486844716,2006-09-20 00:08:06.047915507,9,3,2,2,2
65,1,1,10,1159486908716,2006-09-20 00:08:06.491143737,9,2,2,2,3
66,1,1,10,1159488026716,2006-09-20 00:08:14.233786892,9,2,2,2,3
67,1,3,20,1159489659716,2006-09-20 00:08:25.543032215,17,6,4,4,3
68,1,1,10,1159489813716,2006-09-20 00:08:26.609550145,9,2,2,2,3
69,1,3,20,1159489834716,2006-09-20 00:08:26.754984408,17,4,4,4,5
70,1,1,10,1159489868716,2006-09-20 00:08:26.990449405,9,2,2,2,3
71,1,1,20,1159491286716,2006-09-20 00:08:36.810724891,19,6,4,4,5
72,1,1,10,1159492851716,2006-09-20 00:08:47.649040219,9,2,2,2,3
73,1,18,110,1159492911716,2006-09-20 00:08:48.064566685,92,33,23,21,15
74,4,366,2350,1159493418716,2006-09-20 00:08:51.575765325,1984,691,485,491,317
75,1,1,10,1159493524716,2006-09-20 00:08:52.309862082,9,1,2,2,4
76,4,389,2350,1159494988716,2006-09-20 00:09:02.448707858,1961,729,460,432,340
77,4,143,2350,1159550716716,2006-09-20 00:15:28.389689707,2207,657,551,551,448
78,1,38,370,1159556254716,2006-09-20 00:16:06.742782542,332,125,70,79,58
79,1,1,20,1159558058716,2006-09-20 00:16:19.236278294,19,7,4,4,4
80,3,174,970,1159560254716,2006-09-20 00:16:34.444546958,796,173,199,199,225
81,1,2,20,1159562840716,2006-09-20 00:16:52.353737653,18,7,4,4,3
82,1,1,10,1159573510716,2006-09-20 00:18:06.248194234,9,1,2,2,4
83,1,3,60,1159574743716,2006-09-20 00:18:14.787263115,57,17,14,14,12
84,4,227,2350,1159576364716,2006-09-20 00:18:26.013403145,2123,944,353,464,362
85,1,1,20,1159578773716,2006-09-20 00:18:42.696790765,19,5,4,4,6
86,1,15,100,1159578982716,2006-09-20 00:18:44.144207956,85,35,12,21,17
87,1,1,10,1159579756716,2006-09-20 00:18:49.504499370,9,4,2,2,1
88,1,71,390,1159581133716,2006-09-20 00:18:59.040831771,319,97,79,79,64
89,1,49,410,1159811059716,2006-09-20 00:45:31.379803071,361,106,90,90,75
90,6,116,1710,1159811515716,2006-09-20 00:45:34.537804214,1594,606,394,280,314
91,1,1,10,1159815549716,2006-09-20 00:46:02.475033628,9,2,2,2,3
92,1,67,410,1159815654716,2006-09-20 00:46:03.202204944,343,170,60,72,41
93,1,1,10,1159815836716,2006-09-20 00:46:04.462635225,9,3,2,2,2
94,1,3,20,1159816208716,2006-09-20 00:46:07.038899316,17,3,4,4,6
95,1,2,20,1159816592716,2006-09-20 00:46:09.698268700,18,6,4,4,4
96,1,2,20,1159816924716,2006-09-20 00:46:11.997515146,18,4,4,4,6
97,1,1,10,1159817259716,2006-09-20 00:46:14.317537916,9,1,2,2,4
98,1,1,10,1159817433716,2006-09-20 00:46:15.522564668,9,4,2,2,1
99,7,136,2060,1159818473716,2006-09-20 00:46:22.725023417,1924,886,234,443,361
100,1,1,20,1159819830716,2006-09-20 00:46:32.122846995,19,7,4,4,4
101,1,2,20,1159820002716,2006-09-20 00:46:33.314022865,18,5,4,4,5
102,1,1,20,1159820214716,2006-09-20 00:46:34.782216379,19,6,4,4,5
103,1,1,10,1159820627716,2006-09-20 00:46:37.642423555,9,4,2,2,1
104,1,1,10,1159832513716,2006-09-20 00:47:59.958216518,9,2,2,2,3
105,1,1,20,1159837754716,2006-09-20 00:48:36.254453345,19,5,4,4,6
106,1,1,10,1159840320716,2006-09-20 00:48:54.025135218,9,3,2,2,2
107,1,1,10,1159840428716,2006-09-20 00:48:54.773082857,9,1,2,2,4
108,1,1,10,1159841885716,2006-09-20 00:49:04.863450546,9,3,2,2,2
109,1,1,10,1159842665716,2006-09-20 00:49:10.265294607,9,1,2,2,4
110,1,1,10,1159904979716,2006-09-20 00:56:21.817231568,9,3,2,2,2
111,1,1,20,1159907163716,2006-09-20 00:56:36.942394939,19,8,4,4,3
112,1,3,20,1159907592716,2006-09-20 00:56:39.913409173,17,5,4,4,4
113,1,1,10,1159909127716,2006-09-20 00:56:50.543961267,9,1,2,2,4
114,1,1,10,1159909327716,2006-09-20 00:56:51.929049488,9,1,2,2,4
115,1,3,20,1159910044716,2006-09-20 00:56:56.894590760,17,4,4,4,5
116,1,1,10,1159912187716,2006-09-20 00:57:11.735811046,9,3,2,2,2
117,1,1,10,1159912770716,2006-09-20 00:57:15.773343210,9,3,2,2,2
118,1,1,10,1159915296716,2006-09-20 00:57:33.267007439,9,2,2,2,3
119,3,106,810,1159916135716,2006-09-20 00:57:39.077452525,704,242,172,158,132
120,1,1,10,1159918173716,2006-09-20 00:57:53.191501495,9,3,2,2,2
121,3,145,790,1159919683716,2006-09-20 00:58:03.648917562,645,143,161,161,180
122,1,1,10,1159921566716,2006-09-20 00:58:16.689523161,9,2,2,2,3
123,1,1,10,1159922942716,2006-09-20 00:58:26.218930120,9,2,2,2,3
124,1,1,10,1159923251716,2006-09-20 00:58:28.358891422,9,4,2,2,1
125,1,1,10,1159925165716,2006-09-20 00:58:41.614185695,9,1,2,2,4
126,1,1,10,1159925240716,2006-09-20 00:58:42.133593778,9,3,2,2,2
127,1,1,10,1159925790716,2006-09-20 00:58:45.942586385,9,3,2,2,2
128,1,1,10,1159940496716,2006-09-20 01:00:27.788123262,9,4,2,2,1
129,1,2,20,1159941362716,2006-09-20 01:00:33.785555258,18,9,2,4,3
130,1,1,10,1159985916716,2006-09-20 01:05:42.341658210,9,4,2,2,1
131,1,1,10,1159987291716,2006-09-20 01:05:51.864139728,9,1,2,2,4
132,1,2,40,1159987647716,2006-09-20 01:05:54.329596761,38,10,9,9,10
133,1,4,40,1159988156716,2006-09-20 01:05:57.854646283,36,11,9,9,7
134,1,1,10,1159988953716,2006-09-20 01:06:03.374222843,9,3,2,2,2
135,1,10,110,1159989135716,2006-09-20 01:06:04.634653124,100,26,25,25,24
136,1,14,110,1159989875716,2006-09-20 01:06:09.759479541,96,31,24,24,17
137,1,17,110,1159990360716,2006-09-20 01:06:13.118318476,93,46,9,20,18
138,1,5,50,1159992590716,2006-09-20 01:06:28.562052138,45,15,10,11,9
139,1,1,10,1159994002716,2006-09-20 01:06:38.340774977,9,3,2,2,2
140,1,1,10,1159994814716,2006-09-20 01:06:43.964233154,9,2,2,2,3
141,1,9,110,1159996566716,2006-09-20 01:06:56.097605968,101,47,10,25,19
142,1,6,50,1159997468716,2006-09-20 01:07:02.344353844,44,20,10,6,8
143,1,10,110,1160000161716,2006-09-20 01:07:20.994566738,100,40,20,23,17
144,1,4,50,1160000426716,2006-09-20 01:07:22.829808630,46,20,9,11,6
145,1,12,220,1160000499716,2006-09-20 01:07:23.335365831,208,60,52,52,44
146,1,1,10,1160000709716,2006-09-20 01:07:24.789708463,9,2,2,2,3
147,1,13,110,1160000859716,2006-09-20 01:07:25.828524628,97,48,16,23,10
148,1,1,10,1160001258716,2006-09-20 01:07:28.591775629,9,3,2,2,2
149,1,1,10,1160001538716,2006-09-20 01:07:30.530899138,9,4,2,2,1
150,1,1,10,1160001579716,2006-09-20 01:07:30.814842223,9,1,2,2,4
151,1,1,10,1160001632716,2006-09-20 01:07:31.181890602,9,3,2,2,2
152,1,1,10,1160002910716,2006-09-20 01:07:40.032604333,9,2,2,2,3
153,1,13,110,1160003343716,2006-09-20 01:07:43.031320331,97,19,24,24,30
154,1,1,10,1160003787716,2006-09-20 01:07:46.106216181,9,1,2,2,4
155,1,1,10,1160005190716,2006-09-20 01:07:55.822610050,9,1,2,2,4
156,1,1,10,1160005493716,2006-09-20 01:07:57.921018705,9,3,2,2,2
157,1,1,10,1160005596716,2006-09-20 01:07:58.634339138,9,2,2,2,3
158,1,1,20,1160008462716,2006-09-20 01:08:18.482653343,19,3,4,4,8
159,1,1,10,1160010287716,2006-09-20 01:08:31.121583358,9,4,2,2,1
160,1,1,10,1160010372716,2006-09-20 01:08:31.710245852,9,1,2,2,4
161,1,15,110,1160010946716,2006-09-20 01:08:35.685449045,95,27,23,23,22
162,1,1,10,1160011188716,2006-09-20 01:08:37.361405792,9,3,2,2,2
163,1,1,10,1160011874716,2006-09-20 01:08:42.112258390,9,3,2,2,2
164,1,1,10,1160012502716,2006-09-20 01:08:46.461435403,9,2,2,2,3
165,1,1,10,1160013296716,2006-09-20 01:08:51.960235640,9,4,2,2,1
166,1,1,10,1160013428716,2006-09-20 01:08:52.874393866,9,3,2,2,2
167,1,1,10,1160013501716,2006-09-20 01:08:53.379951066,9,1,2,2,4
168,1,6,110,1160013575716,2006-09-20 01:08:53.892433708,104,52,24,17,11
169,1,15,110,1160013860716,2006-09-20 01:08:55.866184423,95,30,23,23,19
170,1,1,10,1160037124716,2006-09-20 01:11:36.979646268,9,4,2,2,1
171,1,2,50,1160037167716,2006-09-20 01:11:37.277440236,48,23,9,7,9
172,1,31,250,1160037281716,2006-09-20 01:11:38.066940522,219,94,44,54,27
173,1,51,610,1160038140716,2006-09-20 01:11:44.015894430,559,162,139,139,119
174,1,1,10,1160072660716,2006-09-20 01:15:43.082121343,9,4,2,2,1
175,1,8,110,1160074010716,2006-09-20 01:15:52.431466834,102,49,14,20,19
176,1,1,10,1160076483716,2006-09-20 01:16:09.558082684,9,3,2,2,2
177,1,65,610,1160090983716,2006-09-20 01:17:49.976978694,545,221,115,116,93
178,1,1,10,1160092149716,2006-09-20 01:17:58.052043021,9,3,2,2,2
179,1,1,10,1160092166716,2006-09-20 01:17:58.169775520,9,1,2,2,4
180,1,5,50,1160092321716,2006-09-20 01:17:59.243218891,45,10,11,11,13
181,1,1,20,1160092477716,2006-09-20 01:18:00.323587703,19,4,4,4,7
182,1,20,110,1160092976716,2006-09-20 01:18:03.779382814,90,45,9,18,18
183,1,110,610,1160093142716,2006-09-20 01:18:04.929006038,500,228,65,108,99
184,1,9,110,1160093539716,2006-09-20 01:18:07.678406156,101,40,25,21,15
185,1,16,110,1160094627716,2006-09-20 01:18:15.213286077,94,40,16,22,16
186,1,3,20,1160095173716,2006-09-20 01:18:18.994576920,17,5,4,4,4
187,1,1,10,1160095359716,2006-09-20 01:18:20.282708965,9,4,2,2,1
188,1,1,10,1160095513716,2006-09-20 01:18:21.349226895,9,3,2,2,2
189,1,1,10,1160095989716,2006-09-20 01:18:24.645736861,9,1,2,2,4
190,1,1,10,1160096048716,2006-09-20 01:18:25.054337886,9,3,2,2,2
191,1,1,10,1160096132716,2006-09-20 01:18:25.636074939,9,2,2,2,3
192,1,1,10,1160096252716,2006-09-20 01:18:26.467127871,9,4,2,2,1
193,1,1,10,1160096304716,2006-09-20 01:18:26.827250809,9,1,2,2,4
194,1,1,10,1160096950716,2006-09-20 01:18:31.301085762,9,4,2,2,1
195,1,1,10,1160097102716,2006-09-20 01:18:32.353752810,9,2,2,2,3
196,1,1,10,1160097750716,2006-09-20 01:18:36.841438645,9,2,2,2,3
197,7,717,3890,1160098064716,2006-09-20 01:18:39.016027152,3173,1540,716,522,395
198,1,3,20,1160098123716,2006-09-20 01:18:39.424628177,17,3,4,4,6
199,1,3,20,1160098257716,2006-09-20 01:18:40.352637285,17,3,4,4,6
200,1,2,20,1160098506716,2006-09-20 01:18:42.077072120,18,6,4,4,4
201,7,243,3890,1160099128716,2006-09-20 01:18:46.384696487,3647,915,911,911,910
202,1,15,210,1160099562716,2006-09-20 01:18:49.390337926,195,44,48,48,55
203,1,1,10,1160102680716,2006-09-20 01:19:10.983863288,9,4,2,2,1
204,1,1,10,1160103473716,2006-09-20 01:19:16.475738084,9,1,2,2,4
205,1,1,10,1160103881716,2006-09-20 01:19:19.301318054,9,3,2,2,2
206,1,1,10,1160104008716,2006-09-20 01:19:20.180849075,9,4,2,2,1
207,1,1,10,1160104240716,2006-09-20 01:19:21.787551411,9,4,2,2,1
208,1,1,10,1160104827716,2006-09-20 01:19:25.852785339,9,3,2,2,2
209,1,1,10,1160105349716,2006-09-20 01:19:29.467865595,9,4,2,2,1
210,1,1,10,1160105460716,2006-09-20 01:19:30.236589558,9,3,2,2,2
211,1,1,10,1160105731716,2006-09-20 01:19:32.113384097,9,2,2,2,3
212,1,1,10,1160106067716,2006-09-20 01:19:34.440332308,9,3,2,2,2
213,1,1,10,1160106200716,2006-09-20 01:19:35.361415975,9,3,2,2,2
214,1,1,10,1160106299716,2006-09-20 01:19:36.047034644,9,3,2,2,2
215,1,1,10,1160106404716,2006-09-20 01:19:36.774205960,9,4,2,2,1
216,1,1,20,1160106559716,2006-09-20 01:19:37.847649331,19,9,4,3,3
217,1,3,20,1160106748716,2006-09-20 01:19:39.156557700,17,3,4,4,6
218,1,2,20,1160106968716,2006-09-20 01:19:40.680154743,18,9,3,4,2
219,1,72,410,1160107157716,2006-09-20 01:19:41.989063111,338,67,84,84,103
220,1,23,160,1160107700716,2006-09-20 01:19:45.749577631,137,37,34,34,32
221,1,55,410,1160108168716,2006-09-20 01:19:48.990684068,355,162,58,81,54
222,1,9,150,1160108938716,2006-09-20 01:19:54.323273718,141,50,34,34,23
223,1,15,150,1160109617716,2006-09-20 01:19:59.025648227,135,61,20,30,24
224,1,13,150,1160109834716,2006-09-20 01:20:00.528468947,137,42,34,34,27
225,1,12,150,1160110380716,2006-09-20 01:20:04.309759790,138,52,33,29,24
226,1,37,190,1160110758716,2006-09-20 01:20:06.927576527,153,31,38,38,46
227,1,22,210,1160110938716,2006-09-20 01:20:08.174155926,188,37,47,47,57
228,1,75,410,1160111218716,2006-09-20 01:20:10.113279435,335,114,82,76,63
229,1,59,410,1160112681716,2006-09-20 01:20:20.245199770,351,106,87,87,71
230,1,27,160,1160113329716,2006-09-20 01:20:24.732885606,133,57,25,33,18
231,1,23,190,1160113812716,2006-09-20 01:20:28.077873659,167,67,28,41,31
232,1,28,210,1160114155716,2006-09-20 01:20:30.453299958,182,55,45,45,37
233,1,50,410,1160114585716,2006-09-20 01:20:33.431239633,360,95,90,90,85
234,1,1,10,1160115231716,2006-09-20 01:20:37.905074586,9,2,2,2,3
235,1,3,20,1160115653716,2006-09-20 01:20:40.827610732,17,3,4,4,6
236,1,1,20,1160116304716,2006-09-20 01:20:45.336072891,19,6,4,4,5
237,1,1,20,1160116820716,2006-09-20 01:20:48.909600500,19,5,4,4,6
238,1,2,20,1160117209716,2006-09-20 01:20:51.603597090,18,3,4,4,7
239,1,1,20,1160117378716,2006-09-20 01:20:52.773996636,19,6,4,4,5
240,1,3,20,1160117549716,2006-09-20 01:20:53.958247065,17,8,3,3,3
241,1,79,410,1160117928716,2006-09-20 01:20:56.582989244,331,154,63,72,42
242,1,76,410,1160119125716,2006-09-20 01:21:04.872742245,334,158,44,79,53
243,1,24,230,1160119764716,2006-09-20 01:21:09.298099111,206,58,51,51,46
244,1,15,290,1160120136716,2006-09-20 01:21:11.874363201,275,120,66,49,40
245,1,54,290,1160121510716,2006-09-20 01:21:21.389919278,236,107,58,56,15
246,1,1,10,1160122155716,2006-09-20 01:21:25.856828791,9,4,2,2,1
247,1,3,20,1160122419716,2006-09-20 01:21:27.685145242,17,3,4,4,6
248,1,3,20,1160122823716,2006-09-20 01:21:30.483023448,17,8,2,4,3
249,1,51,290,1160123284716,2006-09-20 01:21:33.675651797,239,94,58,47,40
250,1,1,20,1160124360716,2006-09-20 01:21:41.127426425,19,9,3,4,3
251,1,2,20,1160126579716,2006-09-20 01:21:56.494980235,18,3,4,4,7
252,1,1,10,1160127821716,2006-09-20 01:22:05.096378086,9,4,2,2,1
253,1,1,20,1160129300716,2006-09-20 01:22:15.339105479,19,3,4,4,8
254,1,1,10,1160155780716,2006-09-20 01:25:18.724785916,9,4,2,2,1
255,1,54,410,1160156126716,2006-09-20 01:25:21.120988538,356,146,71,89,50
256,2,85,450,1160156542716,2006-09-20 01:25:24.001972037,365,182,48,67,68
257,1,63,410,1160159776716,2006-09-20 01:25:46.398848568,347,170,72,43,62
258,1,1,10,1160162032716,2006-09-20 01:26:02.022643699,9,3,2,2,2
259,1,3,50,1160162120716,2006-09-20 01:26:02.632082516,47,19,9,10,9
260,1,7,50,1160163130716,2006-09-20 01:26:09.626778031,43,21,4,10,8
261,1,21,110,1160163754716,2006-09-20 01:26:13.948253280,89,44,20,8,17
262,1,7,110,1160164654716,2006-09-20 01:26:20.181150274,103,24,25,25,29
263,1,52,410,1160164797716,2006-09-20 01:26:21.171488351,358,131,82,76,69
264,1,19,110,1160165733716,2006-09-20 01:26:27.653701225,91,21,22,22,26
265,1,17,110,1160166663716,2006-09-20 01:26:34.094361452,93,20,23,23,27
266,1,1,10,1160167496716,2006-09-20 01:26:39.863253891,9,4,2,2,1
267,6,245,1580,1160167552716,2006-09-20 01:26:40.251078593,1335,315,333,333,354
268,7,202,1950,1160170943716,2006-09-20 01:27:03.735249377,1748,860,118,432,338
269,1,33,360,1160173176716,2006-09-20 01:27:19.199759363,327,156,54,80,37
270,1,3,20,1160173653716,2006-09-20 01:27:22.503194769,17,8,2,4,3
271,4,295,1720,1160173950716,2006-09-20 01:27:24.560050777,1425,290,356,356,423
272,1,73,410,1160175148716,2006-09-20 01:27:32.856729220,337,165,80,65,27
273,1,179,960,1160180502716,2006-09-20 01:28:09.935540891,781,192,195,195,199
274,1,243,1920,1160182806716,2006-09-20 01:28:25.891757195,1677,614,401,372,290
275,1,62,500,1160187064716,2006-09-20 01:28:55.380285416,438,181,95,107,55
276,1,10,60,1160188424716,2006-09-20 01:29:04.798885318,50,13,12,12,13
277,1,42,290,1160188739716,2006-09-20 01:29:06.980399266,248,111,46,42,49
278,1,32,210,1160189632716,2006-09-20 01:29:13.164818172,178,37,44,44,53
279,1,35,210,1160190209716,2006-09-20 01:29:17.160797689,175,52,43,43,37
280,2,368,2010,1160190891716,2006-09-20 01:29:21.883948522,1642,608,401,399,234
281,1,2,20,1160204698716,2006-09-20 01:30:57.503513846,18,8,4,3,3
282,2,213,2010,1160253070716,2006-09-20 01:36:32.500950933,1797,646,389,424,338
283,2,128,2010,1160288100716,2006-09-20 01:40:35.099152810,1882,530,470,470,412
284,1,16,120,1160289622716,2006-09-20 01:40:45.639674170,104,21,26,26,31
285,1,1,10,1160290286716,2006-09-20 01:40:50.238167063,9,2,2,2,3
286,1,1,10,1160291204716,2006-09-20 01:40:56.595721997,9,1,2,2,4
287,1,1,10,1160291464716,2006-09-20 01:40:58.396336684,9,4,2,2,1
288,1,26,290,1160291968716,2006-09-20 01:41:01.886759000,264,84,62,66,52
289,1,40,290,1160295185716,2006-09-20 01:41:24.165903032,250,92,61,53,44
290,1,1,10,1160296680716,2006-09-20 01:41:34.519437483,9,1,2,2,4
291,2,31,570,1160332719716,2006-09-20 01:45:44.105409433,539,132,134,134,139
292,2,185,1070,1160336662716,2006-09-20 01:46:11.412423707,885,189,221,221,254
293,2,111,1070,1160337647716,2006-09-20 01:46:18.233983194,959,226,239,239,255
294,2,73,1070,1160338500716,2006-09-20 01:46:24.141384456,997,371,197,230,199
295,2,137,1070,1160339298716,2006-09-20 01:46:29.667886457,933,449,208,231,45
296,2,177,1070,1160340114716,2006-09-20 01:46:35.319046398,893,320,199,197,177
297,1,1,10,1160343404716,2006-09-20 01:46:58.103747631,9,2,2,2,3
298,1,1,10,1160379403716,2006-09-20 01:51:07.412701937,9,4,2,2,1
299,1,1,10,1160380729716,2006-09-20 01:51:16.595836841,9,3,2,2,2
300,2,61,1070,1160405749716,2006-09-20 01:54:09.870373265,1009,251,252,252,254
301,2,138,1070,1160407400716,2006-09-20 01:54:21.304276528,932,338,232,197,165
302,2,140,1070,1160409032716,2006-09-20 01:54:32.606596410,930,243,232,232,223
303,1,1,10,1160410267716,2006-09-20 01:54:41.159516174,9,2,2,2,3
304,2,170,1070,1160410449716,2006-09-20 01:54:42.419946455,900,359,177,189,175
305,1,1,10,1160411548716,2006-09-20 01:54:50.031006228,9,3,2,2,2
306,2,67,530,1160412172716,2006-09-20 01:54:54.352481477,463,145,113,113,92
307,1,1,10,1160412742716,2006-09-20 01:54:58.299982906,9,1,2,2,4
308,2,340,2010,1160414343716,2006-09-20 01:55:09.387614114,1670,597,374,408,291
309,2,61,680,1160414933716,2006-09-20 01:55:13.473624366,619,230,116,153,120
310,1,1,10,1160415212716,2006-09-20 01:55:15.405822434,9,2,2,2,3
311,2,71,1160,1160415475716,2006-09-20 01:55:17.227213444,1089,263,272,272,282
312,1,1,10,1160415805716,2006-09-20 01:55:19.512609008,9,3,2,2,2
313,7,756,3890,1160415952716,2006-09-20 01:55:20.530648851,3134,1448,700,667,319
314,1,1,10,1160417601716,2006-09-20 01:55:31.950701231,9,4,2,2,1
315,7,600,3890,1160418191716,2006-09-20 01:55:36.036711483,3290,926,822,822,720
316,1,3,30,1160419360716,2006-09-20 01:55:44.132552133,27,6,6,6,9
317,7,295,3890,1160419587716,2006-09-20 01:55:45.704627264,3595,1354,729,822,690
318,7,271,3690,1160420993716,2006-09-20 01:55:55.441797456,3419,1339,662,797,621
319,1,2,30,1160421255716,2006-09-20 01:55:57.256263026,28,7,7,7,7
320,1,3,30,1160421846716,2006-09-20 01:56:01.349198718,27,11,6,5,5
321,1,4,30,1160422842716,2006-09-20 01:56:08.246938058,26,9,6,6,5
322,1,4,30,1160423305716,2006-09-20 01:56:11.453417289,26,11,6,4,5
323,1,1,20,1160424247716,2006-09-20 01:56:17.977182809,19,6,4,4,5
324,7,529,2740,1160424554716,2006-09-20 01:56:20.103293228,2211,1082,192,552,385
325,1,1,10,1160424605716,2006-09-20 01:56:20.456490724,9,1,2,2,4
326,1,3,30,1160425084716,2006-09-20 01:56:23.773777013,27,6,6,6,9
327,1,4,30,1160425472716,2006-09-20 01:56:26.460848162,26,10,6,5,5
328,1,3,30,1160426001716,2006-09-20 01:56:30.124406506,27,12,4,6,5
329,1,1,10,1160427404716,2006-09-20 01:56:39.840800375,9,1,2,2,4
330,1,3,30,1160427821716,2006-09-20 01:56:42.728709315,27,5,6,6,10
331,1,4,30,1160428320716,2006-09-20 01:56:46.184504426,26,11,6,4,5
332,2,104,2010,1160432357716,2006-09-20 01:57:14.142510163,1906,627,424,475,380
333,2,67,1000,1160432986716,2006-09-20 01:57:18.498612618,933,329,221,218,165
334,2,114,2010,1160433404716,2006-09-20 01:57:21.393446999,1896,663,457,465,311
335,2,112,2010,1160434258716,2006-09-20 01:57:27.307773702,1898,425,474,474,525
336,2,358,2010,1160435002716,2006-09-20 01:57:32.460301884,1652,826,176,381,269
337,2,312,2010,1160435777716,2006-09-20 01:57:37.827518739,1698,838,300,364,196
338,2,152,1260,1160441432716,2006-09-20 01:58:16.990888183,1108,438,261,235,174
339,2,49,770,1160442025716,2006-09-20 01:58:21.097674758,721,228,175,177,141
340,1,3,30,1160444789716,2006-09-20 01:58:40.239593969,27,5,6,6,10
341,1,7,60,1160445559716,2006-09-20 01:58:45.572183620,53,14,13,13,13
342,1,4,60,1160446551716,2006-09-20 01:58:52.442221195,56,20,12,13,11
343,1,28,250,1160448630716,2006-09-20 01:59:06.840213250,222,77,49,54,42
344,1,1,10,1160450804716,2006-09-20 01:59:21.896122211,9,2,2,2,3
345,1,37,260,1160453851716,2006-09-20 01:59:42.997941255,223,62,55,55,51
346,1,56,390,1160505600716,2006-09-20 02:05:41.382592951,334,123,62,83,66
347,1,22,390,1160506601716,2006-09-20 02:05:48.314959496,368,141,74,83,70
348,1,1,10,1160511210716,2006-09-20 02:06:20.234317545,9,4,2,2,1
349,1,1,10,1160511491716,2006-09-20 02:06:22.180366495,9,4,2,2,1
350,1,48,390,1160511558716,2006-09-20 02:06:22.644371049,342,147,43,84,68
351,1,69,390,1160512096716,2006-09-20 02:06:26.370258363,321,155,53,75,38
352,1,59,400,1160512657716,2006-09-20 02:06:30.255430822,341,151,60,73,57
353,1,29,390,1160513725716,2006-09-20 02:06:37.651801921,361,121,80,88,72
354,1,23,390,1160514798716,2006-09-20 02:06:45.082800226,367,105,91,91,80
355,1,8,60,1160515619716,2006-09-20 02:06:50.768587372,52,20,13,12,7
356,1,21,390,1160516228716,2006-09-20 02:06:54.986181005,369,139,65,92,73
357,1,53,390,1160517446716,2006-09-20 02:07:03.421368270,337,99,84,84,70
358,1,63,330,1160520282716,2006-09-20 02:07:23.061919241,267,92,65,58,52
359,4,222,1630,1160520725716,2006-09-20 02:07:26.129889650,1408,533,276,340,259
360,1,2,20,1160522627716,2006-09-20 02:07:39.302078630,18,3,4,4,7
361,1,2,20,1160523081716,2006-09-20 02:07:42.446228891,18,4,4,4,6
362,1,2,20,1160524063716,2006-09-20 02:07:49.247012055,18,7,4,4,3
363,1,1,10,1160524321716,2006-09-20 02:07:51.033775860,9,2,2,2,3
364,1,32,170,1160526791716,2006-09-20 02:08:08.139615387,138,36,34,34,34
365,2,70,650,1160532163716,2006-09-20 02:08:45.343084999,580,205,143,117,115
366,1,1,10,1160599378716,2006-09-20 02:16:30.836608810,9,3,2,2,2
367,1,3,20,1160599649716,2006-09-20 02:16:32.713403350,17,3,4,4,6
368,1,1,10,1160608057716,2006-09-20 02:17:30.942512153,9,3,2,2,2
369,1,1,10,1160608703716,2006-09-20 02:17:35.416347106,9,4,2,2,1
370,1,1,10,1160608904716,2006-09-20 02:17:36.808360768,9,2,2,2,3
371,1,1,10,1160608991716,2006-09-20 02:17:37.410874144,9,1,2,2,4
372,1,1,10,1160609080716,2006-09-20 02:17:38.027238402,9,2,2,2,3
373,1,1,10,1160610343716,2006-09-20 02:17:46.774070517,9,1,2,2,4
374,1,1,10,1160613995716,2006-09-20 02:18:12.065781429,9,3,2,2,2
375,1,1,10,1160614349716,2006-09-20 02:18:14.517387580,9,1,2,2,4
376,1,1,10,1160614533716,2006-09-20 02:18:15.791668743,9,4,2,2,1
377,1,1,10,1160614766716,2006-09-20 02:18:17.405296520,9,4,2,2,1
378,1,1,10,1160614844716,2006-09-20 02:18:17.945480926,9,1,2,2,4
379,1,1,10,1160615095716,2006-09-20 02:18:19.683766643,9,1,2,2,4
380,1,1,10,1160615162716,2006-09-20 02:18:20.147771197,9,1,2,2,4
381,1,1,10,1160615322716,2006-09-20 02:18:21.255841774,9,1,2,2,4
382,1,14,100,1160616109716,2006-09-20 02:18:26.706163923,86,20,21,21,24
383,1,18,100,1160616683716,2006-09-20 02:18:30.681367117,82,25,20,20,17
384,1,8,50,1160618184716,2006-09-20 02:18:41.076454214,42,12,10,10,10
385,1,35,210,1160618595716,2006-09-20 02:18:43.922810508,175,43,43,43,46
386,1,74,810,1160619887716,2006-09-20 02:18:52.870480414,736,298,170,155,113
387,1,1,10,1160625331716,2006-09-20 02:19:30.572581785,9,1,2,2,4
388,4,330,2030,1160625442716,2006-09-20 02:19:31.341305748,1700,438,425,425,412
389,1,1,10,1160675376716,2006-09-20 02:25:17.156281839,9,4,2,2,1
390,1,1,10,1160676626716,2006-09-20 02:25:25.813083220,9,4,2,2,1
391,4,117,1050,1160680298716,2006-09-20 02:25:51.243302954,933,281,233,233,186
392,1,11,110,1160681759716,2006-09-20 02:26:01.361372407,99,42,20,23,14
393,1,24,150,1160684477716,2006-09-20 02:26:20.184721328,126,56,18,30,22
395,1,2,20,1160684871716,2006-09-20 02:26:22.913345123,18,3,4,4,7
394,1,28,150,1160684880716,2006-09-20 02:26:22.975674093,122,36,30,30,26
396,1,48,270,1160685235716,2006-09-20 02:26:25.434205685,222,66,55,55,46
397,1,30,270,1160694404716,2006-09-20 02:27:28.933575168,240,77,55,60,48
398,1,4,30,1160698997716,2006-09-20 02:28:00.742126159,26,5,6,6,9
399,1,44,270,1160699258716,2006-09-20 02:28:02.549666287,226,106,38,52,30
400,1,1,10,1160700166716,2006-09-20 02:28:08.837966810,9,1,2,2,4
401,1,50,270,1160700274716,2006-09-20 02:28:09.585914449,220,56,55,55,54
402,1,33,270,1160701073716,2006-09-20 02:28:15.119341891,237,105,44,57,31
403,4,353,2030,1160702620716,2006-09-20 02:28:25.832999279,1677,434,419,419,405
404,1,1,10,1160707294716,2006-09-20 02:28:58.202511000,9,4,2,2,1
405,1,49,270,1160707372716,2006-09-20 02:28:58.742695406,221,104,36,48,33
406,1,29,270,1160710721716,2006-09-20 02:29:21.935997664,241,56,60,60,65
407,1,13,270,1160711315716,2006-09-20 02:29:26.049709680,257,121,48,50,38
408,1,20,110,1160717669716,2006-09-20 02:30:10.053962455,90,37,15,21,17
409,1,7,110,1160719023716,2006-09-20 02:30:19.431009710,103,34,25,24,20
410,1,4,50,1160719726716,2006-09-20 02:30:24.299594806,46,13,11,11,11
411,1,9,50,1160720586716,2006-09-20 02:30:30.255474156,41,10,10,10,11
412,1,9,50,1160721051716,2006-09-20 02:30:33.475804269,41,19,4,10,8
413,1,6,50,1160721836716,2006-09-20 02:30:38.912275536,44,11,11,11,11
414,1,1,10,1160764878716,2006-09-20 02:35:36.997111538,9,3,2,2,2
415,1,1,10,1160765238716,2006-09-20 02:35:39.490270336,9,1,2,2,4
416,1,1,10,1160765352716,2006-09-20 02:35:40.279770622,9,4,2,2,1
417,1,1,10,1160765407716,2006-09-20 02:35:40.660669882,9,1,2,2,4
418,1,1,10,1160765646716,2006-09-20 02:35:42.315850306,9,3,2,2,2
419,1,3,20,1160768491716,2006-09-20 02:36:02.018730247,17,3,4,4,6
420,1,1,10,1160770930716,2006-09-20 02:36:18.909881100,9,3,2,2,2
421,1,1,10,1160776859716,2006-09-20 02:36:59.970821406,9,1,2,2,4
422,1,1,20,1160777410716,2006-09-20 02:37:03.786739455,19,7,4,4,4
423,1,2,20,1160777687716,2006-09-20 02:37:05.705086641,18,4,4,4,6
424,1,1,20,1160778603716,2006-09-20 02:37:12.048790692,19,4,4,4,7
425,1,2,20,1160779309716,2006-09-20 02:37:16.938152111,18,9,3,3,3
426,1,1,10,1160779857716,2006-09-20 02:37:20.733293836,9,2,2,2,3
427,1,3,20,1160780378716,2006-09-20 02:37:24.341448652,17,7,3,4,3
428,1,2,20,1160780952716,2006-09-20 02:37:28.316651845,18,9,2,4,3
429,1,1,20,1160781339716,2006-09-20 02:37:30.996797553,19,5,4,4,6
430,1,10,150,1160781820716,2006-09-20 02:37:34.327934724,140,38,35,35,32
431,1,1,10,1160782152716,2006-09-20 02:37:36.627181170,9,2,2,2,3
432,1,4,30,1160782289716,2006-09-20 02:37:37.575966602,26,13,3,6,4
433,1,1,10,1160782960716,2006-09-20 02:37:42.222937582,9,4,2,2,1
434,1,1,10,1160783195716,2006-09-20 02:37:43.850416242,9,1,2,2,4
435,1,1,10,1160783261716,2006-09-20 02:37:44.307495355,9,1,2,2,4
436,1,9,150,1160783937716,2006-09-20 02:37:48.989093541,141,65,19,34,23
437,1,17,100,1160784085716,2006-09-20 02:37:50.014058825,83,28,20,20,15
438,1,42,270,1160784302716,2006-09-20 02:37:51.516879544,228,53,57,57,61
439,1,1,20,1160785600716,2006-09-20 02:38:00.506102097,19,4,4,4,7
440,1,5,90,1160786396716,2006-09-20 02:38:06.018753216,85,42,6,20,17
441,1,53,270,1160786741716,2006-09-20 02:38:08.408030397,217,71,53,52,41
442,1,1,10,1160787124716,2006-09-20 02:38:11.060474340,9,4,2,2,1
443,1,1,10,1160787244716,2006-09-20 02:38:11.891527272,9,4,2,2,1
444,1,1,10,1160787452716,2006-09-20 02:38:13.332019022,9,1,2,2,4
445,1,1,10,1160787622716,2006-09-20 02:38:14.509344010,9,1,2,2,4
446,1,1,10,1160787661716,2006-09-20 02:38:14.779436213,9,2,2,2,3
447,1,1,10,1160787788716,2006-09-20 02:38:15.658967233,9,4,2,2,1
448,1,1,10,1160787872716,2006-09-20 02:38:16.240704286,9,1,2,2,4
449,1,1,10,1160788188716,2006-09-20 02:38:18.429143675,9,3,2,2,2
450,1,3,20,1160788487716,2006-09-20 02:38:20.499850565,17,3,4,4,6
451,1,1,10,1160788792716,2006-09-20 02:38:22.612110102,9,1,2,2,4
452,1,1,10,1160788914716,2006-09-20 02:38:23.457013916,9,4,2,2,1
453,1,5,30,1160789577716,2006-09-20 02:38:28.048581368,25,8,6,6,5
454,1,2,30,1160790273716,2006-09-20 02:38:32.868688377,28,10,7,6,5
455,1,2,20,1160790516716,2006-09-20 02:38:34.551570565,18,5,4,4,5
456,1,1,20,1160790752716,2006-09-20 02:38:36.185974666,19,7,4,4,4
457,1,3,30,1160791012716,2006-09-20 02:38:37.986589353,27,10,6,6,5
458,1,1,30,1160791657716,2006-09-20 02:38:42.453498865,29,11,6,7,5
459,1,2,30,1160792005716,2006-09-20 02:38:44.863552369,28,14,3,6,5
460,1,2,30,1160792348716,2006-09-20 02:38:47.238978668,28,11,6,6,5
461,1,4,30,1160792487716,2006-09-20 02:38:48.201614981,26,6,6,6,8
462,1,4,30,1160793020716,2006-09-20 02:38:51.892875090,26,8,6,6,6
463,1,1,10,1160797621716,2006-09-20 02:39:23.756829610,9,4,2,2,1
464,1,5,30,1160797762716,2006-09-20 02:39:24.733316805,25,12,6,2,5
465,1,3,30,1160799473716,2006-09-20 02:39:36.582746534,27,11,5,6,5
466,1,25,270,1160945639716,2006-09-20 02:56:28.846770956,245,51,61,61,72
467,1,48,270,1160948763716,2006-09-20 02:56:50.481848965,222,105,42,54,21
468,1,22,270,1160962020716,2006-09-20 02:58:22.292421682,248,81,61,61,45
469,1,1,10,1160963082716,2006-09-20 02:58:29.647240134,9,2,2,2,3
470,1,1,10,1160966177716,2006-09-20 02:58:51.081480352,9,2,2,2,3
471,1,1,10,1160967327716,2006-09-20 02:58:59.045737621,9,4,2,2,1
472,1,1,10,1160967480716,2006-09-20 02:59:00.105330110,9,1,2,2,4
473,1,49,270,1160967896716,2006-09-20 02:59:02.986313609,221,75,51,55,40
474,1,3,30,1161020609716,2006-09-20 03:05:08.047090530,27,9,6,6,6
475,1,1,10,1161026403716,2006-09-20 03:05:48.173096287,9,4,2,2,1
476,1,1,10,1161027548716,2006-09-20 03:05:56.102726351,9,3,2,2,2
477,1,2,20,1161027978716,2006-09-20 03:05:59.080666026,18,5,4,4,5
478,1,1,10,1161029625716,2006-09-20 03:06:10.486867524,9,4,2,2,1
479,1,34,270,1161030668716,2006-09-20 03:06:17.710102596,236,103,44,56,33
480,1,1,10,1161031363716,2006-09-20 03:06:22.523284163,9,1,2,2,4
481,1,1,10,1161031627716,2006-09-20 03:06:24.351600615,9,1,2,2,4
482,1,2,20,1161031891716,2006-09-20 03:06:26.179917066,18,8,3,4,3
483,1,21,150,1161032320716,2006-09-20 03:06:29.150931300,129,55,17,32,25
484,1,1,10,1161032853716,2006-09-20 03:06:32.842191408,9,1,2,2,4
485,1,1,10,1161033239716,2006-09-20 03:06:35.515411674,9,2,2,2,3
486,1,1,10,1161033291716,2006-09-20 03:06:35.875534612,9,2,2,2,3
487,1,24,270,1161033453716,2006-09-20 03:06:36.997456071,246,51,61,61,73
488,1,1,10,1161033743716,2006-09-20 03:06:39.005833991,9,4,2,2,1
489,1,1,10,1161033838716,2006-09-20 03:06:39.663750896,9,3,2,2,2
490,1,1,10,1161033977716,2006-09-20 03:06:40.626387209,9,1,2,2,4
491,1,1,10,1161034056716,2006-09-20 03:06:41.173497056,9,3,2,2,2
492,1,1,20,1161043583716,2006-09-20 03:07:47.152174455,19,6,4,4,5
493,1,21,270,1161045709716,2006-09-20 03:08:01.875662242,249,122,47,46,34
494,1,32,270,1161047088716,2006-09-20 03:08:11.425845525,238,118,51,33,36
495,1,27,270,1161051485716,2006-09-20 03:08:41.877010060,243,71,60,60,52
496,1,1,10,1161110452716,2006-09-20 03:15:30.249495645,9,4,2,2,1
497,1,16,270,1161111246716,2006-09-20 03:15:35.748295882,254,57,63,63,71
498,1,52,270,1161111928716,2006-09-20 03:15:40.471446715,218,78,52,52,36
499,1,29,150,1161112769716,2006-09-20 03:15:46.295742683,121,51,27,23,20
500,1,41,270,1161113256716,2006-09-20 03:15:49.668432501,229,85,45,57,42
501,1,35,270,1161114533716,2006-09-20 03:15:58.512220791,235,73,58,57,47
502,1,2,30,1161115034716,2006-09-20 03:16:01.981866784,28,5,7,7,9
503,1,46,270,1161115214716,2006-09-20 03:16:03.228446183,224,76,52,55,41
504,1,4,30,1161115802716,2006-09-20 03:16:07.300605552,26,7,6,6,7
505,1,20,270,1161115988716,2006-09-20 03:16:08.588737597,250,55,62,62,71
506,1,50,270,1161116303716,2006-09-20 03:16:10.770251545,220,90,55,32,43
507,1,46,270,1161116763716,2006-09-20 03:16:13.955954453,224,53,56,56,59
508,1,51,270,1161117212716,2006-09-20 03:16:17.065477509,219,98,53,42,26
509,1,42,270,1161117722716,2006-09-20 03:16:20.597452472,228,49,57,57,65
510,1,38,270,1161119919716,2006-09-20 03:16:35.812646577,232,78,55,53,46
511,1,1,10,1161123641716,2006-09-20 03:17:01.589138367,9,2,2,2,3
512,1,28,150,1161127881716,2006-09-20 03:17:30.953008648,122,55,27,16,24
513,1,48,270,1161127989716,2006-09-20 03:17:31.700956287,222,54,55,55,58
514,1,1,10,1161128390716,2006-09-20 03:17:34.478058170,9,1,2,2,4
515,1,1,10,1161129939716,2006-09-20 03:17:45.205566440,9,2,2,2,3
516,1,1,10,1161130413716,2006-09-20 03:17:48.488225524,9,3,2,2,2
517,1,1,10,1161130701716,2006-09-20 03:17:50.482752562,9,1,2,2,4
518,1,29,150,1161130898716,2006-09-20 03:17:51.847064459,121,45,22,30,24
519,1,1,20,1161131024716,2006-09-20 03:17:52.719670038,19,7,4,4,4
520,1,1,10,1161131094716,2006-09-20 03:17:53.204450916,9,1,2,2,4
521,1,1,10,1161131785716,2006-09-20 03:17:57.989930719,9,2,2,2,3
522,1,1,10,1161132278716,2006-09-20 03:18:01.404173183,9,1,2,2,4
523,1,47,270,1161132429716,2006-09-20 03:18:02.449914790,223,44,55,55,69
524,1,47,270,1161133799716,2006-09-20 03:18:11.937769102,223,64,55,55,49
525,1,18,150,1161134359716,2006-09-20 03:18:15.816016121,132,31,33,33,35
526,6,210,1880,1161134708716,2006-09-20 03:18:18.232995066,1670,809,306,315,240
527,1,2,30,1161134941716,2006-09-20 03:18:19.846622843,28,9,7,7,5
528,1,13,230,1161135463716,2006-09-20 03:18:23.461703099,217,45,54,54,64
529,1,32,180,1161135948716,2006-09-20 03:18:26.820542035,148,51,35,37,25
530,1,46,270,1161136221716,2006-09-20 03:18:28.711187456,224,80,53,56,35
531,1,1,10,1161194329716,2006-09-20 03:25:11.134719133,9,3,2,2,2
532,1,1,10,1161195518716,2006-09-20 03:25:19.369068606,9,1,2,2,4
533,1,1,10,1161195640716,2006-09-20 03:25:20.213972421,9,1,2,2,4
534,1,1,10,1161196836716,2006-09-20 03:25:28.496799981,9,2,2,2,3
535,1,1,10,1161197041716,2006-09-20 03:25:29.916515407,9,1,2,2,4
536,1,1,10,1161208155716,2006-09-20 03:26:46.885867838,9,2,2,2,3
537,1,1,10,1161208335716,2006-09-20 03:26:48.132447237,9,1,2,2,4
538,1,1,10,1161209101716,2006-09-20 03:26:53.437335123,9,3,2,2,2
539,1,1,10,1161210587716,2006-09-20 03:27:03.728540604,9,1,2,2,4
540,1,1,10,1161213375716,2006-09-20 03:27:23.036670402,9,1,2,2,4
541,1,1,10,1161214798716,2006-09-20 03:27:32.891573093,9,4,2,2,1
542,1,1,20,1161215204716,2006-09-20 03:27:35.703302181,19,8,4,4,3
543,1,3,20,1161215344716,2006-09-20 03:27:36.672863936,17,3,4,4,6
544,1,1,10,1161215541716,2006-09-20 03:27:38.037175833,9,1,2,2,4
545,1,1,10,1161215605716,2006-09-20 03:27:38.480404064,9,4,2,2,1
546,1,1,10,1161215720716,2006-09-20 03:27:39.276829791,9,4,2,2,1
547,1,1,10,1161216040716,2006-09-20 03:27:41.492970944,9,2,2,2,3
548,1,1,10,1161216177716,2006-09-20 03:27:42.441756375,9,4,2,2,1
549,1,44,270,1161216378716,2006-09-20 03:27:43.833770037,226,83,51,56,36
550,1,2,20,1161216465716,2006-09-20 03:27:44.436283413,18,4,4,4,6
551,1,1,10,1161216728716,2006-09-20 03:27:46.257674424,9,2,2,2,3
552,1,35,270,1161216870716,2006-09-20 03:27:47.241087061,235,49,58,58,70
553,1,30,230,1161217178716,2006-09-20 03:27:49.374122921,200,98,23,39,40
554,1,5,30,1161217729716,2006-09-20 03:27:53.190040969,25,10,4,6,5
555,1,3,30,1161218172716,2006-09-20 03:27:56.258011378,27,13,3,6,5
556,1,18,270,1161218525716,2006-09-20 03:27:58.702692088,252,96,57,53,46
557,1,14,270,1161218966716,2006-09-20 03:28:01.756811615,256,64,64,64,64
558,1,83,510,1161219331716,2006-09-20 03:28:04.284597618,427,150,96,98,83
559,1,2,20,1161224979716,2006-09-20 03:28:43.399488974,18,9,3,4,2
560,1,3,20,1161225662716,2006-09-20 03:28:48.129565248,17,6,4,4,3
561,1,1,10,1161283667716,2006-09-20 03:35:29.839776491,9,2,2,2,3
562,1,1,20,1161283908716,2006-09-20 03:35:31.508807797,19,8,4,4,3
563,1,1,10,1161284096716,2006-09-20 03:35:32.810790724,9,2,2,2,3
564,1,32,320,1161284198716,2006-09-20 03:35:33.517185717,288,138,50,57,43
565,1,44,320,1161285404716,2006-09-20 03:35:41.869267689,276,105,48,69,54
566,1,35,330,1161286212716,2006-09-20 03:35:47.465024101,295,96,67,73,59
567,1,1,10,1161287682716,2006-09-20 03:35:57.645422524,9,4,2,2,1
568,8,406,2190,1161288680716,2006-09-20 03:36:04.557012746,1784,690,321,439,334
569,1,2,20,1161289473716,2006-09-20 03:36:10.048887541,18,4,4,4,6
570,1,34,270,1161289549716,2006-09-20 03:36:10.575221065,236,97,49,47,43
571,9,432,2580,1161289933716,2006-09-20 03:36:13.234590449,2148,566,537,537,508
572,3,84,770,1161290370716,2006-09-20 03:36:16.261008212,686,320,74,164,128
573,9,369,2580,1161290429716,2006-09-20 03:36:16.669609237,2211,949,336,517,409
574,1,3,20,1161290460716,2006-09-20 03:36:16.884297911,17,8,2,4,3
575,1,1,10,1161290653716,2006-09-20 03:36:18.220908044,9,2,2,2,3
576,1,1,20,1161290817716,2006-09-20 03:36:19.356680385,19,7,4,4,4
577,1,1,10,1161290917716,2006-09-20 03:36:20.049224495,9,2,2,2,3
578,1,1,10,1161296969716,2006-09-20 03:37:01.961994057,9,3,2,2,2
579,1,1,10,1161297805716,2006-09-20 03:37:07.751662821,9,3,2,2,2
580,1,17,150,1161300314716,2006-09-20 03:37:25.127594551,133,36,33,33,31
581,1,19,100,1161306614716,2006-09-20 03:38:08.757873506,81,34,19,18,10
582,1,33,270,1161307891716,2006-09-20 03:38:17.601661796,237,101,45,58,33
583,1,1,20,1161308064716,2006-09-20 03:38:18.799763107,19,5,4,4,6
584,1,39,270,1161308286716,2006-09-20 03:38:20.337211033,231,61,57,57,56
585,1,30,350,1161310215716,2006-09-20 03:38:33.696386922,320,71,80,80,89
586,1,7,120,1161310868716,2006-09-20 03:38:38.218699963,113,25,28,28,32
587,1,1,10,1161310907716,2006-09-20 03:38:38.488792166,9,4,2,2,1
588,1,18,270,1161311168716,2006-09-20 03:38:40.296332295,252,53,63,63,73
589,1,3,50,1161311629716,2006-09-20 03:38:43.488960644,47,16,11,11,9
590,1,19,270,1161311946716,2006-09-20 03:38:45.684325474,251,74,62,62,53
591,1,39,270,1161312373716,2006-09-20 03:38:48.641488825,231,112,47,28,44
592,1,30,390,1161313053716,2006-09-20 03:38:53.350788776,360,98,90,90,82
593,1,33,330,1161313904716,2006-09-20 03:38:59.244339155,297,90,74,74,59
594,1,97,530,1161314458716,2006-09-20 03:39:03.081033527,433,146,102,101,84
595,1,1,10,1161365859716,2006-09-20 03:44:59.055631719,9,3,2,2,2
596,1,1,10,1161366705716,2006-09-20 03:45:04.914554893,9,1,2,2,4
597,1,1,10,1161367048716,2006-09-20 03:45:07.289981191,9,1,2,2,4
598,1,3,50,1161367953716,2006-09-20 03:45:13.557505391,47,10,11,11,15
599,1,1,10,1161368438716,2006-09-20 03:45:16.916344326,9,4,2,2,1
600,1,1,10,1161369000716,2006-09-20 03:45:20.808442227,9,2,2,2,3
601,1,1,10,1161369273716,2006-09-20 03:45:22.699087648,9,1,2,2,4
602,1,1,20,1161369737716,2006-09-20 03:45:25.912492320,19,8,4,4,3
603,1,25,400,1161370269716,2006-09-20 03:45:29.596826988,375,95,93,93,94
604,1,26,390,1161370801716,2006-09-20 03:45:33.281161655,364,141,60,91,72
605,1,47,400,1161371228716,2006-09-20 03:45:36.238325007,353,74,88,88,103
606,1,31,390,1161372878716,2006-09-20 03:45:47.665302828,359,175,35,87,62
607,1,40,390,1161373035716,2006-09-20 03:45:48.752597082,350,115,79,86,70
608,1,1,10,1161375116716,2006-09-20 03:46:03.164440019,9,2,2,2,3
609,1,61,400,1161375256716,2006-09-20 03:46:04.134001774,339,156,76,66,41
610,1,22,400,1161376895716,2006-09-20 03:46:15.484799743,378,147,87,93,51
611,7,662,3900,1161376940716,2006-09-20 03:46:15.796444593,3238,693,809,809,927
612,1,77,540,1161377194716,2006-09-20 03:46:17.555506634,463,212,99,89,63
613,1,1,10,1161377334716,2006-09-20 03:46:18.525068388,9,3,2,2,2
614,1,72,400,1161377496716,2006-09-20 03:46:19.646989847,328,127,69,79,53
615,1,1,10,1161377962716,2006-09-20 03:46:22.874245401,9,1,2,2,4
616,1,1,10,1161378248716,2006-09-20 03:46:24.854921557,9,2,2,2,3
617,1,1,10,1161378703716,2006-09-20 03:46:28.005997260,9,4,2,2,1
618,1,1,10,1161379120716,2006-09-20 03:46:30.893906200,9,1,2,2,4
619,1,1,10,1161379793716,2006-09-20 03:46:35.554728063,9,4,2,2,1
620,1,1,10,1161380079716,2006-09-20 03:46:37.535404219,9,1,2,2,4
621,1,1,10,1161380237716,2006-09-20 03:46:38.629623913,9,3,2,2,2
622,1,1,10,1161380346716,2006-09-20 03:46:39.384496994,9,1,2,2,4
623,1,1,10,1161380430716,2006-09-20 03:46:39.966234046,9,4,2,2,1
624,1,1,10,1161380665716,2006-09-20 03:46:41.593712706,9,3,2,2,2
625,1,1,10,1161382639716,2006-09-20 03:46:55.264533445,9,3,2,2,2
626,1,1,10,1161385069716,2006-09-20 03:47:12.093355328,9,3,2,2,2
627,1,1,10,1161385301716,2006-09-20 03:47:13.700057664,9,4,2,2,1
628,1,1,10,1161385426716,2006-09-20 03:47:14.565737802,9,2,2,2,3
629,1,1,10,1161385525716,2006-09-20 03:47:15.251356472,9,2,2,2,3
630,1,3,20,1161386645716,2006-09-20 03:47:23.007850508,17,4,4,4,5
631,1,18,100,1161388535716,2006-09-20 03:47:36.096934195,82,38,15,14,15
632,1,67,530,1161388835716,2006-09-20 03:47:38.174566526,463,200,81,103,79
633,1,12,100,1161389481716,2006-09-20 03:47:42.648401480,88,43,12,18,15
634,1,6,100,1161390718716,2006-09-20 03:47:51.215172125,94,32,23,22,17
635,1,11,100,1161391362716,2006-09-20 03:47:55.675156196,89,27,22,22,18
636,1,51,400,1161392485716,2006-09-20 03:48:03.452426556,349,86,87,87,89
637,1,1,20,1161392884716,2006-09-20 03:48:06.215677557,19,4,4,4,7
639,2,79,880,1161393210716,2006-09-20 03:48:08.473371357,801,197,200,200,204
638,1,10,100,1161393224716,2006-09-20 03:48:08.570327532,90,20,22,22,26
640,1,5,100,1161393507716,2006-09-20 03:48:10.530227365,95,37,22,17,19
641,1,1,20,1161394022716,2006-09-20 03:48:14.096829533,19,9,3,4,3
642,1,1,10,1161394511716,2006-09-20 03:48:17.483370233,9,4,2,2,1
643,1,1,10,1161567717716,2006-09-20 04:08:17.011322109,9,2,2,2,3
644,1,1,10,1161570293716,2006-09-20 04:08:34.851258393,9,3,2,2,2
645,1,3,20,1161571148716,2006-09-20 04:08:40.772510537,17,3,4,4,6
646,1,2,20,1161572360716,2006-09-20 04:08:49.166145155,18,3,4,4,7
647,1,3,20,1161574693716,2006-09-20 04:09:05.323199251,17,8,3,4,2
648,1,1,10,1161574848716,2006-09-20 04:09:06.396642622,9,4,2,2,1
649,1,6,50,1161575145716,2006-09-20 04:09:08.453498630,44,16,9,11,8
650,1,2,40,1161575729716,2006-09-20 04:09:12.497956235,38,19,6,6,7
651,1,1,10,1161575992716,2006-09-20 04:09:14.319347246,9,4,2,2,1
652,1,6,50,1161576079716,2006-09-20 04:09:14.921860622,44,17,10,9,8
653,1,8,50,1161577055716,2006-09-20 04:09:21.681091139,42,20,5,9,8
654,1,2,20,1161577417716,2006-09-20 04:09:24.188100819,18,6,4,4,4
655,1,1,20,1161577607716,2006-09-20 04:09:25.503934629,19,9,4,4,2
656,1,1,20,1161577784716,2006-09-20 04:09:26.729737704,19,9,4,4,2
657,1,5,50,1161577953716,2006-09-20 04:09:27.900137251,45,9,11,11,14
658,1,7,50,1161578922716,2006-09-20 04:09:34.610889681,43,19,8,9,7
659,1,5,40,1161579717716,2006-09-20 04:09:40.116615358,35,15,5,8,7
660,1,2,20,1161628658716,2006-09-20 04:15:19.054628434,18,8,4,4,2
661,1,1,10,1161628904716,2006-09-20 04:15:20.758286945,9,4,2,2,1
662,1,1,10,1161629001716,2006-09-20 04:15:21.430054733,9,2,2,2,3
663,1,5,60,1161630743716,2006-09-20 04:15:33.494173136,55,23,13,12,7
664,1,26,410,1161635266716,2006-09-20 04:16:04.817943250,384,108,96,96,84
665,1,29,400,1161636494716,2006-09-20 04:16:13.322384926,371,126,84,91,70
666,1,1,10,1161647264716,2006-09-20 04:17:27.909385617,9,2,2,2,3
667,10,229,3100,1161651074716,2006-09-20 04:17:54.295316223,2871,1155,536,609,571
668,1,1,10,1161651539716,2006-09-20 04:17:57.515646337,9,2,2,2,3
669,1,1,20,1161652599716,2006-09-20 04:18:04.856613907,19,5,4,4,6
670,1,3,40,1161653802716,2006-09-20 04:18:13.187919555,37,14,9,7,7
671,1,1,10,1161654391716,2006-09-20 04:18:17.267004366,9,3,2,2,2
672,1,1,10,1161654458716,2006-09-20 04:18:17.731008919,9,3,2,2,2
673,1,5,40,1161655893716,2006-09-20 04:18:27.669016904,35,9,8,8,10
674,1,1,10,1161656008716,2006-09-20 04:18:28.465442631,9,3,2,2,2
675,1,1,10,1161656723716,2006-09-20 04:18:33.417133020,9,4,2,2,1
676,1,2,40,1161658210716,2006-09-20 04:18:43.715263942,38,11,9,9,9
677,1,1,10,1161658343716,2006-09-20 04:18:44.636347609,9,4,2,2,1
678,1,76,390,1161660616716,2006-09-20 04:19:00.377875239,314,85,78,78,73
679,1,10,60,1161720421716,2006-09-20 04:25:54.553880469,50,24,9,8,9
680,1,10,60,1161720768716,2006-09-20 04:25:56.957008532,50,13,12,12,13
681,1,1,10,1161721657716,2006-09-20 04:26:03.113725674,9,4,2,2,1
682,1,58,770,1161721924716,2006-09-20 04:26:04.962818448,712,216,178,177,141
683,1,1,10,1161722171716,2006-09-20 04:26:06.673402401,9,2,2,2,3
684,1,1,10,1161722279716,2006-09-20 04:26:07.421350040,9,1,2,2,4
685,1,1,10,1161722483716,2006-09-20 04:26:08.834140026,9,2,2,2,3
686,1,5,40,1161722906716,2006-09-20 04:26:11.763601613,35,14,7,7,7
687,1,15,170,1161723017716,2006-09-20 04:26:12.532325575,155,32,38,38,47
688,1,6,40,1161723556716,2006-09-20 04:26:16.265138330,34,16,5,7,6
689,1,1,10,1161723953716,2006-09-20 04:26:19.014538449,9,1,2,2,4
690,1,3,40,1161724130716,2006-09-20 04:26:20.240341524,37,18,7,6,6
691,1,60,530,1161724552716,2006-09-20 04:26:23.162877670,470,211,115,68,76
692,1,49,390,1161728703716,2006-09-20 04:26:51.910383693,341,151,69,72,49
693,1,45,530,1161729490716,2006-09-20 04:26:57.360705842,485,209,69,110,97
694,1,10,160,1161735671716,2006-09-20 04:27:40.166857306,150,55,33,36,26
695,1,8,60,1161736309716,2006-09-20 04:27:44.585288731,52,20,12,10,10
696,1,46,500,1161739616716,2006-09-20 04:28:07.487722462,454,92,113,113,136
697,1,80,590,1161740495716,2006-09-20 04:28:13.575185193,510,235,95,87,93
698,1,28,390,1161742039716,2006-09-20 04:28:24.268066257,362,76,90,90,106
699,1,25,210,1161743693716,2006-09-20 04:28:35.722745843,185,59,44,46,36
700,1,100,770,1161745262716,2006-09-20 04:28:46.588762936,670,263,118,162,127
701,1,12,210,1161746132716,2006-09-20 04:28:52.613896696,198,40,49,49,60
702,1,6,60,1161747046716,2006-09-20 04:28:58.943749865,54,10,13,13,18
703,1,14,210,1161747283716,2006-09-20 04:29:00.585079407,196,75,41,41,39
704,1,36,610,1161748720716,2006-09-20 04:29:10.536938274,574,122,143,143,166
705,1,77,390,1161750011716,2006-09-20 04:29:19.477682739,313,136,51,71,55
706,1,75,770,1161752569716,2006-09-20 04:29:37.192961083,695,176,173,173,173
707,1,1,10,1161752831716,2006-09-20 04:29:39.007426653,9,3,2,2,2
708,1,3,40,1161754396716,2006-09-20 04:29:49.845741981,37,9,9,9,10
709,1,1,10,1161754692716,2006-09-20 04:29:51.895672547,9,2,2,2,3
710,1,6,40,1161754759716,2006-09-20 04:29:52.359677101,34,6,8,8,12
711,1,5,40,1161755092716,2006-09-20 04:29:54.665848989,35,11,8,8,8
712,1,1,10,1161755319716,2006-09-20 04:29:56.237924120,9,2,2,2,3
713,1,4,40,1161755420716,2006-09-20 04:29:56.937393671,36,18,5,7,6
714,1,6,60,1161756861716,2006-09-20 04:30:06.916954302,54,23,12,11,8
715,1,107,570,1161759696716,2006-09-20 04:30:26.550579832,463,228,61,93,81
716,1,17,100,1161797872716,2006-09-20 04:34:50.936219422,83,18,20,20,25
717,1,1,10,1161802644716,2006-09-20 04:35:23.984424371,9,3,2,2,2
718,1,1,20,1161803703716,2006-09-20 04:35:31.318466500,19,3,4,4,8
719,1,9,60,1161804387716,2006-09-20 04:35:36.055468215,51,17,12,12,10
720,1,11,60,1161804839716,2006-09-20 04:35:39.185767594,49,24,9,10,6
721,1,4,60,1161805078716,2006-09-20 04:35:40.840948018,56,18,13,14,11
722,1,1,10,1161805136716,2006-09-20 04:35:41.242623602,9,1,2,2,4
723,1,64,400,1161805390716,2006-09-20 04:35:43.001685643,336,167,31,82,56
724,1,53,390,1161805748716,2006-09-20 04:35:45.480993558,337,96,84,84,73
725,1,37,210,1161806471716,2006-09-20 04:35:50.488087476,173,68,32,43,30
726,1,40,570,1161807137716,2006-09-20 04:35:55.100431252,530,110,132,132,156
727,1,6,40,1161807413716,2006-09-20 04:35:57.011852996,34,8,8,8,10
728,1,3,40,1161808892716,2006-09-20 04:36:07.254580389,37,17,9,5,6
729,1,2,40,1161809044716,2006-09-20 04:36:08.307247437,38,10,9,9,10
730,1,2,40,1161809383716,2006-09-20 04:36:10.654971971,38,15,7,9,7
731,1,10,60,1161809563716,2006-09-20 04:36:11.901551370,50,19,9,12,10
732,1,8,60,1161809635716,2006-09-20 04:36:12.400183130,52,17,13,12,10
733,1,5,40,1161810316716,2006-09-20 04:36:17.116408522,35,14,7,8,6
734,1,40,390,1161810456716,2006-09-20 04:36:18.085970276,350,120,85,80,65
735,1,9,50,1161810823716,2006-09-20 04:36:20.627607161,41,8,10,10,13
736,1,1,10,1161812658716,2006-09-20 04:36:33.335791587,9,3,2,2,2
737,1,1,10,1161814675716,2006-09-20 04:36:47.304406294,9,3,2,2,2
738,1,6,60,1161816373716,2006-09-20 04:36:59.063805289,54,24,7,13,10
739,1,56,530,1161816758716,2006-09-20 04:37:01.730100114,474,146,118,118,92
740,1,7,60,1161817992716,2006-09-20 04:37:10.276094437,53,15,13,13,12
741,1,5,60,1161818604716,2006-09-20 04:37:14.514464392,55,16,13,13,13
742,1,4,30,1161819121716,2006-09-20 04:37:18.094917443,26,7,6,6,7
743,1,48,390,1161819340716,2006-09-20 04:37:19.611589045,342,74,85,85,98
744,1,48,570,1161819583716,2006-09-20 04:37:21.294471233,522,145,130,130,117
745,1,7,40,1161820020716,2006-09-20 04:37:24.320888996,33,9,8,8,8
746,1,6,60,1161820205716,2006-09-20 04:37:25.602095600,54,24,13,11,6
747,1,69,530,1161820342716,2006-09-20 04:37:26.550881031,461,124,115,115,107
748,1,7,40,1161820386716,2006-09-20 04:37:26.855600440,33,9,8,8,8
749,1,15,110,1161820689716,2006-09-20 04:37:28.954009094,95,25,23,23,24
750,1,31,470,1161821866716,2006-09-20 04:37:37.105253274,439,124,109,109,97
751,1,74,390,1161822873716,2006-09-20 04:37:44.079172466,316,119,55,79,63
752,1,66,460,1161822896716,2006-09-20 04:37:44.238457611,394,178,66,94,56
753,1,11,110,1161823138716,2006-09-20 04:37:45.914414358,99,19,24,24,32
754,1,33,470,1161823653716,2006-09-20 04:37:49.481016527,437,172,70,109,86
755,1,6,40,1161824509716,2006-09-20 04:37:55.409194112,34,10,8,8,8
756,1,81,570,1161825174716,2006-09-20 04:38:00.014612446,489,219,88,97,85
757,1,80,620,1161825775716,2006-09-20 04:38:04.176802550,540,266,77,124,73
758,1,11,60,1161826153716,2006-09-20 04:38:06.794619287,49,21,10,12,6
759,1,6,40,1161826555716,2006-09-20 04:38:09.578646611,34,13,7,8,6
760,1,7,100,1161827151716,2006-09-20 04:38:13.706209509,93,46,20,12,15
761,1,51,530,1161827636716,2006-09-20 04:38:17.065048445,479,170,107,108,94
762,1,5,60,1161828689716,2006-09-20 04:38:24.357537927,55,14,13,13,15
763,5,286,1770,1161829271716,2006-09-20 04:38:28.388144650,1484,587,255,356,286
764,5,97,1770,1161830343716,2006-09-20 04:38:35.812217513,1673,616,373,369,315
765,1,5,40,1161830986716,2006-09-20 04:38:40.265276143,35,17,8,4,6
766,1,26,160,1161831893716,2006-09-20 04:38:46.546651225,134,65,15,33,21
767,1,7,40,1161832313716,2006-09-20 04:38:49.455336488,33,13,8,8,4
768,1,1,10,1161833320716,2006-09-20 04:38:56.429255680,9,2,2,2,3
769,1,27,160,1161834696716,2006-09-20 04:39:05.958662639,133,37,33,33,30
770,1,2,40,1161834778716,2006-09-20 04:39:06.526548810,38,16,6,9,7
771,1,7,40,1161835371716,2006-09-20 04:39:10.633335385,33,13,7,8,5
772,1,2,30,1161835886716,2006-09-20 04:39:14.199937553,28,13,3,7,5
773,1,3,30,1161836128716,2006-09-20 04:39:15.875894301,27,12,6,4,5
774,2,83,490,1161855512716,2006-09-20 04:41:30.118644662,407,200,61,72,74
775,1,1,10,1161855733716,2006-09-20 04:41:31.649167146,9,3,2,2,2
776,1,1,10,1161856109716,2006-09-20 04:41:34.253133001,9,2,2,2,3
777,1,1,10,1161856230716,2006-09-20 04:41:35.091111375,9,1,2,2,4
778,1,1,10,1161856621716,2006-09-20 04:41:37.798958847,9,4,2,2,1
779,1,1,10,1161857137716,2006-09-20 04:41:41.372486456,9,3,2,2,2
780,1,1,10,1161857316716,2006-09-20 04:41:42.612140414,9,2,2,2,3
781,1,1,10,1161857574716,2006-09-20 04:41:44.398904219,9,1,2,2,4
782,1,1,10,1161857740716,2006-09-20 04:41:45.548527442,9,2,2,2,3
783,1,1,10,1161858122716,2006-09-20 04:41:48.194045944,9,3,2,2,2
784,2,37,490,1161858337716,2006-09-20 04:41:49.683015781,453,118,113,113,109
785,1,1,10,1161858817716,2006-09-20 04:41:53.007227511,9,2,2,2,3
786,1,1,10,1161859015716,2006-09-20 04:41:54.378464850,9,4,2,2,1
787,1,1,10,1161859248716,2006-09-20 04:41:55.992092627,9,1,2,2,4
788,1,1,10,1161859406716,2006-09-20 04:41:57.086312322,9,2,2,2,3
789,1,3,20,1161859568716,2006-09-20 04:41:58.208233781,17,5,4,4,4
790,1,12,170,1161888094716,2006-09-20 04:45:15.763366716,158,53,35,39,31
791,1,8,60,1161889935716,2006-09-20 04:45:28.513103789,52,23,10,13,6
792,1,1,10,1161890188716,2006-09-20 04:45:30.265240388,9,2,2,2,3
793,1,11,80,1161890501716,2006-09-20 04:45:32.432903453,69,26,16,15,12
794,5,93,1770,1161890715716,2006-09-20 04:45:33.914947850,1677,805,118,419,335
795,1,10,60,1161895955716,2006-09-20 04:46:10.204259235,50,24,9,9,8
796,1,11,60,1161896146716,2006-09-20 04:46:11.527018486,49,16,12,12,9
797,1,12,90,1161896349716,2006-09-20 04:46:12.932883030,78,29,19,15,15
798,5,273,1770,1161899093716,2006-09-20 04:46:31.936293420,1497,607,353,294,243
799,1,1,10,1161899941716,2006-09-20 04:46:37.809067476,9,1,2,2,4
800,1,1,10,1161900241716,2006-09-20 04:46:39.886699807,9,2,2,2,3
801,1,1,10,1161900453716,2006-09-20 04:46:41.354893321,9,1,2,2,4
802,1,1,10,1161900602716,2006-09-20 04:46:42.386784046,9,3,2,2,2
803,1,1,10,1161901116716,2006-09-20 04:46:45.946460773,9,3,2,2,2
804,1,5,50,1161901266716,2006-09-20 04:46:46.985276939,45,12,11,11,11
805,1,8,50,1161901464716,2006-09-20 04:46:48.356514278,42,16,9,9,8
806,1,9,50,1161901776716,2006-09-20 04:46:50.517251902,41,13,10,10,8
807,1,32,170,1161903327716,2006-09-20 04:47:01.258611055,138,28,34,34,42
808,1,2,20,1161903717716,2006-09-20 04:47:03.959533085,18,9,3,3,3
809,1,1,10,1161903750716,2006-09-20 04:47:04.188072642,9,2,2,2,3
810,1,11,60,1161903814716,2006-09-20 04:47:04.631300872,49,19,9,12,9
811,5,311,1770,1161904184716,2006-09-20 04:47:07.193714081,1459,418,364,364,313
812,1,1,20,1161904297716,2006-09-20 04:47:07.976288926,19,5,4,4,6
813,1,1,10,1161904369716,2006-09-20 04:47:08.474920685,9,3,2,2,2
814,1,1,10,1161904655716,2006-09-20 04:47:10.455596841,9,4,2,2,1
815,1,6,50,1161904973716,2006-09-20 04:47:12.657887112,44,18,9,10,7
816,1,6,50,1161904984716,2006-09-20 04:47:12.734066964,44,15,10,11,8
817,1,6,60,1161906640716,2006-09-20 04:47:24.202597432,54,16,13,13,12
818,1,3,60,1161906836716,2006-09-20 04:47:25.559983889,57,16,14,14,13
819,1,1,10,1161906889716,2006-09-20 04:47:25.927032267,9,1,2,2,4
820,1,10,60,1161907154716,2006-09-20 04:47:27.762274160,50,17,11,12,10
821,1,3,60,1161907749716,2006-09-20 04:47:31.882911617,57,27,10,10,10
822,1,6,60,1161907915716,2006-09-20 04:47:33.032534840,54,27,8,9,10
823,1,8,80,1161908013716,2006-09-20 04:47:33.711228068,72,20,18,18,16
824,1,7,60,1161908143716,2006-09-20 04:47:34.611535412,53,26,7,10,10
825,1,15,80,1161908732716,2006-09-20 04:47:38.690620222,65,29,10,14,12
826,1,1,10,1161910314716,2006-09-20 04:47:49.646668049,9,2,2,2,3
827,1,1,10,1161910994716,2006-09-20 04:47:54.355968000,9,4,2,2,1
828,1,9,60,1161911623716,2006-09-20 04:47:58.712070454,51,24,9,8,10
829,5,208,1770,1161914019716,2006-09-20 04:48:15.305427340,1562,638,222,390,312
830,1,4,50,1161916635716,2006-09-20 04:48:33.422381268,46,21,10,8,7
831,1,1,10,1161930030716,2006-09-20 04:50:06.188664857,9,3,2,2,2
832,1,1,10,1161930353716,2006-09-20 04:50:08.425582334,9,4,2,2,1
833,1,3,40,1161931392716,2006-09-20 04:50:15.621115641,37,9,9,9,10
834,1,6,50,1161931534716,2006-09-20 04:50:16.604528278,44,21,11,9,3
835,1,5,50,1161931867716,2006-09-20 04:50:18.910700166,45,21,4,11,9
836,1,1,10,1161932151716,2006-09-20 04:50:20.877525439,9,1,2,2,4
837,2,53,510,1161934426716,2006-09-20 04:50:36.632903951,457,120,114,114,109
838,1,8,60,1161935161716,2006-09-20 04:50:41.723103162,52,25,11,8,8
839,1,1,10,1161935727716,2006-09-20 04:50:45.642902827,9,2,2,2,3
840,1,3,60,1161936170716,2006-09-20 04:50:48.710873236,57,11,14,14,18
841,1,58,390,1161937126716,2006-09-20 04:50:55.331594932,332,143,41,83,65
842,1,4,60,1161937269716,2006-09-20 04:50:56.321933010,56,27,5,14,10
843,1,1,10,1161975840716,2006-09-20 04:55:23.443121836,9,2,2,2,3
844,1,1,10,1161976090716,2006-09-20 04:55:25.174482112,9,3,2,2,2
845,1,1,10,1161976790716,2006-09-20 04:55:30.022290885,9,3,2,2,2
846,1,6,100,1161978952716,2006-09-20 04:55:44.995094552,94,21,23,23,27
847,1,1,10,1161979615716,2006-09-20 04:55:49.586662004,9,1,2,2,4
848,1,12,100,1161979706716,2006-09-20 04:55:50.216877144,88,24,22,22,20
849,1,13,100,1161980105716,2006-09-20 04:55:52.980128145,87,39,16,17,15
850,1,1,10,1161980293716,2006-09-20 04:55:54.282111072,9,4,2,2,1
851,1,1,10,1161980632716,2006-09-20 04:55:56.629835607,9,2,2,2,3
852,1,1,10,1161980779716,2006-09-20 04:55:57.647875449,9,2,2,2,3
853,1,1,10,1161980886716,2006-09-20 04:55:58.388897647,9,3,2,2,2
854,1,8,100,1161980986716,2006-09-20 04:55:59.081441758,92,31,21,23,17
855,1,1,10,1161981720716,2006-09-20 04:56:04.164715528,9,1,2,2,4
856,1,5,100,1161982426716,2006-09-20 04:56:09.054076947,95,41,18,20,16
857,1,12,100,1161982578716,2006-09-20 04:56:10.106743995,88,34,21,20,13
858,1,1,10,1161983114716,2006-09-20 04:56:13.818780427,9,4,2,2,1
859,1,1,10,1161983347716,2006-09-20 04:56:15.432408204,9,1,2,2,4
860,1,1,10,1161984571716,2006-09-20 04:56:23.909148116,9,1,2,2,4
861,1,1,10,1161985606716,2006-09-20 04:56:31.076979659,9,3,2,2,2
862,1,1,10,1161986096716,2006-09-20 04:56:34.470445800,9,3,2,2,2
863,1,3,30,1161986872716,2006-09-20 04:56:39.844588096,27,12,6,6,3
864,1,1,10,1161988119716,2006-09-20 04:56:48.480613153,9,3,2,2,2
865,1,8,60,1161988348716,2006-09-20 04:56:50.066539166,52,17,13,12,10
866,5,129,1770,1161989173716,2006-09-20 04:56:55.780028077,1641,566,403,394,278
867,1,6,90,1161991995716,2006-09-20 04:57:15.323622873,84,16,21,21,26
868,1,17,100,1161992677716,2006-09-20 04:57:20.046773706,83,30,20,18,15
869,5,339,1770,1161996970716,2006-09-20 04:57:49.777692365,1431,576,307,349,199
870,1,1,10,1161997701716,2006-09-20 04:57:54.840189813,9,2,2,2,3
871,1,20,230,1161998915716,2006-09-20 04:58:03.247675313,210,73,50,50,37
872,1,1,10,1161999188716,2006-09-20 04:58:05.138320734,9,3,2,2,2
873,1,6,60,1161999719716,2006-09-20 04:58:08.815729961,54,25,9,13,7
874,5,95,1770,1162000482716,2006-09-20 04:58:14.099841523,1675,499,418,418,340
875,1,1,10,1162000806716,2006-09-20 04:58:16.343684441,9,2,2,2,3
876,1,1,10,1162001098716,2006-09-20 04:58:18.365913243,9,1,2,2,4
877,1,1,10,1162002148716,2006-09-20 04:58:25.637626402,9,2,2,2,3
878,1,1,10,1162002283716,2006-09-20 04:58:26.572560952,9,3,2,2,2
879,1,1,10,1162002548716,2006-09-20 04:58:28.407802844,9,3,2,2,2
880,1,1,10,1162002779716,2006-09-20 04:58:30.007579739,9,4,2,2,1
881,5,266,1770,1162002850716,2006-09-20 04:58:30.499286058,1504,306,376,376,446
882,1,1,10,1162002923716,2006-09-20 04:58:31.004843258,9,2,2,2,3
883,1,1,10,1162003048716,2006-09-20 04:58:31.870523396,9,3,2,2,2
884,1,1,10,1162003106716,2006-09-20 04:58:32.272198980,9,1,2,2,4
885,1,1,10,1162003239716,2006-09-20 04:58:33.193282647,9,3,2,2,2
886,1,1,10,1162003406716,2006-09-20 04:58:34.349831311,9,1,2,2,4
887,5,190,2220,1162003948716,2006-09-20 04:58:38.103420390,2030,552,507,507,464
888,1,1,10,1162004219716,2006-09-20 04:58:39.980214929,9,4,2,2,1
889,1,1,10,1162004479716,2006-09-20 04:58:41.780829616,9,1,2,2,4
890,1,1,10,1162006759716,2006-09-20 04:58:57.570835333,9,3,2,2,2
891,1,1,10,1162007958716,2006-09-20 04:59:05.874439217,9,4,2,2,1
892,1,1,10,1162011732716,2006-09-20 04:59:32.011053944,9,1,2,2,4
893,1,1,10,1162015328716,2006-09-20 04:59:56.914940154,9,4,2,2,1
894,1,1,10,1162027515716,2006-09-20 05:01:21.315290890,9,2,2,2,3
895,1,1,10,1162027643716,2006-09-20 05:01:22.201747351,9,2,2,2,3
896,1,1,10,1162027927716,2006-09-20 05:01:24.168572625,9,1,2,2,4
897,1,1,10,1162028053716,2006-09-20 05:01:25.041178204,9,3,2,2,2
898,1,1,10,1162031555716,2006-09-20 05:01:49.294072951,9,1,2,2,4
899,1,1,10,1162031631716,2006-09-20 05:01:49.820406474,9,4,2,2,1
900,1,1,10,1162031800716,2006-09-20 05:01:50.990806021,9,3,2,2,2
901,1,1,10,1162031926716,2006-09-20 05:01:51.863411600,9,2,2,2,3
902,1,1,10,1162033808716,2006-09-20 05:02:04.897091758,9,3,2,2,2
903,1,1,10,1162033960716,2006-09-20 05:02:05.949758806,9,2,2,2,3
904,1,1,10,1162100076716,2006-09-20 05:09:43.832222844,9,3,2,2,2
905,1,1,10,1162100161716,2006-09-20 05:09:44.420885338,9,3,2,2,2
906,1,1,10,1162100627716,2006-09-20 05:09:47.648140893,9,3,2,2,2
907,1,9,90,1162100707716,2006-09-20 05:09:48.202176181,81,27,18,20,16
908,5,157,1770,1162100856716,2006-09-20 05:09:49.234066906,1613,614,326,394,279
909,1,3,30,1162152388716,2006-09-20 05:15:46.115897882,27,7,6,6,8
910,1,1,10,1162153578716,2006-09-20 05:15:54.357172796,9,4,2,2,1
911,1,1,10,1162154079716,2006-09-20 05:15:57.826818789,9,2,2,2,3
912,1,1,10,1162154598716,2006-09-20 05:16:01.421122722,9,2,2,2,3
913,1,1,10,1162154873716,2006-09-20 05:16:03.325619025,9,4,2,2,1
914,3,116,880,1162155061716,2006-09-20 05:16:04.627601953,764,175,191,191,207
915,1,1,10,1162155768716,2006-09-20 05:16:09.523888814,9,1,2,2,4
916,1,1,10,1162156302716,2006-09-20 05:16:13.222074363,9,2,2,2,3
917,1,23,120,1162157254716,2006-09-20 05:16:19.815094294,97,48,19,17,13
918,1,31,190,1162158001716,2006-09-20 05:16:24.988398799,159,62,27,39,31
919,1,1,10,1162158020716,2006-09-20 05:16:25.119982180,9,2,2,2,3
920,1,1,10,1162162030716,2006-09-20 05:16:52.891001007,9,3,2,2,2
921,1,1,10,1162172331716,2006-09-20 05:18:04.229969821,9,1,2,2,4
922,1,22,120,1162173691716,2006-09-20 05:18:13.648569722,98,32,23,24,19
923,1,1,10,1162175046716,2006-09-20 05:18:23.032542418,9,4,2,2,1
924,1,1,10,1162175374716,2006-09-20 05:18:25.304087100,9,2,2,2,3
925,1,1,10,1162175946716,2006-09-20 05:18:29.265439412,9,1,2,2,4
926,1,1,10,1162176151716,2006-09-20 05:18:30.685154838,9,1,2,2,4
927,1,27,210,1162176359716,2006-09-20 05:18:32.125646588,183,74,36,42,31
928,1,56,390,1162176762716,2006-09-20 05:18:34.916599353,334,87,83,83,81
929,5,156,1770,1162176878716,2006-09-20 05:18:35.719950521,1614,556,336,401,321
930,1,2,40,1162177485716,2006-09-20 05:18:39.923693271,38,16,6,9,7
931,1,1,10,1162178109716,2006-09-20 05:18:44.245168520,9,1,2,2,4
932,1,1,10,1162178591716,2006-09-20 05:18:47.583231132,9,2,2,2,3
933,1,1,10,1162179189716,2006-09-20 05:18:51.724644913,9,3,2,2,2
934,1,1,10,1162180601716,2006-09-20 05:19:01.503367752,9,1,2,2,4
935,1,4,50,1162180771716,2006-09-20 05:19:02.680692739,46,19,8,11,8
936,1,1,10,1162181093716,2006-09-20 05:19:04.910684775,9,1,2,2,4
937,1,1,10,1162181459716,2006-09-20 05:19:07.445396219,9,2,2,2,3
938,1,8,120,1162181670716,2006-09-20 05:19:08.906664292,112,55,23,16,18
939,1,1,10,1162182164716,2006-09-20 05:19:12.327832197,9,1,2,2,4
941,5,161,1770,1162182254716,2006-09-20 05:19:12.951121897,1609,698,263,353,295
940,1,1,10,1162182296716,2006-09-20 05:19:13.241990423,9,1,2,2,4
942,1,1,10,1162182554716,2006-09-20 05:19:15.028754228,9,3,2,2,2
943,1,1,10,1162182935716,2006-09-20 05:19:17.667347289,9,2,2,2,3
944,1,1,10,1162183954716,2006-09-20 05:19:24.724371774,9,3,2,2,2
945,1,1,10,1162184391716,2006-09-20 05:19:27.750789536,9,4,2,2,1
946,1,1,10,1162190889716,2006-09-20 05:20:12.752305831,9,2,2,2,3
947,1,1,10,1162191115716,2006-09-20 05:20:14.317455520,9,4,2,2,1
948,1,1,10,1162191292716,2006-09-20 05:20:15.543258595,9,1,2,2,4
949,1,1,10,1162191386716,2006-09-20 05:20:16.194250059,9,1,2,2,4
950,1,1,10,1162192315716,2006-09-20 05:20:22.627984845,9,1,2,2,4
951,1,1,10,1162192491716,2006-09-20 05:20:23.846862479,9,3,2,2,2
952,1,3,50,1162192724716,2006-09-20 05:20:25.460490257,47,18,9,11,9
953,1,87,470,1162233589716,2006-09-20 05:25:08.468640975,383,92,95,95,101
954,1,1,10,1162235943716,2006-09-20 05:25:24.771129334,9,2,2,2,3
955,1,1,10,1162236032716,2006-09-20 05:25:25.387493593,9,1,2,2,4
956,1,5,40,1162236215716,2006-09-20 05:25:26.654849315,35,16,5,8,6
957,1,11,210,1162236534716,2006-09-20 05:25:28.864065027,199,92,29,39,39
958,1,29,390,1162236846716,2006-09-20 05:25:31.024802651,361,122,81,89,69
959,2,184,1150,1162237574716,2006-09-20 05:25:36.066523775,966,474,86,233,173
960,1,1,10,1162237839716,2006-09-20 05:25:37.901765668,9,3,2,2,2
961,1,1,10,1162238965716,2006-09-20 05:25:45.699812351,9,4,2,2,1
962,1,6,70,1162241837716,2006-09-20 05:26:05.589679202,64,22,14,16,12
963,1,2,20,1162242297716,2006-09-20 05:26:08.775382110,18,5,4,4,5
964,1,1,10,1162242628716,2006-09-20 05:26:11.067703115,9,3,2,2,2
965,1,1,10,1162243653716,2006-09-20 05:26:18.166280247,9,4,2,2,1
966,1,6,40,1162245051716,2006-09-20 05:26:27.848046911,34,8,8,8,10
967,1,4,50,1162245802716,2006-09-20 05:26:33.049053180,46,14,11,11,10
968,1,1,10,1162246563716,2006-09-20 05:26:38.319313860,9,2,2,2,3
969,1,25,210,1162247210716,2006-09-20 05:26:42.800074254,185,91,34,44,16
970,1,31,210,1162247579716,2006-09-20 05:26:45.355562022,179,56,44,44,35
971,1,40,210,1162252495716,2006-09-20 05:27:19.401030489,170,38,42,42,48
972,1,7,50,1162253903716,2006-09-20 05:27:29.152051564,43,15,10,10,8
973,1,17,210,1162254088716,2006-09-20 05:27:30.433258168,193,70,46,42,35
974,1,11,210,1162254673716,2006-09-20 05:27:34.484641214,199,85,45,48,21
975,1,1,10,1162257872716,2006-09-20 05:27:56.639127306,9,3,2,2,2
976,1,29,210,1162258705716,2006-09-20 05:28:02.408019746,181,87,29,41,24
977,1,22,390,1162259525716,2006-09-20 05:28:08.086881451,368,179,49,68,72
978,1,48,390,1162260669716,2006-09-20 05:28:16.009586074,342,140,57,84,61
979,1,4,30,1162260693716,2006-09-20 05:28:16.175796661,26,5,6,6,9
980,1,1,10,1162261563716,2006-09-20 05:28:22.200930421,9,1,2,2,4
981,1,1,10,1162262083716,2006-09-20 05:28:25.802159796,9,1,2,2,4
982,1,1,10,1162262265716,2006-09-20 05:28:27.062590076,9,1,2,2,4
983,1,1,20,1162264842716,2006-09-20 05:28:44.909451802,19,5,4,4,6
984,1,1,10,1162267630716,2006-09-20 05:29:04.217581600,9,4,2,2,1
985,1,1,10,1162267895716,2006-09-20 05:29:06.052823493,9,2,2,2,3
986,1,1,10,1162268275716,2006-09-20 05:29:08.684491112,9,1,2,2,4
987,2,120,1050,1162270112716,2006-09-20 05:29:21.406526420,930,224,232,232,242
988,1,1,10,1162270894716,2006-09-20 05:29:26.822221364,9,3,2,2,2
989,1,1,10,1162271731716,2006-09-20 05:29:32.618815568,9,3,2,2,2
990,1,35,210,1162273937716,2006-09-20 05:29:47.896338643,175,84,17,42,32
991,1,20,130,1162274435716,2006-09-20 05:29:51.345208313,110,51,15,23,21
992,1,22,250,1162274455716,2006-09-20 05:29:51.483717135,228,56,57,57,58
993,1,18,130,1162274914716,2006-09-20 05:29:54.662494602,112,40,26,27,19
994,1,1,10,1162275287716,2006-09-20 05:29:57.245684134,9,3,2,2,2
995,1,8,140,1162275459716,2006-09-20 05:29:58.436860004,132,42,32,32,26
996,1,13,70,1162275788716,2006-09-20 05:30:00.715330127,57,27,12,9,9
997,1,4,70,1162276101716,2006-09-20 05:30:02.882993193,66,20,16,16,14
998,1,55,290,1162276307716,2006-09-20 05:30:04.309634060,235,67,58,58,52
999,5,229,1960,1162279703716,2006-09-20 05:30:27.828432050,1731,426,432,432,441
1000,1,2,30,1162280990716,2006-09-20 05:30:36.741474751,28,11,5,7,5
1001,1,3,30,1162281659716,2006-09-20 05:30:41.374594849,27,10,6,6,5
1002,1,72,400,1162282410716,2006-09-20 05:30:46.575601118,328,144,42,77,65
1003,1,33,210,1162325261716,2006-09-20 05:35:43.337677870,177,52,44,44,37
1004,1,1,10,1162326140716,2006-09-20 05:35:49.425140601,9,1,2,2,4
1005,1,1,10,1162326239716,2006-09-20 05:35:50.110759270,9,4,2,2,1
1006,1,44,290,1162326610716,2006-09-20 05:35:52.680097919,246,63,61,61,61
1007,1,12,70,1162327024716,2006-09-20 05:35:55.547230537,58,19,14,14,11
1008,1,48,550,1162328351716,2006-09-20 05:36:04.737290882,502,208,94,114,86
1009,1,1,10,1162329485716,2006-09-20 05:36:12.590741094,9,4,2,2,1
1010,1,4,60,1162329854716,2006-09-20 05:36:15.146228861,56,20,14,13,9
1011,1,1,10,1162330502716,2006-09-20 05:36:19.633914697,9,1,2,2,4
1012,5,329,1720,1162330750716,2006-09-20 05:36:21.351424090,1391,684,167,268,272
1013,1,11,210,1162333072716,2006-09-20 05:36:37.432298334,199,52,49,49,49
1014,1,1,10,1162338620716,2006-09-20 05:37:15.854645580,9,3,2,2,2
1015,1,1,10,1162339019716,2006-09-20 05:37:18.617896580,9,1,2,2,4
1016,1,3,40,1162339371716,2006-09-20 05:37:21.055651849,37,13,8,9,7
1017,1,1,10,1162340202716,2006-09-20 05:37:26.810693406,9,3,2,2,2
1018,1,1,10,1162340392716,2006-09-20 05:37:28.126527216,9,4,2,2,1
1019,1,1,10,1162340651716,2006-09-20 05:37:29.920216462,9,4,2,2,1
1020,1,1,10,1162344355716,2006-09-20 05:37:55.572050312,9,2,2,2,3
1021,1,16,170,1162349992716,2006-09-20 05:38:34.610761815,154,52,38,35,29
1022,1,1,10,1162415394716,2006-09-20 05:46:07.548460906,9,3,2,2,2
1023,1,1,10,1162415740716,2006-09-20 05:46:09.944663528,9,2,2,2,3
1024,1,1,10,1162416168716,2006-09-20 05:46:12.908752320,9,4,2,2,1
1025,1,49,410,1162417151716,2006-09-20 05:46:19.716460925,361,110,89,90,72
1026,10,557,3110,1162417620716,2006-09-20 05:46:22.964492803,2553,911,596,552,494
1027,1,5,30,1162418861716,2006-09-20 05:46:31.558965213,25,10,6,6,3
1028,1,1,10,1162419068716,2006-09-20 05:46:32.992531522,9,4,2,2,1
1029,3,209,1200,1162420042716,2006-09-20 05:46:39.737911157,991,385,205,236,165
1030,1,21,390,1162421587716,2006-09-20 05:46:50.437717663,369,75,92,92,110
1031,1,54,390,1162423579716,2006-09-20 05:47:04.233196343,336,103,84,83,66
1032,1,33,400,1162440311716,2006-09-20 05:49:00.109676896,367,127,82,88,70
1033,1,14,210,1162440790716,2006-09-20 05:49:03.426963185,196,77,45,42,32
1034,1,1,10,1162441125716,2006-09-20 05:49:05.746985955,9,1,2,2,4
1035,1,26,170,1162441213716,2006-09-20 05:49:06.356424772,144,31,36,36,41
1036,1,1,10,1162441365716,2006-09-20 05:49:07.409091820,9,1,2,2,4
1037,1,26,170,1162441424716,2006-09-20 05:49:07.817692845,144,49,31,36,28
1038,1,10,170,1162442657716,2006-09-20 05:49:16.356761726,160,44,40,40,36
1039,1,1,10,1162443012716,2006-09-20 05:49:18.815293318,9,2,2,2,3
1040,1,1,10,1162444798716,2006-09-20 05:49:31.184131130,9,1,2,2,4
1041,1,1,10,1162492333716,2006-09-20 05:55:00.384974014,9,4,2,2,1
1042,1,19,200,1162501479716,2006-09-20 05:56:03.725058352,181,80,29,37,35
1043,1,58,410,1162502342716,2006-09-20 05:56:09.701714024,352,124,72,87,69
1044,1,58,320,1162502377716,2006-09-20 05:56:09.944104463,262,85,65,62,50
1045,2,129,910,1162503031716,2006-09-20 05:56:14.473342945,781,168,195,195,223
1046,1,1,10,1162503316716,2006-09-20 05:56:16.447093660,9,1,2,2,4
1047,1,1,10,1162503460716,2006-09-20 05:56:17.444357179,9,2,2,2,3
1048,1,1,10,1162503493716,2006-09-20 05:56:17.672896735,9,4,2,2,1
1049,1,10,200,1162503889716,2006-09-20 05:56:20.415371412,190,69,38,47,36
1050,1,1,10,1162503982716,2006-09-20 05:56:21.059437435,9,3,2,2,2
1051,1,1,10,1162504184716,2006-09-20 05:56:22.458376538,9,2,2,2,3
1052,1,1,10,1162504687716,2006-09-20 05:56:25.941873414,9,4,2,2,1
1053,1,25,150,1162505283716,2006-09-20 05:56:30.069436312,125,53,29,18,25
1054,1,19,100,1162505723716,2006-09-20 05:56:33.116630397,81,36,20,17,8
1055,1,1,10,1162505836716,2006-09-20 05:56:33.899205242,9,4,2,2,1
1056,1,64,390,1162506702716,2006-09-20 05:56:39.896637238,326,120,71,78,57
1057,1,1,10,1162506754716,2006-09-20 05:56:40.256760176,9,2,2,2,3
1058,1,1,10,1162507900716,2006-09-20 05:56:48.193315681,9,2,2,2,3
1059,1,1,10,1162508815716,2006-09-20 05:56:54.530094291,9,1,2,2,4
1060,1,1,10,1162509896716,2006-09-20 05:57:02.016496125,9,3,2,2,2
1061,1,1,10,1162510790716,2006-09-20 05:57:08.207840472,9,3,2,2,2
1062,1,1,10,1162511395716,2006-09-20 05:57:12.397732340,9,4,2,2,1
1063,1,3,30,1162512423716,2006-09-20 05:57:19.517085795,27,9,6,6,6
1064,1,20,180,1162512796716,2006-09-20 05:57:22.100275327,160,32,40,40,48
1065,1,1,10,1162513145716,2006-09-20 05:57:24.517254272,9,2,2,2,3
1066,1,2,30,1162513351716,2006-09-20 05:57:25.943895139,28,5,7,7,9
1067,1,1,10,1162513631716,2006-09-20 05:57:27.883018649,9,3,2,2,2
1068,1,1,10,1162513701716,2006-09-20 05:57:28.367799526,9,1,2,2,4
1069,1,1,10,1162514467716,2006-09-20 05:57:33.672687412,9,2,2,2,3
1070,1,1,10,1162514530716,2006-09-20 05:57:34.108990201,9,4,2,2,1
1071,1,8,100,1162514702716,2006-09-20 05:57:35.300166071,92,35,19,21,17
1072,1,1,10,1162515040716,2006-09-20 05:57:37.640965164,9,2,2,2,3
1073,1,1,10,1162515049716,2006-09-20 05:57:37.703294134,9,1,2,2,4
1074,1,19,100,1162515606716,2006-09-20 05:57:41.560764829,81,40,20,5,16
1075,1,11,100,1162516185716,2006-09-20 05:57:45.570595228,89,37,21,14,17
1076,1,8,80,1162516651716,2006-09-20 05:57:48.797850783,72,17,18,18,19
1077,1,12,80,1162517444716,2006-09-20 05:57:54.289725578,68,24,16,16,12
1078,1,6,80,1162517889716,2006-09-20 05:57:57.371546870,74,18,18,18,20
1079,1,1,10,1162519613716,2006-09-20 05:58:09.311007333,9,1,2,2,4
1080,1,1,10,1162519669716,2006-09-20 05:58:09.698832035,9,1,2,2,4
1081,1,1,10,1162519683716,2006-09-20 05:58:09.795788211,9,3,2,2,2
1082,1,4,40,1162520378716,2006-09-20 05:58:14.608969778,36,18,7,9,2
1083,1,70,390,1162522809716,2006-09-20 05:58:31.444717102,320,151,35,71,63
1084,1,74,390,1162523097716,2006-09-20 05:58:33.439244140,316,87,79,79,71
1085,1,1,10,1162524821716,2006-09-20 05:58:45.378704603,9,3,2,2,2
1086,1,29,210,1162525192716,2006-09-20 05:58:47.948043253,181,87,16,44,34
1087,1,18,240,1162525347716,2006-09-20 05:58:49.021486624,222,63,55,55,49
1088,1,3,20,1162525452716,2006-09-20 05:58:49.748657940,17,7,3,4,3
1089,1,1,20,1162525625716,2006-09-20 05:58:50.946759251,19,8,4,4,3
1090,1,1,10,1162525849716,2006-09-20 05:58:52.498058058,9,1,2,2,4
1091,1,1,10,1162526136716,2006-09-20 05:58:54.485659655,9,3,2,2,2
1092,1,1,10,1162526435716,2006-09-20 05:58:56.556366545,9,1,2,2,4
1093,1,1,10,1162526608716,2006-09-20 05:58:57.754467856,9,2,2,2,3
1094,1,1,10,1162526911716,2006-09-20 05:58:59.852876511,9,2,2,2,3
1095,1,29,390,1162527525716,2006-09-20 05:59:04.105097349,361,178,77,59,47
1096,1,1,10,1162527722716,2006-09-20 05:59:05.469409246,9,1,2,2,4
1097,1,1,10,1162528487716,2006-09-20 05:59:10.767371691,9,1,2,2,4
1098,1,6,40,1162529454716,2006-09-20 05:59:17.464273239,34,15,7,7,5
1099,1,4,40,1162530395716,2006-09-20 05:59:23.981113318,36,11,9,9,7
1100,1,2,40,1162530742716,2006-09-20 05:59:26.384241381,38,11,9,9,9
1101,1,7,40,1162531139716,2006-09-20 05:59:29.133641499,33,11,8,8,6
1102,1,7,40,1162531765716,2006-09-20 05:59:33.468967630,33,12,7,8,6
1103,1,15,80,1162572916716,2006-09-20 06:04:18.457794505,65,21,15,16,13
1104,1,1,10,1162581839716,2006-09-20 06:05:20.253505477,9,4,2,2,1
1105,1,3,50,1162583750716,2006-09-20 06:05:33.488023427,47,18,9,11,9
1106,1,21,200,1162584692716,2006-09-20 06:05:40.011788947,179,76,26,43,34
1107,1,6,40,1162585018716,2006-09-20 06:05:42.269482747,34,7,8,8,11
1108,1,6,40,1162585160716,2006-09-20 06:05:43.252895383,34,6,8,8,12
1109,1,2,40,1162585318716,2006-09-20 06:05:44.347115078,38,14,8,9,7
1110,1,6,40,1162585533716,2006-09-20 06:05:45.836084915,34,8,8,8,10
1111,1,3,40,1162586399716,2006-09-20 06:05:51.833516911,37,12,9,9,7
1112,1,3,40,1162586576716,2006-09-20 06:05:53.059319987,37,14,7,9,7
1113,1,1,10,1162586866716,2006-09-20 06:05:55.067697907,9,3,2,2,2
1114,1,1,10,1162587011716,2006-09-20 06:05:56.071886867,9,1,2,2,4
1115,1,1,10,1162587023716,2006-09-20 06:05:56.154992160,9,1,2,2,4
1116,1,1,30,1162587051716,2006-09-20 06:05:56.348904511,29,8,7,7,7
1117,1,1,10,1162587117716,2006-09-20 06:05:56.805983624,9,2,2,2,3
1118,1,1,10,1162587123716,2006-09-20 06:05:56.847536271,9,1,2,2,4
1119,1,1,10,1162587211716,2006-09-20 06:05:57.456975088,9,2,2,2,3
1120,1,7,40,1162587704716,2006-09-20 06:06:00.871217552,33,16,3,8,6
1121,1,7,40,1162587971716,2006-09-20 06:06:02.720310327,33,13,8,8,4
1122,1,1,10,1162589569716,2006-09-20 06:06:13.787165211,9,4,2,2,1
1123,1,11,70,1162593428716,2006-09-20 06:06:40.512442432,59,19,14,14,12
1124,1,2,20,1162594108716,2006-09-20 06:06:45.221742383,18,5,4,4,5
1125,1,13,100,1162594747716,2006-09-20 06:06:49.647099248,87,41,9,21,16
1126,1,1,20,1162595492716,2006-09-20 06:06:54.806552871,19,4,4,4,7
1127,1,1,10,1162595750716,2006-09-20 06:06:56.593316676,9,1,2,2,4
1128,1,1,10,1162596246716,2006-09-20 06:07:00.028335463,9,3,2,2,2
1129,2,80,910,1162596326716,2006-09-20 06:07:00.582370752,830,205,207,207,211
1130,1,11,70,1162596591716,2006-09-20 06:07:02.417612644,59,15,14,14,16
1131,1,12,100,1162597014716,2006-09-20 06:07:05.347074231,88,27,22,22,17
1132,1,2,40,1162597150716,2006-09-20 06:07:06.288934221,38,17,6,9,6
1133,1,1,10,1162597421716,2006-09-20 06:07:08.165728761,9,4,2,2,1
1134,1,6,40,1162597546716,2006-09-20 06:07:09.031408899,34,11,8,8,7
1135,1,1,10,1162597742716,2006-09-20 06:07:10.388795355,9,4,2,2,1
1136,5,303,1710,1162597977716,2006-09-20 06:07:12.016274015,1407,531,248,348,280
1137,1,3,30,1162598179716,2006-09-20 06:07:13.415213118,27,6,6,6,9
1138,1,3,30,1162598370716,2006-09-20 06:07:14.737972368,27,10,6,6,5
1139,1,13,100,1162598483716,2006-09-20 06:07:15.520547213,87,21,21,21,24
1140,1,5,30,1162598679716,2006-09-20 06:07:16.877933670,25,8,6,6,5
1141,1,40,400,1162598830716,2006-09-20 06:07:17.923675276,360,119,90,83,68
1142,1,4,30,1162599428716,2006-09-20 06:07:22.065089057,26,5,6,6,9
1143,1,9,70,1162599452716,2006-09-20 06:07:22.231299643,61,29,12,12,8
1144,1,1,20,1162600034716,2006-09-20 06:07:26.261906366,19,8,4,4,3
1145,1,1,10,1162600223716,2006-09-20 06:07:27.570814734,9,1,2,2,4
1147,1,1,10,1162600252716,2006-09-20 06:07:27.771652526,9,3,2,2,2
1146,1,4,30,1162600257716,2006-09-20 06:07:27.806279732,26,7,6,6,7
1148,1,12,70,1162600393716,2006-09-20 06:07:28.748139722,58,18,14,14,12
1149,5,318,1770,1162600745716,2006-09-20 06:07:31.185894991,1452,643,195,350,264
1150,1,3,20,1162600790716,2006-09-20 06:07:31.497539840,17,7,3,4,3
1151,1,5,30,1162600976716,2006-09-20 06:07:32.785671886,25,5,6,6,8
1152,1,3,20,1162601121716,2006-09-20 06:07:33.789860846,17,8,4,2,3
1153,1,4,30,1162601245716,2006-09-20 06:07:34.648615543,26,13,6,4,3
1154,1,2,20,1162601489716,2006-09-20 06:07:36.338423172,18,7,4,4,3
1155,1,4,30,1162601669716,2006-09-20 06:07:37.585002571,26,13,6,3,4
1156,1,3,50,1162602199716,2006-09-20 06:07:41.255486356,47,12,11,11,13
1157,1,5,30,1162602383716,2006-09-20 06:07:42.529767519,25,11,5,5,4
1158,1,9,50,1162602411716,2006-09-20 06:07:42.723679870,41,19,10,8,4
1159,1,3,70,1162602652716,2006-09-20 06:07:44.392711176,67,23,15,16,13
1160,1,5,30,1162602827716,2006-09-20 06:07:45.604663369,25,6,6,6,7
1161,1,2,30,1162603062716,2006-09-20 06:07:47.232142029,28,13,5,7,3
1162,1,3,30,1162603342716,2006-09-20 06:07:49.171265538,27,11,6,6,4
1163,1,4,30,1162603360716,2006-09-20 06:07:49.295923478,26,9,6,6,5
1164,1,2,30,1162603763716,2006-09-20 06:07:52.086876243,28,11,7,6,4
1165,1,50,290,1162603846716,2006-09-20 06:07:52.661687855,240,49,60,60,71
1166,1,3,20,1162604180716,2006-09-20 06:07:54.974785183,17,8,2,4,3
1167,1,16,130,1162604229716,2006-09-20 06:07:55.314131797,114,50,25,23,16
1168,1,1,10,1162604448716,2006-09-20 06:07:56.830803399,9,2,2,2,3
1169,3,84,910,1162604557716,2006-09-20 06:07:57.585676480,826,388,79,204,155
1170,1,14,100,1162604808716,2006-09-20 06:07:59.323962197,86,33,15,21,17
1172,1,1,10,1162605127716,2006-09-20 06:08:01.533177909,9,1,2,2,4
1171,1,14,100,1162605137716,2006-09-20 06:08:01.602432320,86,24,21,21,20
1173,1,1,10,1162605323716,2006-09-20 06:08:02.890564365,9,3,2,2,2
1174,1,10,70,1162605570716,2006-09-20 06:08:04.601148318,60,13,15,15,17
1175,1,2,20,1162606653716,2006-09-20 06:08:12.101401034,18,6,4,4,4
1176,1,16,100,1162608643716,2006-09-20 06:08:25.883028831,84,39,20,11,14
1177,1,44,670,1162609159716,2006-09-20 06:08:29.456556441,626,194,153,155,124
1178,1,3,20,1162609269716,2006-09-20 06:08:30.218354962,17,4,4,4,5
1179,1,1,10,1162613441716,2006-09-20 06:08:59.111295248,9,1,2,2,4
1180,1,3,20,1162613755716,2006-09-20 06:09:01.285883755,17,4,4,4,5
1181,1,2,20,1162613934716,2006-09-20 06:09:02.525537713,18,9,4,3,2
1182,1,1,10,1162614421716,2006-09-20 06:09:05.898227530,9,1,2,2,4
1183,1,1,10,1162615075716,2006-09-20 06:09:10.427466012,9,1,2,2,4
1184,1,1,10,1162621700716,2006-09-20 06:09:56.308513327,9,2,2,2,3
1185,1,40,210,1162626323716,2006-09-20 06:10:28.324827551,170,37,42,42,49
1186,1,1,10,1162637710716,2006-09-20 06:11:47.184825404,9,4,2,2,1
1187,1,1,10,1162665825716,2006-09-20 06:15:01.893602045,9,4,2,2,1
1188,1,15,160,1162667201716,2006-09-20 06:15:11.423009004,145,64,33,22,26
1189,1,54,350,1162667653716,2006-09-20 06:15:14.553308384,296,122,57,69,48
1190,1,1,10,1162668477716,2006-09-20 06:15:20.259871853,9,2,2,2,3
1191,1,21,160,1162669271716,2006-09-20 06:15:25.758672090,139,43,34,34,28
1192,1,32,320,1162669848716,2006-09-20 06:15:29.754651607,288,66,72,72,78
1193,1,1,10,1162671981716,2006-09-20 06:15:44.526617482,9,2,2,2,3
1194,1,1,20,1162672344716,2006-09-20 06:15:47.040552603,19,3,4,4,8
1195,1,1,10,1162672586716,2006-09-20 06:15:48.716509350,9,2,2,2,3
1196,1,3,20,1162674126716,2006-09-20 06:15:59.381688650,17,4,4,4,5
1197,1,29,150,1162686041716,2006-09-20 06:17:21.898319406,121,41,27,30,23
1198,1,1,10,1162689391716,2006-09-20 06:17:45.098547104,9,4,2,2,1
1199,1,28,410,1162689621716,2006-09-20 06:17:46.691398558,382,122,93,94,73
1200,1,3,20,1162690345716,2006-09-20 06:17:51.705417918,17,6,4,4,3
1201,1,1,20,1162690779716,2006-09-20 06:17:54.711059357,19,5,4,4,6
1202,1,1,20,1162691479716,2006-09-20 06:17:59.558868130,19,5,4,4,6
1203,1,1,20,1162691813716,2006-09-20 06:18:01.871965458,19,6,4,4,5
1204,1,2,20,1162692213716,2006-09-20 06:18:04.642141900,18,7,4,4,3
1205,1,1,10,1162693295716,2006-09-20 06:18:12.135469175,9,4,2,2,1
1206,1,1,10,1162693695716,2006-09-20 06:18:14.905645616,9,3,2,2,2
1207,1,1,10,1162693959716,2006-09-20 06:18:16.733962068,9,1,2,2,4
1208,1,1,10,1162694382716,2006-09-20 06:18:19.663423655,9,3,2,2,2
1209,1,1,10,1162694617716,2006-09-20 06:18:21.290902314,9,1,2,2,4
1210,1,1,10,1162695094716,2006-09-20 06:18:24.594337721,9,2,2,2,3
1211,1,1,10,1162695951716,2006-09-20 06:18:30.529440747,9,3,2,2,2
1212,1,1,10,1162696489716,2006-09-20 06:18:34.255328061,9,3,2,2,2
1213,1,1,10,1162697070716,2006-09-20 06:18:38.279009343,9,4,2,2,1
1214,1,1,10,1162698147716,2006-09-20 06:18:45.737709412,9,3,2,2,2
1215,1,1,10,1162698719716,2006-09-20 06:18:49.699061723,9,3,2,2,2
1216,1,1,10,1162699290716,2006-09-20 06:18:53.653488594,9,2,2,2,3
1217,1,1,10,1162699595716,2006-09-20 06:18:55.765748131,9,3,2,2,2
1218,1,1,10,1162699999716,2006-09-20 06:18:58.563626337,9,2,2,2,3
1219,1,1,10,1162700559716,2006-09-20 06:19:02.441873355,9,2,2,2,3
1220,1,1,10,1162700996716,2006-09-20 06:19:05.468291117,9,2,2,2,3
1221,1,1,10,1162701651716,2006-09-20 06:19:10.004455041,9,2,2,2,3
1222,1,2,20,1162702041716,2006-09-20 06:19:12.705377071,18,7,4,4,3
1223,1,1,10,1162704563716,2006-09-20 06:19:30.171339536,9,4,2,2,1
1224,1,1,10,1162705931716,2006-09-20 06:19:39.645342966,9,1,2,2,4
1225,1,1,10,1162713504716,2006-09-20 06:20:32.091708447,9,3,2,2,2
1226,1,2,20,1162762008716,2006-09-20 06:26:08.003303760,18,7,4,4,3
1227,1,1,10,1162762157716,2006-09-20 06:26:09.035194485,9,1,2,2,4
1228,1,1,10,1162770576716,2006-09-20 06:27:07.340483140,9,3,2,2,2
1229,1,1,10,1162770869716,2006-09-20 06:27:09.369637384,9,3,2,2,2
1230,1,1,10,1162771741716,2006-09-20 06:27:15.408622027,9,3,2,2,2
1231,1,1,10,1162771905716,2006-09-20 06:27:16.544394368,9,1,2,2,4
1232,1,1,10,1162772773716,2006-09-20 06:27:22.555677246,9,1,2,2,4
1233,1,1,10,1162777156716,2006-09-20 06:27:52.909885605,9,3,2,2,2
1234,1,1,10,1162777428716,2006-09-20 06:27:54.793605586,9,4,2,2,1
1235,1,1,10,1162777653716,2006-09-20 06:27:56.351829834,9,4,2,2,1
1236,1,1,10,1162777969716,2006-09-20 06:27:58.540269223,9,2,2,2,3
1237,1,1,10,1162780645716,2006-09-20 06:28:17.072749617,9,3,2,2,2
1238,1,1,10,1162780776716,2006-09-20 06:28:17.979982402,9,2,2,2,3
1239,1,10,130,1162780848716,2006-09-20 06:28:18.478614162,120,43,28,27,22
1240,1,23,130,1162780852716,2006-09-20 06:28:18.506315926,107,47,15,24,21
1241,1,44,270,1162781979716,2006-09-20 06:28:26.311288050,226,100,52,49,25
1242,1,67,410,1162782226716,2006-09-20 06:28:28.021872003,343,114,80,83,66
1243,1,146,830,1162782781716,2006-09-20 06:28:31.865491816,684,219,163,168,134
1244,1,21,130,1162782889716,2006-09-20 06:28:32.613439455,109,25,27,27,30
1245,1,18,130,1162783945716,2006-09-20 06:28:39.926705261,112,24,28,28,32
1246,1,9,130,1162784712716,2006-09-20 06:28:45.238518588,121,24,30,30,37
1247,1,11,210,1162784982716,2006-09-20 06:28:47.108387686,199,96,29,36,38
1248,1,73,390,1162785484716,2006-09-20 06:28:50.584959120,317,123,54,77,63
1249,1,4,30,1162786383716,2006-09-20 06:28:56.810930673,26,13,5,4,4
1250,1,5,30,1162786601716,2006-09-20 06:28:58.320676833,25,11,6,6,2
1251,1,51,420,1162787500716,2006-09-20 06:29:04.546648386,369,99,92,92,86
1252,1,1,10,1162787872716,2006-09-20 06:29:07.122912477,9,4,2,2,1
1253,1,1,10,1162787997716,2006-09-20 06:29:07.988592615,9,4,2,2,1
1254,1,1,10,1162788286716,2006-09-20 06:29:09.990045094,9,2,2,2,3
1255,1,6,60,1162789158716,2006-09-20 06:29:16.029029737,54,26,9,11,8
1256,1,1,10,1162789548716,2006-09-20 06:29:18.729951767,9,2,2,2,3
1257,1,1,10,1162789817716,2006-09-20 06:29:20.592895424,9,2,2,2,3
1258,1,24,410,1162790177716,2006-09-20 06:29:23.086054222,386,192,91,28,75
1259,1,17,130,1162792472716,2006-09-20 06:29:38.979941556,113,50,28,24,11
1260,1,1,10,1162793554716,2006-09-20 06:29:46.473268830,9,1,2,2,4
1261,1,1,10,1162793941716,2006-09-20 06:29:49.153414538,9,4,2,2,1
1262,1,1,10,1162794299716,2006-09-20 06:29:51.632722453,9,4,2,2,1
1263,1,1,10,1162794490716,2006-09-20 06:29:52.955481704,9,2,2,2,3
1264,1,1,10,1162794587716,2006-09-20 06:29:53.627249491,9,3,2,2,2
1265,1,1,10,1162794681716,2006-09-20 06:29:54.278240955,9,4,2,2,1
1266,1,1,10,1162794954716,2006-09-20 06:29:56.168886376,9,2,2,2,3
1267,1,1,10,1162795058716,2006-09-20 06:29:56.889132251,9,3,2,2,2
1268,1,1,10,1162795296716,2006-09-20 06:29:58.537387234,9,1,2,2,4
1269,1,1,10,1162795522716,2006-09-20 06:30:00.102536923,9,2,2,2,3
1270,1,1,10,1162795606716,2006-09-20 06:30:00.684273976,9,2,2,2,3
1271,1,1,10,1162795693716,2006-09-20 06:30:01.286787352,9,3,2,2,2
1272,1,1,10,1162796179716,2006-09-20 06:30:04.652551729,9,1,2,2,4
1273,1,1,10,1162796669716,2006-09-20 06:30:08.046017870,9,2,2,2,3
1274,1,1,10,1162796882716,2006-09-20 06:30:09.521136825,9,4,2,2,1
1275,1,1,20,1162796918716,2006-09-20 06:30:09.770452704,19,6,4,4,5
1276,1,3,40,1162797567716,2006-09-20 06:30:14.265063981,37,10,9,9,9
1277,1,11,60,1162797942716,2006-09-20 06:30:16.862104395,49,17,12,12,8
1278,1,4,60,1162799410716,2006-09-20 06:30:27.028651936,56,12,14,14,16
1279,1,1,10,1162799793716,2006-09-20 06:30:29.681095879,9,4,2,2,1
1280,1,4,30,1162799928716,2006-09-20 06:30:30.616030428,26,12,5,4,5
1281,1,4,30,1162800120716,2006-09-20 06:30:31.945715120,26,5,6,6,9
1282,1,1,10,1162800741716,2006-09-20 06:30:36.246414045,9,4,2,2,1
1283,1,1,10,1162800873716,2006-09-20 06:30:37.160572271,9,1,2,2,4
1284,1,1,10,1162801342716,2006-09-20 06:30:40.408604149,9,2,2,2,3
1285,1,1,10,1162801464716,2006-09-20 06:30:41.253507964,9,2,2,2,3
1286,1,24,390,1162801556716,2006-09-20 06:30:41.890648545,366,136,83,87,60
1287,1,1,10,1162802237716,2006-09-20 06:30:46.606873937,9,3,2,2,2
1288,1,1,10,1162802716716,2006-09-20 06:30:49.924160226,9,3,2,2,2
1289,1,1,10,1162802845716,2006-09-20 06:30:50.817542128,9,2,2,2,3
1290,1,1,10,1162803102716,2006-09-20 06:30:52.597380492,9,4,2,2,1
1291,1,1,10,1162808036716,2006-09-20 06:31:26.767506900,9,3,2,2,2
1292,1,4,30,1162843663716,2006-09-20 06:35:33.500197115,26,13,2,6,5
1293,1,1,10,1162843706716,2006-09-20 06:35:33.797991083,9,4,2,2,1
1294,1,18,110,1162843925716,2006-09-20 06:35:35.314662685,92,23,23,23,23
1295,1,1,10,1162845678716,2006-09-20 06:35:47.454960940,9,1,2,2,4
1296,1,1,10,1162845746716,2006-09-20 06:35:47.925890935,9,4,2,2,1
1297,1,1,10,1162849460716,2006-09-20 06:36:13.646979196,9,3,2,2,2
1298,1,59,410,1162851415716,2006-09-20 06:36:27.186216554,351,155,62,72,62
1299,1,9,60,1162856432716,2006-09-20 06:37:01.931154574,51,10,12,12,17
1300,1,1,10,1162856878716,2006-09-20 06:37:05.019901306,9,4,2,2,1
1301,1,22,120,1162857019716,2006-09-20 06:37:05.996388502,98,43,17,24,14
1302,1,1,10,1162857451716,2006-09-20 06:37:08.988179059,9,4,2,2,1
1303,1,1,10,1162857551716,2006-09-20 06:37:09.680723169,9,4,2,2,1
1304,1,9,60,1162857761716,2006-09-20 06:37:11.135065801,51,10,12,12,17
1305,1,1,10,1162859489716,2006-09-20 06:37:23.102228029,9,2,2,2,3
1306,1,1,10,1162859930716,2006-09-20 06:37:26.156347556,9,4,2,2,1
1307,1,1,10,1162860029716,2006-09-20 06:37:26.841966225,9,4,2,2,1
1308,1,8,80,1162860249716,2006-09-20 06:37:28.365563268,72,31,9,18,14
1309,1,67,390,1162860891716,2006-09-20 06:37:32.811696457,323,65,80,80,98
1310,1,1,20,1162861249716,2006-09-20 06:37:35.291004372,19,3,4,4,8
1311,1,1,10,1162861395716,2006-09-20 06:37:36.302118773,9,1,2,2,4
1312,1,2,20,1162861505716,2006-09-20 06:37:37.063917295,18,3,4,4,7
1313,1,3,20,1162861814716,2006-09-20 06:37:39.203878596,17,7,4,3,3
1314,1,1,10,1162861944716,2006-09-20 06:37:40.104185939,9,1,2,2,4
1315,1,1,10,1162862085716,2006-09-20 06:37:41.080673135,9,4,2,2,1
1316,1,1,10,1162862191716,2006-09-20 06:37:41.814769892,9,2,2,2,3
1317,1,1,10,1162862402716,2006-09-20 06:37:43.276037965,9,2,2,2,3
1318,1,1,10,1162862539716,2006-09-20 06:37:44.224823396,9,3,2,2,2
1319,1,1,10,1162862781716,2006-09-20 06:37:45.900780143,9,2,2,2,3
1320,1,1,10,1162862840716,2006-09-20 06:37:46.309381169,9,2,2,2,3
1321,1,1,10,1162862913716,2006-09-20 06:37:46.814938369,9,3,2,2,2
1322,1,1,10,1162863010716,2006-09-20 06:37:47.486706156,9,2,2,2,3
1323,1,19,230,1162863286716,2006-09-20 06:37:49.398127901,211,87,47,49,28
1324,1,7,40,1162863317716,2006-09-20 06:37:49.612816575,33,7,8,8,10
1325,1,25,250,1162863862716,2006-09-20 06:37:53.387181977,225,88,52,47,38
1326,1,3,40,1162864214716,2006-09-20 06:37:55.824937246,37,17,8,7,5
1327,1,1,10,1162867335716,2006-09-20 06:38:17.439238932,9,3,2,2,2
1328,1,1,10,1162867437716,2006-09-20 06:38:18.145633924,9,2,2,2,3
1329,1,4,40,1162867495716,2006-09-20 06:38:18.547309508,36,15,5,9,7
1330,1,1,10,1162867524716,2006-09-20 06:38:18.748147300,9,3,2,2,2
1331,1,33,210,1162867904716,2006-09-20 06:38:21.379814920,177,65,41,37,34
1332,1,3,40,1162868061716,2006-09-20 06:38:22.467109173,37,18,4,9,6
1333,1,3,20,1162868836716,2006-09-20 06:38:27.834326029,17,8,3,3,3
1334,1,33,170,1162868871716,2006-09-20 06:38:28.076716467,137,33,34,34,36
1335,1,5,40,1162868955716,2006-09-20 06:38:28.658453520,35,17,6,8,4
1336,1,16,210,1162870255716,2006-09-20 06:38:37.661526955,194,41,48,48,57
1337,1,3,20,1162871332716,2006-09-20 06:38:45.120227025,17,8,3,4,2
1338,1,15,250,1162871645716,2006-09-20 06:38:47.287890090,235,72,58,58,47
1339,1,2,40,1162871722716,2006-09-20 06:38:47.821149055,38,9,9,9,11
1340,1,23,270,1162873050716,2006-09-20 06:38:57.018134841,247,89,59,59,40
1341,1,1,10,1162874363716,2006-09-20 06:39:06.111239011,9,2,2,2,3
1342,1,1,10,1162874428716,2006-09-20 06:39:06.561392683,9,3,2,2,2
1343,1,1,10,1162874514716,2006-09-20 06:39:07.156980618,9,2,2,2,3
1344,1,1,10,1162874613716,2006-09-20 06:39:07.842599287,9,2,2,2,3
1345,1,1,10,1162875192716,2006-09-20 06:39:11.852429686,9,4,2,2,1
1346,1,2,20,1162875425716,2006-09-20 06:39:13.466057464,18,9,2,4,3
1347,1,26,250,1162875624716,2006-09-20 06:39:14.844220243,224,68,56,56,44
1348,1,9,50,1162875818716,2006-09-20 06:39:16.187755818,41,20,5,9,7
1349,1,11,210,1162876021716,2006-09-20 06:39:17.593620362,199,57,49,49,44
1350,1,70,390,1162876053716,2006-09-20 06:39:17.815234477,320,118,71,70,61
1351,1,54,400,1162876253716,2006-09-20 06:39:19.200322698,346,113,85,83,65
1352,1,4,40,1162877610716,2006-09-20 06:39:28.598146276,36,13,7,9,7
1353,1,1,10,1162878022716,2006-09-20 06:39:31.451428011,9,3,2,2,2
1354,1,1,10,1162879202716,2006-09-20 06:39:39.623448514,9,4,2,2,1
1355,1,1,10,1162879581716,2006-09-20 06:39:42.248190692,9,3,2,2,2
1356,1,24,130,1162883816716,2006-09-20 06:40:11.577433768,106,38,26,22,20
1357,1,28,250,1162923287716,2006-09-20 06:44:44.931519588,222,65,55,55,47
1358,1,1,20,1162924032716,2006-09-20 06:44:50.090973210,19,7,4,4,4
1359,1,2,20,1162924394716,2006-09-20 06:44:52.597982890,18,3,4,4,7
1360,1,46,250,1162924416716,2006-09-20 06:44:52.750342594,204,98,17,50,39
1361,1,1,20,1162924566716,2006-09-20 06:44:53.789158760,19,5,4,4,6
1362,1,1,10,1162924795716,2006-09-20 06:44:55.375084773,9,3,2,2,2
1363,1,1,10,1162925038716,2006-09-20 06:44:57.057966961,9,1,2,2,4
1364,1,79,500,1162928328716,2006-09-20 06:45:19.842668194,421,176,70,91,84
1365,1,1,20,1162928607716,2006-09-20 06:45:21.774866262,19,9,4,3,3
1366,1,1,10,1162928779716,2006-09-20 06:45:22.966042132,9,2,2,2,3
1367,1,1,10,1162929108716,2006-09-20 06:45:25.244512255,9,1,2,2,4
1368,1,1,10,1162929220716,2006-09-20 06:45:26.020161658,9,3,2,2,2
1369,1,1,20,1162929509716,2006-09-20 06:45:28.021614138,19,4,4,4,7
1370,1,3,20,1162929736716,2006-09-20 06:45:29.593689268,17,7,4,4,2
1371,1,1,20,1162930175716,2006-09-20 06:45:32.633957913,19,7,4,4,4
1372,1,69,390,1162930280716,2006-09-20 06:45:33.361129229,321,67,80,80,94
1373,1,2,20,1162930427716,2006-09-20 06:45:34.379169071,18,6,4,4,4
1374,1,1,10,1162930438716,2006-09-20 06:45:34.455348923,9,4,2,2,1
1375,1,3,20,1162930871716,2006-09-20 06:45:37.454064921,17,8,3,3,3
1377,1,2,20,1162931045716,2006-09-20 06:45:38.659091673,18,5,4,4,5
1376,1,2,20,1162931070716,2006-09-20 06:45:38.832227701,18,3,4,4,7
1378,1,2,20,1162931600716,2006-09-20 06:45:42.502711486,18,6,4,4,4
1379,1,1,10,1162931772716,2006-09-20 06:45:43.693887356,9,2,2,2,3
1380,1,1,10,1162931804716,2006-09-20 06:45:43.915501471,9,1,2,2,4
1381,1,42,390,1162932098716,2006-09-20 06:45:45.951581156,348,166,61,53,68
1382,1,7,40,1162932484716,2006-09-20 06:45:48.624801422,33,7,8,8,10
1383,1,1,10,1162933155716,2006-09-20 06:45:53.271772403,9,4,2,2,1
1384,1,19,130,1162933178716,2006-09-20 06:45:53.431057548,111,27,27,27,30
1385,1,1,20,1162933319716,2006-09-20 06:45:54.407544744,19,9,4,3,3
1386,1,8,50,1162933928716,2006-09-20 06:45:58.625138377,42,10,10,10,12
1387,1,3,50,1162934038716,2006-09-20 06:45:59.386936898,47,18,10,10,9
1388,1,9,50,1162934085716,2006-09-20 06:45:59.712432630,41,19,6,8,8
1389,1,5,50,1162934358716,2006-09-20 06:46:01.603078051,45,10,11,11,13
1390,1,1,10,1162934633716,2006-09-20 06:46:03.507574355,9,4,2,2,1
1391,1,3,60,1162934894716,2006-09-20 06:46:05.315114483,57,25,7,14,11
1392,1,1,10,1162935110716,2006-09-20 06:46:06.811009762,9,3,2,2,2
1393,1,7,60,1162935457716,2006-09-20 06:46:09.214137825,53,17,13,13,10
1394,1,5,50,1162935777716,2006-09-20 06:46:11.430278978,45,12,11,11,11
1395,1,13,80,1162935937716,2006-09-20 06:46:12.538349555,67,28,15,12,12
1396,1,28,250,1162935984716,2006-09-20 06:46:12.863845287,222,87,49,55,31
1397,1,6,80,1162936443716,2006-09-20 06:46:16.042622753,74,15,18,18,23
1398,1,29,210,1162936574716,2006-09-20 06:46:16.949855538,181,90,14,45,32
1399,1,1,10,1162936638716,2006-09-20 06:46:17.393083769,9,1,2,2,4
1400,1,8,110,1162936891716,2006-09-20 06:46:19.145220368,102,49,22,24,7
1401,1,27,370,1162936940716,2006-09-20 06:46:19.484566982,343,170,21,84,68
1402,1,1,10,1162937174716,2006-09-20 06:46:21.105120200,9,2,2,2,3
1403,1,1,10,1162937539716,2006-09-20 06:46:23.632906203,9,1,2,2,4
1404,1,1,10,1162937807716,2006-09-20 06:46:25.488924419,9,3,2,2,2
1405,1,1,10,1162938429716,2006-09-20 06:46:29.796548786,9,1,2,2,4
1406,1,1,10,1162939965716,2006-09-20 06:46:40.434026322,9,1,2,2,4
1407,1,27,160,1162940477716,2006-09-20 06:46:43.979852167,133,53,22,32,26
1408,1,53,390,1162941068716,2006-09-20 06:46:48.072787860,337,167,23,80,67
1409,1,1,10,1162942711716,2006-09-20 06:46:59.451287594,9,4,2,2,1
1410,1,31,390,1162943094716,2006-09-20 06:47:02.103731537,359,146,88,76,49
1411,1,1,10,1162943471716,2006-09-20 06:47:04.714622833,9,3,2,2,2
1412,1,1,20,1162944747716,2006-09-20 06:47:13.551485682,19,9,3,4,3
1413,1,1,20,1162944914716,2006-09-20 06:47:14.708034346,19,4,4,4,7
1414,1,14,110,1162945320716,2006-09-20 06:47:17.519763434,96,21,24,24,27
1415,1,26,140,1162946189716,2006-09-20 06:47:23.537971754,114,35,28,28,23
1416,1,1,20,1162946280716,2006-09-20 06:47:24.168186894,19,4,4,4,7
1417,1,1,10,1162946486716,2006-09-20 06:47:25.594827762,9,1,2,2,4
1418,1,2,20,1162946504716,2006-09-20 06:47:25.719485702,18,4,4,4,6
1419,1,1,10,1162946602716,2006-09-20 06:47:26.398178930,9,4,2,2,1
1420,1,1,20,1162947487716,2006-09-20 06:47:32.527194307,19,8,4,4,3
1421,1,26,210,1162948785716,2006-09-20 06:47:41.516416860,184,76,26,46,36
1422,1,1,20,1162948900716,2006-09-20 06:47:42.312842587,19,7,4,4,4
1423,1,12,170,1162949623716,2006-09-20 06:47:47.319936505,158,50,39,38,31
1424,1,53,270,1162950108716,2006-09-20 06:47:50.678775441,217,43,54,54,66
1425,1,7,40,1162950431716,2006-09-20 06:47:52.915692917,33,14,8,6,5
1426,1,1,10,1162951083716,2006-09-20 06:47:57.431080517,9,4,2,2,1
1427,1,1,10,1162951459716,2006-09-20 06:48:00.035046372,9,4,2,2,1
1428,1,56,390,1162952005716,2006-09-20 06:48:03.816337215,334,102,83,83,66
1429,1,1,10,1162954114716,2006-09-20 06:48:18.422092504,9,3,2,2,2
1430,1,9,80,1162954245716,2006-09-20 06:48:19.329325288,71,18,17,17,19
1431,1,2,20,1162954302716,2006-09-20 06:48:19.724075431,18,6,4,4,4
1432,1,9,80,1162954491716,2006-09-20 06:48:21.032983800,71,18,17,17,19
1433,1,3,20,1162954726716,2006-09-20 06:48:22.660462460,17,3,4,4,6
1434,1,9,130,1162954817716,2006-09-20 06:48:23.290677600,121,51,30,30,10
1435,1,2,40,1162955132716,2006-09-20 06:48:25.472191548,38,12,9,9,8
1436,1,3,40,1162955236716,2006-09-20 06:48:26.192437423,37,18,5,7,7
1437,1,20,130,1162955418716,2006-09-20 06:48:27.452867704,110,41,21,27,21
1438,3,80,1000,1162955510716,2006-09-20 06:48:28.090008285,920,313,201,226,180
1439,2,140,930,1162955574716,2006-09-20 06:48:28.533236516,790,177,197,197,219
1440,1,21,110,1162955718716,2006-09-20 06:48:29.530500035,89,42,20,10,17
1441,1,5,90,1162955926716,2006-09-20 06:48:30.970991784,85,39,10,20,16
1442,1,16,110,1162956053716,2006-09-20 06:48:31.850522805,94,22,23,23,26
1443,4,167,1440,1162956222716,2006-09-20 06:48:33.020922351,1273,498,261,264,250
1444,1,19,110,1162956404716,2006-09-20 06:48:34.281352632,91,18,22,22,29
1445,1,1,20,1162956426716,2006-09-20 06:48:34.433712337,19,3,4,4,8
1446,1,32,210,1162957084716,2006-09-20 06:48:38.990652583,178,85,27,42,24
1447,1,1,10,1162957558716,2006-09-20 06:48:42.273311666,9,2,2,2,3
1448,1,24,130,1162957719716,2006-09-20 06:48:43.388307684,106,40,23,23,20
1449,1,19,130,1162958008716,2006-09-20 06:48:45.389760163,111,45,27,27,12
1450,1,16,130,1162958238716,2006-09-20 06:48:46.982611617,114,55,26,17,16
1451,1,18,130,1162958407716,2006-09-20 06:48:48.153011164,112,52,24,24,12
1452,1,10,60,1162959461716,2006-09-20 06:48:55.452426087,50,11,12,12,15
1453,1,4,30,1162959760716,2006-09-20 06:48:57.523132978,26,11,5,6,4
1454,2,44,810,1162959949716,2006-09-20 06:48:58.832041346,766,303,163,162,138
1455,1,94,500,1162960894716,2006-09-20 06:49:05.376583190,406,130,95,101,80
1456,1,3,20,1162961564716,2006-09-20 06:49:10.016628729,17,4,4,4,5
1457,2,145,960,1162961692716,2006-09-20 06:49:10.903085191,815,247,202,203,163
1458,1,32,390,1162961866716,2006-09-20 06:49:12.108111943,358,78,89,89,102
1459,1,4,30,1162963031716,2006-09-20 06:49:20.176250829,26,10,5,6,5
1460,1,7,70,1162963191716,2006-09-20 06:49:21.284321406,63,26,15,11,11
1461,1,57,390,1162963585716,2006-09-20 06:49:24.012945201,333,130,76,83,44
1462,1,8,130,1162963803716,2006-09-20 06:49:25.522691361,122,49,29,29,15
1463,1,49,330,1162964070716,2006-09-20 06:49:27.371784136,281,85,70,70,56
1464,4,213,1070,1162964186716,2006-09-20 06:49:28.175135304,857,284,205,213,155
1465,1,4,80,1162980212716,2006-09-20 06:51:19.162254439,76,22,19,19,16
1466,1,25,130,1163012023716,2006-09-20 06:54:59.467461401,105,35,26,23,21
1467,1,45,410,1163012561716,2006-09-20 06:55:03.193348715,365,148,79,72,66
1468,1,30,170,1163012872716,2006-09-20 06:55:05.347160898,140,52,28,32,28
1469,1,68,410,1163013228716,2006-09-20 06:55:07.812617931,342,68,85,85,104
1470,1,1,10,1163013379716,2006-09-20 06:55:08.858359538,9,3,2,2,2
1471,1,20,130,1163013690716,2006-09-20 06:55:11.012171721,110,52,24,25,9
1472,1,74,410,1163013697716,2006-09-20 06:55:11.060649809,336,119,81,73,63
1473,1,23,210,1163013888716,2006-09-20 06:55:12.383409060,187,77,28,46,36
1474,1,44,450,1163014159716,2006-09-20 06:55:14.260203599,406,144,85,96,81
1475,1,31,210,1163014220716,2006-09-20 06:55:14.682655507,179,67,41,44,27
1476,1,34,200,1163014852716,2006-09-20 06:55:19.059534284,166,80,24,37,25
1477,1,3,20,1163015260716,2006-09-20 06:55:21.885114255,17,7,3,4,3
1478,1,5,30,1163015355716,2006-09-20 06:55:22.543031160,25,11,3,6,5
1479,1,1,10,1163015455716,2006-09-20 06:55:23.235575270,9,3,2,2,2
1480,1,18,110,1163015556716,2006-09-20 06:55:23.935044822,92,21,23,23,25
1481,1,30,450,1163015686716,2006-09-20 06:55:24.835352165,420,181,87,71,81
1482,1,14,110,1163016549716,2006-09-20 06:55:30.812007838,96,24,24,24,24
1483,1,23,470,1163016586716,2006-09-20 06:55:31.068249159,447,107,111,111,118
1484,1,1,20,1163016650716,2006-09-20 06:55:31.511477390,19,8,4,4,3
1485,1,17,170,1163016741716,2006-09-20 06:55:32.141692530,153,63,34,34,22
1486,1,1,10,1163016858716,2006-09-20 06:55:32.951969139,9,3,2,2,2
1487,1,40,260,1163016945716,2006-09-20 06:55:33.554482515,220,44,55,55,66
1488,1,1,10,1163017144716,2006-09-20 06:55:34.932645295,9,4,2,2,1
1489,1,24,210,1163017164716,2006-09-20 06:55:35.071154117,186,90,19,40,37
1491,1,17,210,1163017340716,2006-09-20 06:55:36.290031751,193,58,48,48,39
1493,1,50,480,1163017351716,2006-09-20 06:55:36.366211604,430,150,98,105,77
1490,4,105,1260,1163017360716,2006-09-20 06:55:36.428540573,1155,429,221,278,227
1492,1,12,210,1163017404716,2006-09-20 06:55:36.733259982,198,57,49,49,43
1494,1,63,450,1163017497716,2006-09-20 06:55:37.377326005,387,136,78,96,77
1495,1,31,210,1163017709716,2006-09-20 06:55:38.845519519,179,83,33,30,33
1496,2,60,420,1163017971716,2006-09-20 06:55:40.659985088,360,115,88,86,71
1497,1,56,470,1163018048716,2006-09-20 06:55:41.193244053,414,92,103,103,116
1498,1,22,210,1163018176716,2006-09-20 06:55:42.079700514,188,71,40,45,32
1499,1,73,410,1163018438716,2006-09-20 06:55:43.894166084,337,144,51,76,66
1500,1,26,210,1163018533716,2006-09-20 06:55:44.552082989,184,81,29,40,34
1501,1,25,210,1163018763716,2006-09-20 06:55:46.144934443,185,57,46,46,36
1502,1,25,470,1163018838716,2006-09-20 06:55:46.664342525,445,136,110,111,88
1503,1,26,260,1163018866716,2006-09-20 06:55:46.858254876,234,73,57,58,46
1504,1,1,10,1163018980716,2006-09-20 06:55:47.647755162,9,1,2,2,4
1505,1,45,410,1163019102716,2006-09-20 06:55:48.492658977,365,98,91,91,85
1506,1,61,450,1163019139716,2006-09-20 06:55:48.748900298,389,101,97,97,94
1507,4,163,1260,1163019252716,2006-09-20 06:55:49.531475142,1097,230,274,274,319
1508,1,1,10,1163019518716,2006-09-20 06:55:51.373642476,9,1,2,2,4
1509,1,1,10,1163019697716,2006-09-20 06:55:52.613296434,9,2,2,2,3
1510,1,36,210,1163020215716,2006-09-20 06:55:56.200674926,174,81,20,42,31
1511,3,127,810,1163020537716,2006-09-20 06:55:58.430666961,683,150,170,170,193
1512,1,90,470,1163020754716,2006-09-20 06:55:59.933487681,380,118,92,95,75
1513,1,13,260,1163020896716,2006-09-20 06:56:00.916900318,247,91,58,53,45
1514,3,146,1850,1163020967716,2006-09-20 06:56:01.408606636,1704,746,298,399,261
1515,1,10,210,1163021129716,2006-09-20 06:56:02.530528095,200,86,44,44,26
1516,1,30,210,1163021442716,2006-09-20 06:56:04.698191160,180,60,42,44,34
1517,1,86,470,1163021723716,2006-09-20 06:56:06.644240111,384,126,89,93,76
1518,1,22,260,1163021986716,2006-09-20 06:56:08.465631121,238,59,59,59,61
1519,1,1,10,1163022160716,2006-09-20 06:56:09.670657873,9,2,2,2,3
1520,1,15,260,1163022263716,2006-09-20 06:56:10.383978307,245,67,61,61,56
1521,1,49,260,1163022546716,2006-09-20 06:56:12.343878139,211,75,45,52,39
1522,1,25,250,1163022675716,2006-09-20 06:56:13.237260042,225,96,41,53,35
1523,1,1,10,1163022921716,2006-09-20 06:56:14.940918553,9,1,2,2,4
1524,1,13,110,1163022974716,2006-09-20 06:56:15.307966932,97,33,24,23,17
1525,1,22,250,1163023041716,2006-09-20 06:56:15.771971486,228,52,57,57,62
1526,1,1,10,1163023138716,2006-09-20 06:56:16.443739273,9,4,2,2,1
1527,2,48,500,1163023498716,2006-09-20 06:56:18.936898070,452,195,89,107,61
1528,1,25,150,1163024580716,2006-09-20 06:56:26.430225345,125,42,28,30,25
1529,1,32,250,1163024903716,2006-09-20 06:56:28.667142822,218,46,54,54,64
1530,1,25,260,1163025047716,2006-09-20 06:56:29.664406341,235,53,58,58,66
1531,1,35,250,1163025060716,2006-09-20 06:56:29.754437075,215,81,50,47,37
1532,1,1,10,1163025214716,2006-09-20 06:56:30.820955005,9,3,2,2,2
1533,1,7,80,1163025940716,2006-09-20 06:56:35.848825247,73,30,12,17,14
1534,1,23,210,1163026586716,2006-09-20 06:56:40.322660200,187,78,29,46,34
1535,1,2,40,1163026731716,2006-09-20 06:56:41.326849160,38,10,9,9,10
1536,1,19,250,1163026916716,2006-09-20 06:56:42.608055764,231,52,57,57,65
1537,1,1,10,1163027218716,2006-09-20 06:56:44.699538978,9,2,2,2,3
1538,1,31,410,1163027464716,2006-09-20 06:56:46.403197489,379,75,94,94,116
1539,1,50,390,1163028037716,2006-09-20 06:56:50.371475242,340,111,83,82,64
1540,1,42,270,1163028600716,2006-09-20 06:56:54.270498583,228,91,47,51,39
1541,1,17,260,1163029233716,2006-09-20 06:56:58.654302802,243,69,60,60,54
1542,1,41,310,1163029327716,2006-09-20 06:56:59.305294266,269,73,67,67,62
1543,1,3,40,1163029495716,2006-09-20 06:57:00.468768372,37,12,9,9,7
1544,1,50,260,1163029520716,2006-09-20 06:57:00.641904399,210,69,47,52,42
1545,1,4,40,1163030060716,2006-09-20 06:57:04.381642595,36,16,4,9,7
1546,1,5,30,1163030071716,2006-09-20 06:57:04.457822448,25,11,4,6,4
1547,1,5,40,1163030747716,2006-09-20 06:57:09.139420634,35,16,4,8,7
1548,1,2,40,1163031363716,2006-09-20 06:57:13.405492354,38,19,4,9,6
1549,1,5,40,1163031558716,2006-09-20 06:57:14.755953369,35,14,6,8,7
1550,1,7,40,1163031724716,2006-09-20 06:57:15.905576593,33,15,6,6,6
1551,1,5,40,1163031906716,2006-09-20 06:57:17.166006874,35,10,8,8,9
1552,1,44,260,1163032337716,2006-09-20 06:57:20.150871989,216,92,50,49,25
1553,1,7,40,1163032582716,2006-09-20 06:57:21.847605060,33,9,8,8,8
1554,1,5,70,1163032768716,2006-09-20 06:57:23.135737105,65,19,16,16,14
1555,1,6,80,1163033586716,2006-09-20 06:57:28.800747929,74,23,18,18,15
1556,1,35,250,1163033888716,2006-09-20 06:57:30.892231142,215,60,53,53,49
1557,1,8,80,1163034421716,2006-09-20 06:57:34.583491250,72,32,11,16,13
1558,1,14,80,1163034834716,2006-09-20 06:57:37.443698426,66,13,16,16,21
1559,1,14,80,1163035317716,2006-09-20 06:57:40.788686480,66,30,11,12,13
1560,1,8,80,1163035550716,2006-09-20 06:57:42.402314257,72,16,18,18,20
1561,1,29,350,1163035559716,2006-09-20 06:57:42.464643227,321,96,80,80,65
1562,1,13,80,1163035999716,2006-09-20 06:57:45.511837313,67,33,5,16,13
1563,1,19,210,1163036213716,2006-09-20 06:57:46.993881709,191,59,47,47,38
1564,1,36,210,1163037183716,2006-09-20 06:57:53.711559580,174,81,20,41,32
1565,1,23,210,1163037810716,2006-09-20 06:57:58.053811152,187,64,46,42,35
1566,1,1,10,1163038544716,2006-09-20 06:58:03.137084923,9,2,2,2,3
1567,1,13,210,1163038613716,2006-09-20 06:58:03.614940359,197,47,49,49,52
1568,1,2,20,1163038650716,2006-09-20 06:58:03.871181680,18,8,3,4,3
1569,1,3,30,1163038956716,2006-09-20 06:58:05.990366658,27,13,4,5,5
1570,1,11,80,1163039310716,2006-09-20 06:58:08.441972808,69,14,17,17,21
1572,1,6,80,1163039750716,2006-09-20 06:58:11.489166894,74,16,18,18,22
1571,1,12,80,1163039768716,2006-09-20 06:58:11.613824834,68,19,17,17,15
1573,1,1,10,1163039858716,2006-09-20 06:58:12.237114533,9,1,2,2,4
1574,1,1,10,1163040108716,2006-09-20 06:58:13.968474809,9,2,2,2,3
1575,1,9,150,1163040544716,2006-09-20 06:58:16.987967131,141,30,35,35,41
1576,1,1,10,1163040654716,2006-09-20 06:58:17.749765652,9,2,2,2,3
1577,1,11,80,1163040664716,2006-09-20 06:58:17.819020063,69,34,17,11,7
1578,1,2,20,1163041266716,2006-09-20 06:58:21.988135608,18,3,4,4,7
1579,1,10,80,1163041443716,2006-09-20 06:58:23.213938683,70,30,15,14,11
1580,1,4,50,1163041508716,2006-09-20 06:58:23.664092355,46,22,6,10,8
1581,1,1,10,1163044426716,2006-09-20 06:58:43.872529497,9,2,2,2,3
1582,1,11,80,1163044626716,2006-09-20 06:58:45.257617718,69,22,17,17,13
1583,1,22,180,1163044850716,2006-09-20 06:58:46.808916525,158,62,32,37,27
1584,1,35,180,1163045820716,2006-09-20 06:58:53.526594396,145,64,23,33,25
1585,1,1,10,1163045897716,2006-09-20 06:58:54.059853361,9,1,2,2,4
1586,1,1,10,1163046224716,2006-09-20 06:58:56.324472602,9,4,2,2,1
1587,1,1,10,1163046425716,2006-09-20 06:58:57.716486264,9,3,2,2,2
1588,1,1,10,1163046824716,2006-09-20 06:59:00.479737265,9,1,2,2,4
1589,1,1,10,1163047031716,2006-09-20 06:59:01.913303573,9,4,2,2,1
1590,1,1,10,1163047281716,2006-09-20 06:59:03.644663849,9,1,2,2,4
1591,1,1,10,1163047507716,2006-09-20 06:59:05.209813539,9,3,2,2,2
1592,1,1,10,1163049867716,2006-09-20 06:59:21.553854544,9,2,2,2,3
1593,1,13,210,1163050054716,2006-09-20 06:59:22.848912031,197,79,36,46,36
1594,1,33,210,1163054722716,2006-09-20 06:59:55.176871105,177,47,44,44,42
1595,1,176,1290,1163055227716,2006-09-20 06:59:58.674218862,1114,270,278,278,288
1596,1,1,20,1163064709716,2006-09-20 07:01:04.341251411,19,6,4,4,5
1597,1,1,10,1163097849716,2006-09-20 07:04:53.850369601,9,2,2,2,3
1598,1,1,20,1163098449716,2006-09-20 07:04:58.005634263,19,6,4,4,5
1599,1,38,210,1163098469716,2006-09-20 07:04:58.144143086,172,38,43,43,48
1600,1,1,20,1163098988716,2006-09-20 07:05:01.738447019,19,6,4,4,5
1601,1,1,10,1163100270716,2006-09-20 07:05:10.616862514,9,3,2,2,2
1602,1,1,10,1163100439716,2006-09-20 07:05:11.787262061,9,4,2,2,1
1604,1,25,250,1163100961716,2006-09-20 07:05:15.402342317,225,65,56,56,48
1603,1,1,10,1163100997716,2006-09-20 07:05:15.651658197,9,4,2,2,1
1605,1,1,10,1163101175716,2006-09-20 07:05:16.884386713,9,2,2,2,3
1606,1,48,810,1163101455716,2006-09-20 07:05:18.823510222,762,351,118,143,150
1607,1,1,10,1163101693716,2006-09-20 07:05:20.471765205,9,2,2,2,3
1608,1,5,70,1163102020716,2006-09-20 07:05:22.736384446,65,24,16,13,12
1609,1,104,800,1163102819716,2006-09-20 07:05:28.269811888,696,141,174,174,207
1610,1,14,80,1163102909716,2006-09-20 07:05:28.893101588,66,18,16,16,16
1611,1,8,60,1163103547716,2006-09-20 07:05:33.311533012,52,11,13,13,15
1612,1,7,60,1163103913716,2006-09-20 07:05:35.846244456,53,21,10,13,9
1614,1,3,40,1163104286716,2006-09-20 07:05:38.429433988,37,7,9,9,12
1613,1,5,60,1163104287716,2006-09-20 07:05:38.436359429,55,13,13,13,16
1615,1,9,60,1163104533716,2006-09-20 07:05:40.140017941,51,11,12,12,16
1616,1,5,30,1163104779716,2006-09-20 07:05:41.843676452,25,11,4,6,4
1617,1,71,480,1163104960716,2006-09-20 07:05:43.097181292,409,88,102,102,117
1618,1,34,260,1163105058716,2006-09-20 07:05:43.775874520,226,66,56,56,48
1619,1,62,390,1163105505716,2006-09-20 07:05:46.871546694,328,108,82,76,62
1620,1,56,470,1163105605716,2006-09-20 07:05:47.564090804,414,150,91,103,70
1621,1,27,470,1163106308716,2006-09-20 07:05:52.432675901,443,118,110,110,105
1622,1,65,490,1163106833716,2006-09-20 07:05:56.068532480,425,131,103,106,85
1624,1,3,20,1163106932716,2006-09-20 07:05:56.754151149,17,4,4,4,5
1623,1,19,260,1163106988716,2006-09-20 07:05:57.141975851,241,109,53,55,24
1625,1,4,30,1163107340716,2006-09-20 07:05:59.579731120,26,11,4,6,5
1626,1,8,110,1163107576716,2006-09-20 07:06:01.214135221,102,35,25,25,17
1627,1,3,30,1163107956716,2006-09-20 07:06:03.845802840,27,8,6,6,7
1628,3,115,1790,1163108184716,2006-09-20 07:06:05.424803412,1675,337,418,418,502
1629,1,30,260,1163108240716,2006-09-20 07:06:05.812628114,230,61,57,57,55
1630,1,34,210,1163109627716,2006-09-20 07:06:15.418214925,176,64,39,41,32
1631,1,2,20,1163109886716,2006-09-20 07:06:17.211904171,18,5,4,4,5
1632,1,10,70,1163109983716,2006-09-20 07:06:17.883671958,60,19,15,14,12
1633,1,42,250,1163110364716,2006-09-20 07:06:20.522265019,208,60,52,52,44
1634,1,49,260,1163110692716,2006-09-20 07:06:22.793809701,211,81,47,41,42
1635,1,22,260,1163114321716,2006-09-20 07:06:47.926235468,238,76,56,59,47
1636,1,19,180,1163115718716,2006-09-20 07:06:57.601076690,161,51,39,40,31
1637,1,13,180,1163116356716,2006-09-20 07:07:02.019508114,167,50,41,41,35
1638,2,99,500,1163116855716,2006-09-20 07:07:05.475303225,401,151,76,94,80
1639,1,77,410,1163116966716,2006-09-20 07:07:06.244027188,333,81,83,83,86
1640,1,2,20,1163117651716,2006-09-20 07:07:10.987954344,18,6,4,4,4
1641,1,3,20,1163118131716,2006-09-20 07:07:14.312166074,17,8,3,3,3
1642,1,53,420,1163118386716,2006-09-20 07:07:16.078153556,367,86,91,91,99
1643,1,35,250,1163118573716,2006-09-20 07:07:17.373211042,215,78,41,53,43
1644,1,5,90,1163121345716,2006-09-20 07:07:36.570533783,85,39,9,20,17
1645,1,80,490,1163121620716,2006-09-20 07:07:38.475030086,410,147,87,98,78
1646,1,2,40,1163122014716,2006-09-20 07:07:41.203653881,38,8,9,9,12
1647,1,6,40,1163122486716,2006-09-20 07:07:44.472462083,34,16,4,8,6
1648,1,6,40,1163122617716,2006-09-20 07:07:45.379694867,34,14,6,8,6
1649,1,14,90,1163122684716,2006-09-20 07:07:45.843699421,76,25,19,18,14
1650,2,28,510,1163123058716,2006-09-20 07:07:48.433814394,482,150,118,119,95
1651,1,23,250,1163123871716,2006-09-20 07:07:54.064198012,227,87,53,47,40
1652,1,22,250,1163124359716,2006-09-20 07:07:57.443813271,228,104,33,46,45
1653,1,12,120,1163125019716,2006-09-20 07:08:02.014604399,108,38,26,25,19
1654,1,1,10,1163125219716,2006-09-20 07:08:03.399692620,9,2,2,2,3
1655,1,34,180,1163125224716,2006-09-20 07:08:03.434319826,146,52,30,36,28
1656,2,69,520,1163125624716,2006-09-20 07:08:06.204496267,451,223,92,52,84
1657,1,1,10,1163125643716,2006-09-20 07:08:06.336079648,9,4,2,2,1
1658,1,1,10,1163125776716,2006-09-20 07:08:07.257163315,9,2,2,2,3
1659,1,21,180,1163125967716,2006-09-20 07:08:08.579922566,159,39,39,39,42
1660,1,25,180,1163126192716,2006-09-20 07:08:10.138146814,155,45,38,38,34
1661,2,77,610,1163126631716,2006-09-20 07:08:13.178415459,533,254,74,100,105
1662,1,7,40,1163126658716,2006-09-20 07:08:13.365402369,33,16,4,7,6
1664,1,48,390,1163126892716,2006-09-20 07:08:14.985955587,342,149,53,75,65
1663,1,7,40,1163126897716,2006-09-20 07:08:15.020582793,33,7,8,8,10
1665,2,92,520,1163127132716,2006-09-20 07:08:16.648061452,428,94,107,107,120
1666,1,9,120,1163127394716,2006-09-20 07:08:18.462527022,111,46,17,26,22
1668,1,39,210,1163127721716,2006-09-20 07:08:20.727146263,171,66,32,41,32
1667,2,35,520,1163127724716,2006-09-20 07:08:20.747922586,485,110,121,121,133
1669,1,18,110,1163128314716,2006-09-20 07:08:24.833932837,92,18,23,23,28
1670,1,5,50,1163128511716,2006-09-20 07:08:26.198244735,45,22,8,11,4
1671,1,21,120,1163129020716,2006-09-20 07:08:29.723294257,99,47,12,23,17
1672,2,91,510,1163129248716,2006-09-20 07:08:31.302294828,419,181,91,69,78
1673,1,66,390,1163129337716,2006-09-20 07:08:31.918659087,324,88,81,81,74
1674,1,35,210,1163129791716,2006-09-20 07:08:35.062809348,175,47,43,43,42
1675,1,12,130,1163130375716,2006-09-20 07:08:39.107266953,118,56,17,26,19
1676,1,13,210,1163130495716,2006-09-20 07:08:39.938319885,197,72,40,46,39
1677,1,22,200,1163130873716,2006-09-20 07:08:42.556136623,178,49,44,44,41
1678,1,12,160,1163131084716,2006-09-20 07:08:44.017404696,148,32,37,37,42
1679,2,160,1040,1163131425716,2006-09-20 07:08:46.378980112,880,348,195,172,165
1680,1,13,130,1163131606716,2006-09-20 07:08:47.632484952,117,54,23,20,20
1681,1,1,10,1163131861716,2006-09-20 07:08:49.398472433,9,2,2,2,3
1682,1,1,10,1163133098716,2006-09-20 07:08:57.965243079,9,1,2,2,4
1683,1,1,10,1163134676716,2006-09-20 07:09:08.893589142,9,4,2,2,1
1684,2,35,510,1163134846716,2006-09-20 07:09:10.070914129,475,228,65,115,67
1685,1,1,10,1163136870716,2006-09-20 07:09:24.088006924,9,3,2,2,2
1686,1,18,100,1163136891716,2006-09-20 07:09:24.233441187,82,17,20,20,25
1687,1,13,110,1163137522716,2006-09-20 07:09:28.603394524,97,46,12,22,17
1688,1,36,260,1163145704716,2006-09-20 07:10:25.267353637,224,77,56,55,36
1689,1,42,260,1163146599716,2006-09-20 07:10:31.465623426,218,44,54,54,66
1690,1,19,260,1163152574716,2006-09-20 07:11:12.845134023,241,58,60,60,63
1691,1,18,150,1163187444716,2006-09-20 07:15:14.335265322,132,56,31,27,18
1692,1,1,10,1163187715716,2006-09-20 07:15:16.212059862,9,3,2,2,2
1693,1,7,110,1163189605716,2006-09-20 07:15:29.301143548,103,38,20,25,20
1694,1,13,130,1163190734716,2006-09-20 07:15:37.119966555,117,57,28,17,15
1695,1,24,410,1163192376716,2006-09-20 07:15:48.491540848,386,104,96,96,90
1696,1,9,180,1163194868716,2006-09-20 07:16:05.749740079,171,79,34,30,28
1697,1,1,20,1163198700716,2006-09-20 07:16:32.288030390,19,6,4,4,5
1698,1,48,250,1163200231716,2006-09-20 07:16:42.890880721,202,72,43,50,37
1699,1,23,180,1163200266716,2006-09-20 07:16:43.133271159,157,69,25,32,31
1700,1,21,110,1163201350716,2006-09-20 07:16:50.640449316,89,21,22,22,24
1701,1,12,110,1163202125716,2006-09-20 07:16:56.007666172,98,25,24,24,25
1702,1,11,120,1163202763716,2006-09-20 07:17:00.426097596,109,49,15,27,18
1703,1,2,20,1163204102716,2006-09-20 07:17:09.699263234,18,6,4,4,4
1704,1,30,260,1163205543716,2006-09-20 07:17:19.678823865,230,83,50,52,45
1705,1,7,110,1163206599716,2006-09-20 07:17:26.992089671,103,50,12,24,17
1706,2,74,510,1163207169716,2006-09-20 07:17:30.939591101,436,148,94,109,85
1707,2,42,510,1163207333716,2006-09-20 07:17:32.075363442,468,184,95,109,80
1708,1,58,410,1163208069716,2006-09-20 07:17:37.172488094,352,140,75,71,66
1709,1,16,110,1163208170716,2006-09-20 07:17:37.871957646,94,47,7,23,17
1710,1,34,470,1163208201716,2006-09-20 07:17:38.086646320,436,165,95,98,78
1711,1,24,410,1163209198716,2006-09-20 07:17:44.991311101,386,163,88,62,73
1712,1,5,30,1163209986716,2006-09-20 07:17:50.448558691,25,5,6,6,8
1713,1,2,20,1163210894716,2006-09-20 07:17:56.736859213,18,7,4,4,3
1714,1,1,30,1163211384716,2006-09-20 07:18:00.130325354,29,9,7,7,6
1715,1,79,400,1163211853716,2006-09-20 07:18:03.378357232,321,153,73,75,20
1716,1,24,410,1163213924716,2006-09-20 07:18:17.720945759,386,161,69,83,73
1717,1,3,20,1163214637716,2006-09-20 07:18:22.658785266,17,7,4,4,2
1718,1,80,410,1163215000716,2006-09-20 07:18:25.172720387,330,146,70,58,56
1719,2,165,1930,1163215074716,2006-09-20 07:18:25.685203029,1765,660,427,350,328
1720,1,23,330,1163215758716,2006-09-20 07:18:30.422204744,307,128,75,60,44
1721,1,13,200,1163217038716,2006-09-20 07:18:39.286769357,187,76,30,44,37
1722,1,38,400,1163217310716,2006-09-20 07:18:41.170489337,362,164,87,67,44
1723,1,26,410,1163218046716,2006-09-20 07:18:46.267613990,384,113,96,96,79
1724,1,186,1210,1163218929716,2006-09-20 07:18:52.382778485,1024,245,256,256,267
1725,1,3,60,1163219565716,2006-09-20 07:18:56.787359027,57,20,12,14,11
1726,3,405,3210,1163219627716,2006-09-20 07:18:57.216736376,2805,1185,462,660,498
1727,1,41,210,1163219806716,2006-09-20 07:18:58.456390333,169,49,42,42,36
1728,1,1,10,1163222492716,2006-09-20 07:19:17.058125139,9,4,2,2,1
1729,1,52,370,1163223161716,2006-09-20 07:19:21.691245237,318,71,79,79,89
1730,1,1,20,1163223550716,2006-09-20 07:19:24.385241827,19,3,4,4,8
1731,1,1,10,1163224563716,2006-09-20 07:19:31.400713665,9,1,2,2,4
1732,1,43,340,1163225301716,2006-09-20 07:19:36.511689200,297,60,74,74,89
1733,1,1,10,1163225944716,2006-09-20 07:19:40.964747830,9,4,2,2,1
1734,1,16,230,1163235364716,2006-09-20 07:20:46.202403031,214,89,30,53,42
1735,1,47,260,1163242176716,2006-09-20 07:21:33.378507832,213,51,53,53,56
1736,1,29,250,1163242711716,2006-09-20 07:21:37.083618822,221,101,41,45,34
1737,1,19,250,1163242976716,2006-09-20 07:21:38.918860715,231,79,56,52,44
1738,1,27,260,1163243215716,2006-09-20 07:21:40.574041139,233,94,49,44,46
1739,1,29,260,1163243713716,2006-09-20 07:21:44.022910809,231,105,45,47,34
1740,1,1,10,1163291761716,2006-09-20 07:27:16.776504978,9,3,2,2,2
1741,1,1,10,1163292309716,2006-09-20 07:27:20.571646703,9,1,2,2,4
1742,1,31,190,1163293053716,2006-09-20 07:27:25.724174885,159,62,38,28,31
1743,1,1,10,1163293190716,2006-09-20 07:27:26.672960316,9,3,2,2,2
1744,1,15,140,1163293457716,2006-09-20 07:27:28.522053091,125,61,15,28,21
1745,1,40,330,1163294492716,2006-09-20 07:27:35.689884634,290,129,53,60,48
1746,1,2,40,1163294783716,2006-09-20 07:27:37.705187995,38,7,9,9,13
1747,1,3,40,1163295012716,2006-09-20 07:27:39.291114008,37,9,9,9,10
1748,2,83,510,1163396326716,2006-09-20 07:39:20.935254028,427,101,106,106,114
1749,2,35,510,1163399384716,2006-09-20 07:39:42.113252924,475,227,54,106,88
1750,1,1,10,1163400764716,2006-09-20 07:39:51.670361648,9,2,2,2,3
1751,1,1,10,1163405596716,2006-09-20 07:40:25.134093063,9,3,2,2,2
1752,1,1,10,1163405658716,2006-09-20 07:40:25.563470412,9,2,2,2,3
1753,1,1,10,1163405844716,2006-09-20 07:40:26.851602457,9,4,2,2,1
1754,1,51,260,1163406112716,2006-09-20 07:40:28.707620673,209,51,52,52,54
1755,1,35,210,1163448168716,2006-09-20 07:45:19.963971747,175,86,25,31,33
1756,1,40,210,1163448819716,2006-09-20 07:45:24.472433905,170,40,42,42,46
1757,3,395,3210,1163449182716,2006-09-20 07:45:26.986369026,2815,1061,515,694,545
1758,1,13,210,1163450128716,2006-09-20 07:45:33.537836311,197,81,32,49,35
1759,3,424,3210,1163450141716,2006-09-20 07:45:33.627867045,2786,906,634,696,550
1760,1,34,290,1163451633716,2006-09-20 07:45:43.960625172,256,60,64,64,68
1761,1,37,210,1163451690716,2006-09-20 07:45:44.355375315,173,71,39,40,23
1762,2,33,510,1163451741716,2006-09-20 07:45:44.708572812,477,175,118,96,88
1763,1,25,210,1163455506716,2006-09-20 07:46:10.782858568,185,76,34,39,36
1764,1,8,120,1163465312716,2006-09-20 07:47:18.693734035,112,36,27,27,22
1765,1,6,70,1163465848716,2006-09-20 07:47:22.405770467,64,28,11,14,11
1766,1,19,120,1163466402716,2006-09-20 07:47:26.242464839,101,23,25,25,28
1767,1,8,70,1163466753716,2006-09-20 07:47:28.673294666,62,25,10,15,12
1768,2,54,510,1163467455716,2006-09-20 07:47:33.534954321,456,212,100,102,42
1769,1,2,20,1163469195716,2006-09-20 07:47:45.585221842,18,4,4,4,6
1770,1,14,120,1163469463716,2006-09-20 07:47:47.441240058,106,41,21,26,18
1771,1,40,240,1163469544716,2006-09-20 07:47:48.002200788,200,66,45,50,39
1772,1,38,210,1163483995716,2006-09-20 07:49:28.081750183,172,46,43,43,40
1773,2,382,1980,1163484970716,2006-09-20 07:49:34.834055260,1598,499,396,399,304
1774,2,317,1890,1163487450716,2006-09-20 07:49:52.009149198,1573,601,388,367,217
1775,1,5,60,1163488283716,2006-09-20 07:49:57.778041637,55,21,11,12,11
1776,1,3,20,1163490088716,2006-09-20 07:50:10.278462830,17,3,4,4,6
1777,1,30,260,1163491613716,2006-09-20 07:50:20.839760514,230,85,43,56,46
1778,1,35,400,1163492856716,2006-09-20 07:50:29.448083806,365,145,80,74,66
1779,4,311,1770,1163496142716,2006-09-20 07:50:52.205083275,1459,605,276,308,270
1780,2,28,510,1163498880716,2006-09-20 07:51:11.166941018,482,127,120,120,115
1781,2,94,510,1163499718716,2006-09-20 07:51:16.970460663,416,133,96,104,83
1782,1,30,260,1163502056716,2006-09-20 07:51:33.162141964,230,66,57,57,50
1783,4,295,2030,1163505884716,2006-09-20 07:51:59.672730511,1735,468,433,433,401
1784,1,19,130,1163532070716,2006-09-20 07:55:01.022331262,111,53,15,21,22
1785,1,20,110,1163535793716,2006-09-20 07:55:26.805748493,90,29,21,22,18
1786,4,295,2030,1163536272716,2006-09-20 07:55:30.123034782,1735,495,433,433,374
1787,1,17,120,1163536500716,2006-09-20 07:55:31.702035354,103,32,25,25,21
1788,1,6,110,1163537224716,2006-09-20 07:55:36.716054713,104,40,25,24,15
1789,2,134,1050,1163537522716,2006-09-20 07:55:38.779836162,916,420,218,180,98
1790,1,8,120,1163537764716,2006-09-20 07:55:40.455792909,112,43,27,25,17
1791,2,106,660,1163538010716,2006-09-20 07:55:42.159451421,554,201,133,122,98
1792,1,13,110,1163538693716,2006-09-20 07:55:46.889527695,97,36,19,23,19
1793,2,305,2010,1163538778716,2006-09-20 07:55:47.478190189,1705,553,399,415,338
1794,1,3,70,1163539930716,2006-09-20 07:55:55.456298341,67,30,10,16,11
1795,1,7,120,1163540545716,2006-09-20 07:55:59.715444620,113,45,23,25,20
1796,1,1,10,1163540703716,2006-09-20 07:56:00.809664314,9,1,2,2,4
1797,1,1,10,1163540883716,2006-09-20 07:56:02.056243713,9,1,2,2,4
1798,1,1,10,1163541062716,2006-09-20 07:56:03.295897670,9,1,2,2,4
1799,1,1,10,1163541124716,2006-09-20 07:56:03.725275019,9,4,2,2,1
1800,1,1,10,1163541156716,2006-09-20 07:56:03.946889134,9,3,2,2,2
1801,1,1,10,1163541188716,2006-09-20 07:56:04.168503250,9,3,2,2,2
1802,1,1,10,1163541216716,2006-09-20 07:56:04.362415601,9,2,2,2,3
1803,4,191,2030,1163541319716,2006-09-20 07:56:05.075736034,1839,385,459,459,536
1804,1,7,70,1163542497716,2006-09-20 07:56:13.233905655,63,18,15,15,15
1805,1,19,120,1163543035716,2006-09-20 07:56:16.959792969,101,31,25,25,20
1806,2,76,510,1163543376716,2006-09-20 07:56:19.321368385,434,196,68,88,82
1807,1,5,70,1163543875716,2006-09-20 07:56:22.777163496,65,27,16,10,12
1808,1,11,150,1163545543716,2006-09-20 07:56:34.328799258,139,42,34,34,29
1809,1,7,120,1163546080716,2006-09-20 07:56:38.047761131,113,29,28,28,28
1810,1,58,390,1163546152716,2006-09-20 07:56:38.546392890,332,66,83,83,100
1811,1,11,70,1163547213716,2006-09-20 07:56:45.894285902,59,22,12,14,11
1812,1,19,220,1163550252716,2006-09-20 07:57:06.940701417,201,42,50,50,59
1813,1,5,110,1163554185716,2006-09-20 07:57:34.178461280,105,21,26,26,32
1814,1,16,260,1163568974716,2006-09-20 07:59:16.598809768,244,51,61,61,71
1815,2,99,510,1163569555716,2006-09-20 07:59:20.622491049,411,185,76,99,51
1816,1,24,260,1163570624716,2006-09-20 07:59:28.025787590,236,110,53,50,23
1817,1,1,10,1163570913716,2006-09-20 07:59:30.027240069,9,2,2,2,3
1818,1,1,10,1163571111716,2006-09-20 07:59:31.398477407,9,1,2,2,4
1819,1,27,260,1163576230716,2006-09-20 08:00:06.849810419,233,91,44,54,44
1820,2,41,510,1163578498716,2006-09-20 08:00:22.556710843,469,158,109,117,85
1821,1,1,10,1163578539716,2006-09-20 08:00:22.840653929,9,4,2,2,1
1822,1,1,10,1163580466716,2006-09-20 08:00:36.185978936,9,4,2,2,1
1823,4,167,1010,1163580568716,2006-09-20 08:00:36.892373929,843,253,210,210,170
1824,1,1,10,1163621037716,2006-09-20 08:05:17.158049971,9,2,2,2,3
1825,1,15,120,1163621134716,2006-09-20 08:05:17.829817758,105,46,21,22,16
1826,1,3,70,1163621609716,2006-09-20 08:05:21.119402282,67,24,14,16,13
1827,1,23,120,1163622287716,2006-09-20 08:05:25.814851351,97,32,23,23,19
1828,1,20,120,1163622403716,2006-09-20 08:05:26.618202519,100,21,25,25,29
1829,1,20,220,1163622508716,2006-09-20 08:05:27.345373835,200,92,37,41,30
1830,1,43,220,1163622843716,2006-09-20 08:05:29.665396605,177,50,44,44,39
1831,1,30,220,1163623544716,2006-09-20 08:05:34.520130818,190,88,47,39,16
1832,1,15,110,1163623813716,2006-09-20 08:05:36.383074475,95,24,23,23,25
1833,1,35,220,1163624375716,2006-09-20 08:05:40.275172376,185,92,28,32,33
1834,1,20,120,1163624472716,2006-09-20 08:05:40.946940163,100,45,13,24,18
1835,1,16,110,1163624694716,2006-09-20 08:05:42.484388088,94,46,10,23,15
1836,1,6,90,1163624810716,2006-09-20 08:05:43.287739256,84,25,21,21,17
1837,1,12,120,1163625858716,2006-09-20 08:05:50.545601533,108,44,21,24,19
1838,1,22,120,1163625998716,2006-09-20 08:05:51.515163288,98,44,15,24,15
1839,1,18,220,1163626326716,2006-09-20 08:05:53.786707970,202,93,26,49,34
1840,1,23,220,1163626544716,2006-09-20 08:05:55.296454131,197,59,49,49,40
1841,1,19,170,1163626664716,2006-09-20 08:05:56.127507063,151,39,37,37,38
1842,1,33,290,1163627799716,2006-09-20 08:06:03.987882716,257,88,57,64,48
1843,1,31,220,1163628227716,2006-09-20 08:06:06.951971509,189,93,31,44,21
1844,1,44,230,1163629388716,2006-09-20 08:06:14.992408631,186,91,18,43,34
1845,1,9,110,1163633163716,2006-09-20 08:06:41.135948799,101,48,21,14,18
1846,1,8,120,1163633868716,2006-09-20 08:06:46.018384777,112,45,21,25,21
1847,1,6,80,1163635326716,2006-09-20 08:06:56.115677907,74,36,9,18,11
1848,1,38,210,1163636157716,2006-09-20 08:07:01.870719464,172,57,39,43,33
1849,1,32,220,1163637110716,2006-09-20 08:07:08.470664837,188,54,47,47,40
1850,1,20,220,1163638654716,2006-09-20 08:07:19.163545901,200,58,50,50,42
1851,1,29,170,1163638969716,2006-09-20 08:07:21.345059849,141,58,31,35,17
1852,1,84,470,1163640760716,2006-09-20 08:07:33.748524867,386,95,96,96,99
1853,1,83,470,1163641825716,2006-09-20 08:07:41.124119642,387,125,95,95,72
1854,1,31,170,1163642098716,2006-09-20 08:07:43.014765064,139,45,34,34,26
1855,1,41,470,1163642342716,2006-09-20 08:07:44.704572693,429,193,55,105,76
1856,2,83,510,1163642433716,2006-09-20 08:07:45.334787834,427,201,65,79,82
1857,1,20,170,1163642601716,2006-09-20 08:07:46.498261939,150,48,35,37,30
1858,1,29,170,1163642958716,2006-09-20 08:07:48.970644413,141,63,31,19,28
1859,1,74,470,1163643258716,2006-09-20 08:07:51.048276745,396,96,99,99,102
1860,1,78,470,1163643636716,2006-09-20 08:07:53.666093482,392,140,95,95,62
1861,1,25,170,1163643899716,2006-09-20 08:07:55.487484492,145,56,34,36,19
1862,1,36,470,1163644004716,2006-09-20 08:07:56.214655808,434,142,103,107,82
1863,1,22,170,1163644401716,2006-09-20 08:07:58.964055927,148,61,37,26,24
1864,1,92,470,1163644542716,2006-09-20 08:07:59.940543122,378,78,94,94,112
1865,1,32,170,1163644787716,2006-09-20 08:08:01.637276193,138,46,34,33,25
1866,1,26,470,1163644967716,2006-09-20 08:08:02.883855592,444,134,111,111,88
1867,1,12,170,1163644999716,2006-09-20 08:08:03.105469707,158,44,39,39,36
1868,1,13,200,1163645361716,2006-09-20 08:08:05.612479387,187,47,46,46,48
1869,1,76,480,1163645477716,2006-09-20 08:08:06.415830555,404,182,49,97,76
1870,2,89,520,1163645937716,2006-09-20 08:08:09.601533462,431,146,101,99,85
1871,1,9,110,1163646213716,2006-09-20 08:08:11.512955207,101,22,25,25,29
1872,6,323,2570,1163646256716,2006-09-20 08:08:11.810749175,2247,1067,282,542,356
1873,1,5,30,1163646540716,2006-09-20 08:08:13.777574448,25,10,5,5,5
1874,8,492,3080,1163648185716,2006-09-20 08:08:25.169925065,2588,1226,534,361,467
1875,10,460,3510,1163650697716,2006-09-20 08:08:42.566633118,3050,1366,714,394,576
1876,1,11,80,1163652838716,2006-09-20 08:08:57.394002522,69,26,14,16,13
1877,2,64,510,1163653602716,2006-09-20 08:09:02.685039525,446,157,93,110,86
1878,1,1,10,1163655716716,2006-09-20 08:09:17.325422019,9,1,2,2,4
1879,2,68,510,1163655720716,2006-09-20 08:09:17.353123784,442,161,87,109,85
1880,2,308,2010,1163657334716,2006-09-20 08:09:28.530785726,1702,409,425,425,443
1881,2,92,510,1163661266716,2006-09-20 08:09:55.761620147,418,172,62,102,82
1882,2,74,510,1163663736716,2006-09-20 08:10:12.867459674,436,125,109,109,93
1883,2,83,510,1163665602716,2006-09-20 08:10:25.790332775,427,213,46,86,82
1884,3,102,1390,1163704818716,2006-09-20 08:14:57.378431113,1288,582,167,312,227
1885,1,36,310,1163705278716,2006-09-20 08:15:00.564134021,274,137,38,48,51
1886,3,71,1400,1163705757716,2006-09-20 08:15:03.881420309,1329,477,284,326,242
1887,3,120,1390,1163706603716,2006-09-20 08:15:09.740343484,1270,617,187,241,225
1888,1,3,20,1163706612716,2006-09-20 08:15:09.802672453,17,8,4,4,1
1889,1,43,220,1163706957716,2006-09-20 08:15:12.191949634,177,62,43,38,34
1890,1,1,10,1163707357716,2006-09-20 08:15:14.962126076,9,4,2,2,1
1891,3,153,1390,1163707535716,2006-09-20 08:15:16.194854593,1237,428,283,288,238
1892,4,340,2000,1163707712716,2006-09-20 08:15:17.420657668,1660,548,377,408,327
1893,3,112,1390,1163708288716,2006-09-20 08:15:21.409711744,1278,298,319,319,342
1894,1,34,260,1163708730716,2006-09-20 08:15:24.470756712,226,89,39,56,42
1895,3,223,1400,1163709642716,2006-09-20 08:15:30.786758999,1177,341,294,294,248
1896,3,197,1390,1163710543716,2006-09-20 08:15:37.026581434,1193,321,298,298,276
1897,1,20,260,1163710995716,2006-09-20 08:15:40.156880813,240,104,48,43,45
1898,3,143,1390,1163711642716,2006-09-20 08:15:44.637641207,1247,426,293,305,223
1899,1,28,170,1163712019716,2006-09-20 08:15:47.248532503,142,34,35,35,38
1900,1,34,260,1163712653716,2006-09-20 08:15:51.639262163,226,59,56,56,55
1901,3,70,1390,1163712667716,2006-09-20 08:15:51.736218339,1320,423,326,317,254
1902,1,62,380,1163712771716,2006-09-20 08:15:52.456464214,318,82,79,79,78
1903,1,1,10,1163713077716,2006-09-20 08:15:54.575649191,9,4,2,2,1
1904,1,42,260,1163713608716,2006-09-20 08:15:58.253058418,218,57,54,54,53
1905,2,73,920,1163713672716,2006-09-20 08:15:58.696286648,847,344,193,161,149
1906,4,197,1020,1163713976716,2006-09-20 08:16:00.801620744,823,333,146,191,153
1907,1,1,10,1163715074716,2006-09-20 08:16:08.405755076,9,4,2,2,1
1908,3,137,1390,1163715459716,2006-09-20 08:16:11.072049901,1253,391,307,309,246
1909,3,100,1390,1163717704716,2006-09-20 08:16:26.619665180,1290,571,159,319,241
1910,2,48,510,1163722132716,2006-09-20 08:16:57.285518389,462,160,97,115,90
1911,2,92,510,1163732047716,2006-09-20 08:18:05.951266936,418,172,95,91,60
1912,1,1,10,1163740114716,2006-09-20 08:19:01.818800323,9,1,2,2,4
1913,1,18,180,1163740432716,2006-09-20 08:19:04.021090594,162,50,40,40,32
1914,1,2,20,1163740448716,2006-09-20 08:19:04.131897652,18,5,4,4,5
1915,1,1,10,1163740686716,2006-09-20 08:19:05.780152634,9,1,2,2,4
1916,1,47,260,1163740913716,2006-09-20 08:19:07.352227765,213,53,53,53,54
1917,1,54,390,1163741626716,2006-09-20 08:19:12.290067272,336,127,66,76,67
1918,3,151,1390,1163792172716,2006-09-20 08:25:02.343413320,1239,424,262,308,245
1919,1,34,310,1163792841716,2006-09-20 08:25:06.976533419,276,125,48,48,55
1920,4,155,1010,1163793331716,2006-09-20 08:25:10.369999560,855,251,213,213,178
1921,3,71,1410,1163793554716,2006-09-20 08:25:11.914372926,1339,418,332,334,255
1922,3,198,1390,1163795145716,2006-09-20 08:25:22.932749722,1192,591,92,296,213
1923,3,143,1390,1163796264716,2006-09-20 08:25:30.682318318,1247,291,311,311,334
1924,2,81,480,1163797131716,2006-09-20 08:25:36.686675755,399,119,99,99,82
1925,3,88,1390,1163797699716,2006-09-20 08:25:40.620326302,1302,345,325,325,307
1926,1,42,310,1163798685716,2006-09-20 08:25:47.448811231,268,101,63,52,52
1927,1,10,90,1163799150716,2006-09-20 08:25:50.669141344,80,21,20,20,19
1928,1,45,310,1163799441716,2006-09-20 08:25:52.684444706,265,122,57,33,53
1929,1,7,120,1163800122716,2006-09-20 08:25:57.400670097,113,31,28,28,26
1930,1,19,140,1163800965716,2006-09-20 08:26:03.238816948,121,44,27,27,23
1931,1,16,120,1163801452716,2006-09-20 08:26:06.611506766,104,41,25,19,19
1932,5,237,1770,1163802099716,2006-09-20 08:26:11.092267160,1533,635,306,301,291
1933,3,195,1390,1163805298716,2006-09-20 08:26:33.246753252,1195,363,297,297,238
1934,1,18,120,1163805522716,2006-09-20 08:26:34.798052060,102,31,25,25,21
1935,1,20,120,1163805694716,2006-09-20 08:26:35.989227929,100,43,19,23,15
1936,3,125,1390,1163806289716,2006-09-20 08:26:40.109865386,1265,311,316,316,322
1937,1,20,120,1163806895716,2006-09-20 08:26:44.306682696,100,29,25,25,21
1938,2,63,510,1163807713716,2006-09-20 08:26:49.971693519,447,187,110,109,41
1939,1,7,120,1163807858716,2006-09-20 08:26:50.975882479,113,53,16,26,18
1940,1,22,390,1163808037716,2006-09-20 08:26:52.215536436,368,92,92,92,92
1941,3,139,1390,1163809021716,2006-09-20 08:26:59.030170483,1251,403,289,310,249
1942,3,233,1390,1163810869716,2006-09-20 08:27:11.828385643,1157,444,207,282,224
1943,3,217,1390,1163812381716,2006-09-20 08:27:22.299652593,1173,465,265,287,156
1944,1,3,20,1163896659716,2006-09-20 08:37:05.961977964,17,8,3,3,3
1945,1,2,20,1163897520716,2006-09-20 08:37:11.924782754,18,7,4,4,3
1946,1,2,20,1163897989716,2006-09-20 08:37:15.172814632,18,3,4,4,7
1947,1,1,20,1163898349716,2006-09-20 08:37:17.665973429,19,4,4,4,7
1948,1,1,20,1163900634716,2006-09-20 08:37:33.490606352,19,6,4,4,5
1949,1,93,810,1163996768716,2006-09-20 08:48:39.260961453,717,168,179,179,191
1950,1,51,810,1163997267716,2006-09-20 08:48:42.716756564,759,263,157,188,151
1951,1,67,810,1163997772716,2006-09-20 08:48:46.214104322,743,278,139,181,145
1952,1,2,20,1164011279716,2006-09-20 08:50:19.756037315,18,3,4,4,7
1953,1,65,410,1164051551716,2006-09-20 08:54:58.657401459,345,110,83,85,67
1954,1,57,290,1164051910716,2006-09-20 08:55:01.143634815,233,51,58,58,66
1955,1,49,260,1164055595716,2006-09-20 08:55:26.663885284,211,80,40,51,40
1956,1,38,260,1164056341716,2006-09-20 08:55:31.830264348,222,93,40,47,42
1957,3,157,1390,1164056538716,2006-09-20 08:55:33.194576245,1233,442,287,268,236
1958,1,37,260,1164057473716,2006-09-20 08:55:39.669863678,223,55,55,55,58
1959,3,233,1390,1164057479716,2006-09-20 08:55:39.711416324,1157,304,289,289,275
1960,1,11,170,1164058568716,2006-09-20 08:55:47.253221687,159,38,39,39,43
1961,3,154,1390,1164058578716,2006-09-20 08:55:47.322476098,1236,543,300,230,163
1962,1,1,10,1164058735716,2006-09-20 08:55:48.409770351,9,4,2,2,1
1963,1,26,250,1164058745716,2006-09-20 08:55:48.479024762,224,98,34,55,37
1964,1,1,10,1164058946716,2006-09-20 08:55:49.871038424,9,2,2,2,3
1965,1,1,10,1164059328716,2006-09-20 08:55:52.516556926,9,2,2,2,3
1966,3,107,1390,1164060002716,2006-09-20 08:55:57.184304230,1283,571,147,310,255
1967,1,9,90,1164060190716,2006-09-20 08:55:58.486287157,81,22,20,20,19
1968,1,4,40,1164061861716,2006-09-20 08:56:10.058699242,36,9,9,9,9
1969,1,4,80,1164062019716,2006-09-20 08:56:11.152918937,76,27,17,19,13
1970,1,3,60,1164063112716,2006-09-20 08:56:18.722426064,57,28,14,11,4
1971,1,55,320,1164063610716,2006-09-20 08:56:22.171295733,265,85,64,63,53
1972,1,29,320,1164063992716,2006-09-20 08:56:24.816814235,291,65,72,72,82
1973,1,40,320,1164064399716,2006-09-20 08:56:27.635468765,280,87,70,70,53
1974,1,8,90,1164065180716,2006-09-20 08:56:33.044238267,82,26,20,20,16
1975,1,47,250,1164065693716,2006-09-20 08:56:36.596989553,203,76,40,48,39
1976,3,123,1390,1164065777716,2006-09-20 08:56:37.178726606,1267,618,98,306,245
1978,1,6,60,1164067785716,2006-09-20 08:56:51.085012343,54,21,12,12,9
1977,3,253,1400,1164067822716,2006-09-20 08:56:51.341253664,1147,244,286,286,331
1979,3,245,1390,1164068964716,2006-09-20 08:56:59.250107405,1145,357,285,280,223
1980,1,46,600,1164069009716,2006-09-20 08:56:59.561752254,554,130,138,138,148
1981,1,1,10,1164069607716,2006-09-20 08:57:03.703166035,9,2,2,2,3
1982,1,11,100,1164069858716,2006-09-20 08:57:05.441451752,89,29,22,22,16
1983,1,1,10,1164070758716,2006-09-20 08:57:11.674348745,9,4,2,2,1
1984,1,56,810,1164070878716,2006-09-20 08:57:12.505401678,754,251,187,170,146
1985,1,1,10,1164071716716,2006-09-20 08:57:18.308921323,9,1,2,2,4
1986,1,1,10,1164071795716,2006-09-20 08:57:18.856031170,9,3,2,2,2
1987,1,1,10,1164071913716,2006-09-20 08:57:19.673233221,9,1,2,2,4
1988,1,1,10,1164072033716,2006-09-20 08:57:20.504286153,9,4,2,2,1
1989,1,49,310,1164072138716,2006-09-20 08:57:21.231457469,261,76,65,65,55
1990,4,334,2030,1164072512716,2006-09-20 08:57:23.821572442,1696,742,352,416,186
1991,3,102,1390,1164077250716,2006-09-20 08:57:56.634312393,1288,638,203,198,249
1992,3,196,1390,1164079177716,2006-09-20 08:58:09.979637401,1194,371,289,296,238
1993,1,2,40,1164080548716,2006-09-20 08:58:19.474417155,38,17,6,8,7
1994,3,226,1390,1164135111716,2006-09-20 09:04:37.347260117,1164,444,284,289,147
1995,1,80,540,1164136472716,2006-09-20 09:04:46.772785460,460,222,106,69,63
1996,1,106,550,1164137529716,2006-09-20 09:04:54.092976707,444,108,111,111,114
1997,1,34,580,1164138251716,2006-09-20 09:04:59.093145184,546,264,126,108,48
1998,1,18,320,1164141518716,2006-09-20 09:05:21.718561271,302,92,75,75,60
1999,1,52,570,1164142575716,2006-09-20 09:05:29.038752518,518,136,129,129,124
2000,1,10,120,1164142755716,2006-09-20 09:05:30.285331917,110,39,23,26,22
2001,1,2,30,1164145138716,2006-09-20 09:05:46.788658068,28,13,3,7,5
2002,1,5,30,1164145479716,2006-09-20 09:05:49.150233485,25,9,6,5,5
2003,3,110,1260,1164145799716,2006-09-20 09:05:51.366374638,1150,500,223,231,196
2004,1,19,220,1164146588716,2006-09-20 09:05:56.830547669,201,72,42,47,40
2005,1,36,220,1164147590716,2006-09-20 09:06:03.769839655,184,51,46,46,41
2006,1,25,220,1164150761716,2006-09-20 09:06:25.730413396,195,72,37,47,39
2007,1,4,30,1164151118716,2006-09-20 09:06:28.202795871,26,12,6,6,2
2008,1,24,410,1164151347716,2006-09-20 09:06:29.788721883,386,123,96,95,72
2009,1,27,220,1164151500716,2006-09-20 09:06:30.848314372,193,46,48,48,51
2010,1,12,220,1164152139716,2006-09-20 09:06:35.273671238,208,60,52,52,44
2011,1,1,30,1164152519716,2006-09-20 09:06:37.905338857,29,5,7,7,10
2012,1,5,30,1164152807716,2006-09-20 09:06:39.899865895,25,12,4,5,4
2013,1,2,30,1164152924716,2006-09-20 09:06:40.710142505,28,13,7,5,3
2014,1,2,20,1164153117716,2006-09-20 09:06:42.046752638,18,3,4,4,7
2015,1,10,90,1164153201716,2006-09-20 09:06:42.628489690,80,36,12,19,13
2016,1,3,30,1164153368716,2006-09-20 09:06:43.785038355,27,8,6,6,7
2017,1,5,30,1164154006716,2006-09-20 09:06:48.203469779,25,8,6,6,5
2018,1,37,700,1164154435716,2006-09-20 09:06:51.174484013,663,276,128,135,124
2019,1,37,250,1164154597716,2006-09-20 09:06:52.296405472,213,47,53,53,60
2020,1,87,450,1164154954716,2006-09-20 09:06:54.768787946,363,162,61,69,71
2021,1,12,90,1164155202716,2006-09-20 09:06:56.486297340,78,38,19,11,10
2022,1,17,90,1164155468716,2006-09-20 09:06:58.328464673,73,27,17,15,14
2023,1,5,90,1164155829716,2006-09-20 09:07:00.828548912,85,24,21,21,19
2024,1,46,410,1164155855716,2006-09-20 09:07:01.008610381,364,133,70,91,70
2025,1,8,90,1164156401716,2006-09-20 09:07:04.789901224,82,29,19,18,16
2026,1,94,590,1164156519716,2006-09-20 09:07:05.607103274,496,123,124,124,125
2027,1,49,250,1164156938716,2006-09-20 09:07:08.508863096,201,79,45,46,31
2028,1,53,610,1164157812716,2006-09-20 09:07:14.561698621,557,212,117,138,90
2029,3,205,1390,1164159311716,2006-09-20 09:07:24.942934836,1185,319,296,296,274
2030,1,17,220,1164159711716,2006-09-20 09:07:27.713111278,203,85,46,34,38
2031,1,22,170,1164160141716,2006-09-20 09:07:30.691050953,148,70,30,27,21
2032,1,26,220,1164160980716,2006-09-20 09:07:36.501496039,194,65,46,45,38
2033,1,43,220,1164161293716,2006-09-20 09:07:38.669159105,177,41,44,44,48
2034,2,122,870,1164161678716,2006-09-20 09:07:41.335453930,748,354,120,133,141
2035,1,22,220,1164161722716,2006-09-20 09:07:41.640173338,198,97,31,45,25
2036,1,14,220,1164162095716,2006-09-20 09:07:44.223362870,206,92,35,45,34
2037,1,15,220,1164162474716,2006-09-20 09:07:46.848105049,205,78,38,51,38
2038,3,116,1390,1164162712716,2006-09-20 09:07:48.496360031,1274,539,171,310,254
2039,1,19,220,1164162889716,2006-09-20 09:07:49.722163107,201,95,40,39,27
2040,1,39,220,1164163302716,2006-09-20 09:07:52.582370283,181,46,45,45,45
2041,1,29,220,1164163633716,2006-09-20 09:07:54.874691288,191,90,18,45,38
2042,3,178,1390,1164163985716,2006-09-20 09:07:57.312446557,1212,575,132,266,239
2043,1,14,220,1164164075716,2006-09-20 09:07:57.935736256,206,99,18,51,38
2044,1,39,220,1164164524716,2006-09-20 09:08:01.045259312,181,43,45,45,48
2045,1,34,220,1164164778716,2006-09-20 09:08:02.804321353,186,38,46,46,56
2046,3,83,1390,1164165435716,2006-09-20 09:08:07.354336158,1307,621,223,311,152
2047,1,6,40,1164165928716,2006-09-20 09:08:10.768578622,34,11,8,8,7
2048,1,5,40,1164166383716,2006-09-20 09:08:13.919654325,35,15,8,7,5
2049,2,41,660,1164166603716,2006-09-20 09:08:15.443251367,619,305,52,151,111
2050,3,165,1390,1164167157716,2006-09-20 09:08:19.279945739,1225,306,306,306,307
2051,2,80,660,1164168014716,2006-09-20 09:08:25.215048765,580,228,138,127,87
2052,3,104,1390,1164168090716,2006-09-20 09:08:25.741382289,1286,524,218,297,247
2053,2,126,660,1164169168716,2006-09-20 09:08:33.207007799,534,169,131,129,105
2054,2,152,860,1164169974716,2006-09-20 09:08:38.788913329,708,353,105,156,94
2055,2,99,660,1164169999716,2006-09-20 09:08:38.962049357,561,131,140,140,150
2056,3,165,1390,1164170491716,2006-09-20 09:08:42.369366380,1225,601,267,283,74
2057,2,73,660,1164170869716,2006-09-20 09:08:44.987183118,587,277,119,134,57
2058,2,97,660,1164171553716,2006-09-20 09:08:49.724184833,563,248,130,107,78
2059,2,86,660,1164172218716,2006-09-20 09:08:54.329603167,574,178,143,142,111
2060,2,39,660,1164172840716,2006-09-20 09:08:58.637227534,621,305,112,125,79
2061,2,82,650,1164173464716,2006-09-20 09:09:02.958702783,568,159,142,142,125
2062,1,5,30,1164220696716,2006-09-20 09:14:30.061137011,25,11,3,6,5
2063,1,3,30,1164220802716,2006-09-20 09:14:30.795233768,27,7,6,6,8
2064,3,80,1390,1164221163716,2006-09-20 09:14:33.295318007,1310,287,327,327,369
2065,3,233,1390,1164222769716,2006-09-20 09:14:44.417576420,1157,538,191,218,210
2066,1,10,130,1164223817716,2006-09-20 09:14:51.675438697,120,44,24,29,23
2067,1,4,50,1164224020716,2006-09-20 09:14:53.081303241,46,12,11,11,12
2068,1,2,30,1164224285716,2006-09-20 09:14:54.916545134,28,13,7,5,3
2069,1,4,50,1164224316716,2006-09-20 09:14:55.131233808,46,12,11,11,12
2070,1,8,50,1164224940716,2006-09-20 09:14:59.452709057,42,14,10,10,8
2071,1,1,10,1164224946716,2006-09-20 09:14:59.494261704,9,3,2,2,2
2072,9,207,2570,1164225464716,2006-09-20 09:15:03.081640196,2363,819,509,566,469
2073,1,52,290,1164226414716,2006-09-20 09:15:09.660809245,238,68,59,59,52
2074,3,252,1390,1164226858716,2006-09-20 09:15:12.735705095,1138,302,284,284,268
2075,1,19,110,1164227221716,2006-09-20 09:15:15.249640216,91,30,21,22,18
2076,6,141,1650,1164227308716,2006-09-20 09:15:15.852153592,1509,642,350,306,211
2077,1,12,110,1164227614716,2006-09-20 09:15:17.971338569,98,41,22,16,19
2078,1,1,10,1164228162716,2006-09-20 09:15:21.766480295,9,4,2,2,1
2079,1,18,110,1164228408716,2006-09-20 09:15:23.470138806,92,40,16,23,13
2080,3,75,1390,1164228938716,2006-09-20 09:15:27.140622591,1315,476,272,321,246
2081,9,153,2570,1164229347716,2006-09-20 09:15:29.973128003,2417,1055,542,598,222
2082,1,16,140,1164229834716,2006-09-20 09:15:33.345817821,124,49,30,28,17
2083,1,91,490,1164230372716,2006-09-20 09:15:37.071705135,399,161,60,99,79
2084,1,73,560,1164230840716,2006-09-20 09:15:40.312811571,487,189,114,100,84
2085,1,8,70,1164232775716,2006-09-20 09:15:53.713540108,62,14,15,15,18
2086,2,43,660,1164232834716,2006-09-20 09:15:54.122141133,617,298,150,129,40
2087,2,81,550,1164233022716,2006-09-20 09:15:55.424124060,469,148,111,117,93
2088,1,19,110,1164233026716,2006-09-20 09:15:55.451825825,91,30,21,22,18
2089,1,1,10,1164233943716,2006-09-20 09:16:01.802455317,9,2,2,2,3
2090,1,1,10,1164234218716,2006-09-20 09:16:03.706951621,9,1,2,2,4
2091,1,3,20,1164234283716,2006-09-20 09:16:04.157105293,17,8,2,4,3
2092,1,23,290,1164234623716,2006-09-20 09:16:06.511755268,267,114,41,61,51
2093,2,116,910,1164237077716,2006-09-20 09:16:23.506787738,794,305,171,180,138
2094,5,120,1290,1164237407716,2006-09-20 09:16:25.792183302,1170,478,214,285,193
2095,1,3,20,1164238142716,2006-09-20 09:16:30.882382513,17,5,4,4,4
2096,5,176,1290,1164239305716,2006-09-20 09:16:38.936670517,1114,531,208,257,118
2097,5,187,1290,1164240618716,2006-09-20 09:16:48.029774687,1103,484,211,224,184
2098,3,235,1390,1164241566716,2006-09-20 09:16:54.595092854,1155,535,141,264,215
2099,4,109,1000,1164241699716,2006-09-20 09:16:55.516176521,891,236,222,222,211
2100,1,7,40,1164242971716,2006-09-20 09:17:04.325337605,33,12,7,8,6
2101,5,181,1400,1164243082716,2006-09-20 09:17:05.094061568,1219,283,304,304,328
2102,3,103,1400,1164243854716,2006-09-20 09:17:10.440502100,1297,297,324,324,352
2103,1,18,120,1164244822716,2006-09-20 09:17:17.144329089,102,32,25,25,20
2104,1,60,360,1164244862716,2006-09-20 09:17:17.421346733,300,123,52,67,58
2105,1,65,670,1164244963716,2006-09-20 09:17:18.120816284,605,259,150,120,76
2106,1,23,130,1164245173716,2006-09-20 09:17:19.575158916,107,21,26,26,34
2107,7,425,2290,1164245882716,2006-09-20 09:17:24.485296659,1865,540,466,466,393
2108,1,10,110,1164246123716,2006-09-20 09:17:26.154327965,100,31,24,25,20
2109,3,274,1390,1164246370716,2006-09-20 09:17:27.864911918,1116,554,131,279,152
2110,1,13,190,1164246519716,2006-09-20 09:17:28.896802642,177,87,22,33,35
2111,1,1,20,1164247349716,2006-09-20 09:17:34.644918759,19,7,4,4,4
2112,1,1,10,1164248011716,2006-09-20 09:17:39.229560770,9,2,2,2,3
2113,3,255,1390,1164248683716,2006-09-20 09:17:43.883457192,1135,329,283,283,240
2114,1,105,710,1164251574716,2006-09-20 09:18:03.904907424,605,128,151,151,175
2115,1,1,20,1164310051716,2006-09-20 09:24:48.883926868,19,3,4,4,8
2116,5,150,1300,1164310341716,2006-09-20 09:24:50.892304788,1150,403,252,277,218
2117,1,116,820,1164310431716,2006-09-20 09:24:51.515594487,704,314,160,138,92
2118,1,8,130,1164311042716,2006-09-20 09:24:55.747039002,122,43,26,30,23
2119,5,235,1290,1164312009716,2006-09-20 09:25:02.443940550,1055,371,245,245,194
2120,1,22,130,1164314248716,2006-09-20 09:25:17.950003182,108,39,27,24,18
2121,5,186,1480,1164314463716,2006-09-20 09:25:19.438973019,1294,341,323,323,307
2122,1,1,10,1164318465716,2006-09-20 09:25:47.154588318,9,1,2,2,4
2123,7,434,3860,1164318711716,2006-09-20 09:25:48.858246829,3426,1016,856,856,698
2124,5,254,1290,1164319787716,2006-09-20 09:25:56.310021457,1036,449,161,257,169
2125,5,195,1300,1164323915716,2006-09-20 09:26:24.898242335,1105,478,158,256,213
2126,1,18,130,1164326260716,2006-09-20 09:26:41.138401724,112,31,28,28,25
2127,1,30,410,1164326657716,2006-09-20 09:26:43.887801842,380,141,86,87,66
2128,1,32,180,1164328240716,2006-09-20 09:26:54.850775110,148,41,37,37,33
2129,5,147,1290,1164328468716,2006-09-20 09:26:56.429775682,1143,493,278,194,178
2130,1,100,1350,1164329086716,2006-09-20 09:27:00.709698284,1250,367,312,312,259
2131,1,1,20,1164329663716,2006-09-20 09:27:04.705677801,19,3,4,4,8
2132,1,2,20,1164330219716,2006-09-20 09:27:08.556223055,18,3,4,4,7
2133,1,234,1820,1164330502716,2006-09-20 09:27:10.516122888,1586,355,396,396,439
2134,1,18,120,1164330630716,2006-09-20 09:27:11.402579349,102,47,12,24,19
2135,1,9,50,1164330739716,2006-09-20 09:27:12.157452429,41,18,9,7,7
2136,1,112,1810,1164331944716,2006-09-20 09:27:20.502608960,1698,431,424,424,419
2137,1,158,990,1164333357716,2006-09-20 09:27:30.288257240,832,331,129,207,165
2138,1,145,1860,1164334222716,2006-09-20 09:27:36.278763795,1715,638,307,427,343
2139,1,3,20,1164334703716,2006-09-20 09:27:39.609900966,17,3,4,4,6
2140,1,5,30,1164335037716,2006-09-20 09:27:41.922998295,25,10,6,6,3
2141,5,201,1540,1164335375716,2006-09-20 09:27:44.263797388,1339,587,205,324,223
2142,7,608,3890,1164337024716,2006-09-20 09:27:55.683849769,3282,1630,532,676,444
2143,1,185,1910,1164341016716,2006-09-20 09:28:23.330210656,1725,393,431,431,470
2144,1,1,10,1164396645716,2006-09-20 09:34:48.585573836,9,3,2,2,2
2145,5,223,1290,1164396917716,2006-09-20 09:34:50.469293816,1067,435,177,264,191
2146,7,447,3760,1164400160716,2006-09-20 09:35:12.928499317,3313,1069,791,818,635
2147,2,47,460,1164409143716,2006-09-20 09:36:15.139736755,413,102,103,103,105
2148,1,12,100,1164417418716,2006-09-20 09:37:12.447761891,88,38,21,13,16
2149,2,113,650,1164419409716,2006-09-20 09:37:26.236315129,537,205,99,130,103
2150,1,41,410,1164420068716,2006-09-20 09:37:30.800180817,369,174,87,64,44
2151,1,22,290,1164420135716,2006-09-20 09:37:31.264185371,268,112,47,57,52
2152,2,142,910,1164421403716,2006-09-20 09:37:40.045644691,768,184,192,192,200
2153,1,1,10,1164598897716,2006-09-20 09:58:09.269888021,9,3,2,2,2
2154,1,1,10,1164599261716,2006-09-20 09:58:11.790748583,9,3,2,2,2
2155,1,1,10,1164599747716,2006-09-20 09:58:15.156512960,9,4,2,2,1
2156,1,1,10,1164600646716,2006-09-20 09:58:21.382484512,9,4,2,2,1
2157,1,101,990,1164654328716,2006-09-20 10:04:33.154013862,889,217,222,222,228
2158,3,163,1390,1164655185716,2006-09-20 10:04:39.089116889,1227,307,306,306,308
2159,7,324,2000,1164657522716,2006-09-20 10:04:55.273872749,1676,357,419,419,481
2160,1,1,10,1164661693716,2006-09-20 10:05:24.159887594,9,4,2,2,1
2161,1,141,990,1164662910716,2006-09-20 10:05:32.588149418,849,243,212,212,182
2162,3,142,1390,1164663780716,2006-09-20 10:05:38.613283178,1248,296,312,312,328
2163,1,1,10,1164664692716,2006-09-20 10:05:44.929285465,9,4,2,2,1
2164,1,90,750,1164664793716,2006-09-20 10:05:45.628755017,660,188,165,165,142
2165,1,1,10,1164665192716,2006-09-20 10:05:48.392006017,9,2,2,2,3
2166,1,1,10,1164665335716,2006-09-20 10:05:49.382344095,9,4,2,2,1
2167,1,1,10,1164665462716,2006-09-20 10:05:50.261875115,9,4,2,2,1
2168,1,1,10,1164665654716,2006-09-20 10:05:51.591559807,9,1,2,2,4
2169,1,1,20,1164665969716,2006-09-20 10:05:53.773073755,19,9,4,4,2
2170,1,3,20,1164666330716,2006-09-20 10:05:56.273157994,17,6,4,4,3
2171,1,1,20,1164666488716,2006-09-20 10:05:57.367377688,19,7,4,4,4
2172,1,1,20,1164666738716,2006-09-20 10:05:59.098737964,19,9,4,3,3
2173,3,249,1400,1164672480716,2006-09-20 10:06:38.864620784,1151,285,287,287,292
2174,1,1,10,1164672987716,2006-09-20 10:06:42.375819424,9,1,2,2,4
2175,1,3,20,1164673215716,2006-09-20 10:06:43.954819996,17,3,4,4,6
2176,1,1,10,1164673700716,2006-09-20 10:06:47.313658931,9,3,2,2,2
2177,1,1,10,1164674198716,2006-09-20 10:06:50.762528601,9,4,2,2,1
2178,5,220,1430,1164674260716,2006-09-20 10:06:51.191905949,1210,516,295,282,117
2179,1,2,20,1164674357716,2006-09-20 10:06:51.863673736,18,5,4,4,5
2180,1,1,20,1164674758716,2006-09-20 10:06:54.640775619,19,3,4,4,8
2181,1,1,20,1164675719716,2006-09-20 10:07:01.296124520,19,3,4,4,8
2182,1,1,20,1164675861716,2006-09-20 10:07:02.279537157,19,8,4,4,3
2183,1,1,20,1164675991716,2006-09-20 10:07:03.179844500,19,7,4,4,4
2184,5,214,1450,1164676168716,2006-09-20 10:07:04.405647576,1236,422,309,269,236
2185,1,3,20,1164676284716,2006-09-20 10:07:05.208998744,17,8,2,4,3
2186,1,32,180,1164676547716,2006-09-20 10:07:07.030389754,148,59,26,34,29
2187,1,3,20,1164676631716,2006-09-20 10:07:07.612126807,17,7,4,3,3
2188,1,1,10,1164677259716,2006-09-20 10:07:11.961303820,9,2,2,2,3
2189,1,2,20,1164677719716,2006-09-20 10:07:15.147006728,18,5,4,4,5
2190,1,1,20,1164677845716,2006-09-20 10:07:16.019612307,19,5,4,4,6
2191,1,3,20,1164678164716,2006-09-20 10:07:18.228828020,17,5,4,4,4
2192,1,3,20,1164678339716,2006-09-20 10:07:19.440780213,17,7,4,4,2
2193,1,2,20,1164678537716,2006-09-20 10:07:20.812017552,18,5,4,4,5
2194,1,1,20,1164678686716,2006-09-20 10:07:21.843908276,19,8,4,4,3
2195,1,3,30,1164679524716,2006-09-20 10:07:27.647427921,27,10,6,6,5
2196,1,1,10,1164679756716,2006-09-20 10:07:29.254130257,9,3,2,2,2
2197,5,233,1300,1164680631716,2006-09-20 10:07:35.313891223,1067,446,192,265,164
2198,9,340,2580,1164683838716,2006-09-20 10:07:57.523780844,2240,709,537,550,444
2199,9,276,2580,1164687508716,2006-09-20 10:08:22.940149696,2304,1001,388,491,424
2200,9,507,2580,1164739533716,2006-09-20 10:14:23.236223137,2073,583,518,518,454
2201,9,172,2590,1164743614716,2006-09-20 10:14:51.498948283,2418,606,604,604,604
2202,1,2,20,1164743755716,2006-09-20 10:14:52.475435478,18,7,4,4,3
2203,1,1,20,1164743930716,2006-09-20 10:14:53.687387672,19,5,4,4,6
2204,9,415,2580,1164747788716,2006-09-20 10:15:20.405739451,2165,519,541,541,564
2205,9,484,2580,1164756552716,2006-09-20 10:16:21.100305288,2096,619,524,524,429
2206,1,5,60,1164759071716,2006-09-20 10:16:38.545491429,55,27,7,10,11
2207,1,1,10,1164759709716,2006-09-20 10:16:42.963922853,9,1,2,2,4
2208,1,2,30,1164760203716,2006-09-20 10:16:46.385090759,28,10,7,6,5
2209,1,1,10,1164760635716,2006-09-20 10:16:49.376881316,9,1,2,2,4
2210,9,420,2580,1164761162716,2006-09-20 10:16:53.026588777,2160,920,429,487,324
2211,3,196,1150,1164764631716,2006-09-20 10:17:17.050943968,954,231,238,238,247
2212,9,135,2580,1164765172716,2006-09-20 10:17:20.797607605,2445,842,534,592,477
2213,1,192,990,1164765567716,2006-09-20 10:17:23.533156841,798,209,199,199,191
2214,1,4,30,1164766315716,2006-09-20 10:17:28.713386787,26,5,6,6,9
2215,1,10,110,1164767970716,2006-09-20 10:17:40.174991814,100,40,19,24,17
2216,1,34,200,1164768863716,2006-09-20 10:17:46.359410720,166,43,41,41,41
2217,1,12,140,1164769606716,2006-09-20 10:17:51.505013460,128,63,11,31,23
2218,1,25,140,1164770690716,2006-09-20 10:17:59.012191617,115,23,28,28,36
2219,1,10,150,1164771623716,2006-09-20 10:18:05.473628167,140,55,29,32,24
2220,1,23,150,1164771872716,2006-09-20 10:18:07.198063002,127,59,24,20,24
2221,1,13,100,1164772126716,2006-09-20 10:18:08.957125043,87,27,21,21,18
2222,1,9,150,1164773206716,2006-09-20 10:18:16.436601435,141,63,33,33,12
2223,1,12,150,1164774225716,2006-09-20 10:18:23.493625920,138,61,33,24,20
2224,1,7,150,1164775601716,2006-09-20 10:18:33.023032879,143,49,31,35,28
2225,1,18,150,1164775857716,2006-09-20 10:18:34.795945802,132,49,33,26,24
2226,1,14,150,1164776299716,2006-09-20 10:18:37.856990770,136,63,18,32,23
2227,1,20,150,1164776978716,2006-09-20 10:18:42.559365280,130,33,32,32,33
2228,1,14,150,1164826069716,2006-09-20 10:24:22.536194521,136,54,25,30,27
2229,1,9,100,1164826740716,2006-09-20 10:24:27.183165502,91,22,22,22,25
2230,2,146,910,1164827188716,2006-09-20 10:24:30.285763116,764,315,124,174,151
2231,1,3,60,1164828581716,2006-09-20 10:24:39.932902574,57,21,12,13,11
2232,1,27,150,1164828749716,2006-09-20 10:24:41.096376680,123,35,30,30,28
2233,9,458,2580,1164829272716,2006-09-20 10:24:44.718382377,2122,669,519,520,414
2234,1,22,150,1164829580716,2006-09-20 10:24:46.851418237,128,63,12,28,25
2235,1,20,150,1164829901716,2006-09-20 10:24:49.074484832,130,45,27,32,26
2236,2,167,910,1164830628716,2006-09-20 10:24:54.109280515,743,193,185,185,180
2237,1,11,150,1164830720716,2006-09-20 10:24:54.746421096,139,38,34,34,33
2238,1,234,3790,1164831220716,2006-09-20 10:24:58.209141648,3556,1593,509,790,664
2239,1,1,20,1164831625716,2006-09-20 10:25:01.013945295,19,6,4,4,5
2240,1,3,20,1164831821716,2006-09-20 10:25:02.371331752,17,6,4,4,3
2241,2,50,910,1164832944716,2006-09-20 10:25:10.148602112,860,241,215,215,189
2242,2,152,1110,1164836636716,2006-09-20 10:25:35.717330668,958,373,229,197,159
2243,1,1,10,1164837013716,2006-09-20 10:25:38.328221964,9,2,2,2,3
2244,1,24,140,1164837433716,2006-09-20 10:25:41.236907228,116,46,24,29,17
2245,1,1,10,1164837768716,2006-09-20 10:25:43.556929998,9,3,2,2,2
2246,1,152,2560,1164837887716,2006-09-20 10:25:44.381057489,2408,1195,321,589,303
2247,1,52,300,1164838598716,2006-09-20 10:25:49.305046114,248,101,49,59,39
2248,1,595,4260,1164839180716,2006-09-20 10:25:53.335652837,3665,814,916,916,1019
2249,1,1,10,1164839834716,2006-09-20 10:25:57.864891319,9,4,2,2,1
2250,9,165,2580,1164841924716,2006-09-20 10:26:12.339063226,2415,1169,398,368,480
2251,1,1,10,1164843632716,2006-09-20 10:26:24.167716632,9,3,2,2,2
2252,2,111,740,1164847766716,2006-09-20 10:26:52.797490156,629,233,148,131,117
2253,1,33,190,1164848566716,2006-09-20 10:26:58.337843040,157,38,39,39,41
2254,9,469,2580,1164849037716,2006-09-20 10:27:01.599725800,2111,537,527,527,520
2255,2,128,950,1164850630716,2006-09-20 10:27:12.631953479,822,336,197,205,84
2256,1,2,20,1164851980716,2006-09-20 10:27:21.981298969,18,3,4,4,7
2257,1,11,100,1164852575716,2006-09-20 10:27:26.101936426,89,17,22,22,28
2258,1,1,20,1164852682716,2006-09-20 10:27:26.842958624,19,5,4,4,6
2259,1,2,20,1164853194716,2006-09-20 10:27:30.388784470,18,9,3,3,3
2260,1,3,20,1164853291716,2006-09-20 10:27:31.060552257,17,5,4,4,4
2261,1,2,20,1164853626716,2006-09-20 10:27:33.380575026,18,7,4,4,3
2262,1,3,20,1164853719716,2006-09-20 10:27:34.024641049,17,7,3,4,3
2263,1,24,210,1164853896716,2006-09-20 10:27:35.250444125,186,82,43,39,22
2264,1,2,20,1164853925716,2006-09-20 10:27:35.451281917,18,4,4,4,6
2265,2,419,2900,1164854024716,2006-09-20 10:27:36.136900586,2481,975,411,620,475
2266,1,23,170,1164854289716,2006-09-20 10:27:37.972142479,147,71,13,35,28
2267,1,3,20,1164854863716,2006-09-20 10:27:41.947345672,17,4,4,4,5
2269,1,1,20,1164854984716,2006-09-20 10:27:42.785324046,19,4,4,4,7
2268,1,20,160,1164854988716,2006-09-20 10:27:42.813025810,140,48,32,33,27
2270,1,9,140,1164856186716,2006-09-20 10:27:51.109704253,131,49,26,31,25
2271,1,18,170,1164856733716,2006-09-20 10:27:54.897920537,152,59,27,38,28
2272,1,25,210,1164858563716,2006-09-20 10:28:07.571477757,185,86,23,40,36
2273,1,25,170,1164864501716,2006-09-20 10:28:48.694747034,145,68,18,35,24
2274,1,7,40,1164864775716,2006-09-20 10:28:50.592317896,33,12,7,8,6
2275,1,30,220,1164864932716,2006-09-20 10:28:51.679612149,190,38,47,47,58
2276,1,4,30,1164865750716,2006-09-20 10:28:57.344622973,26,8,6,6,6
2277,1,27,220,1164865869716,2006-09-20 10:28:58.168750464,193,62,45,48,38
2278,1,31,220,1164866555716,2006-09-20 10:29:02.919603061,189,37,47,47,58
2279,1,13,220,1164866969716,2006-09-20 10:29:05.786735678,207,55,51,51,50
2280,1,19,220,1164867450716,2006-09-20 10:29:09.117872850,201,76,47,45,33
2281,1,103,990,1164908322716,2006-09-20 10:33:52.174501656,887,312,181,220,174
2282,3,168,1390,1164909139716,2006-09-20 10:33:57.832587038,1222,371,302,305,244
2283,1,56,990,1164911125716,2006-09-20 10:34:11.586513071,934,312,203,233,186
2284,1,1,20,1164912435716,2006-09-20 10:34:20.658840917,19,6,4,4,5
2285,1,1,20,1164912812716,2006-09-20 10:34:23.269732213,19,5,4,4,6
2286,1,3,20,1164913655716,2006-09-20 10:34:29.107879064,17,4,4,4,5
2287,1,1,20,1164913769716,2006-09-20 10:34:29.897379350,19,9,4,3,3
2288,1,2,20,1164913954716,2006-09-20 10:34:31.178585954,18,3,4,4,7
2289,1,1,20,1164914200716,2006-09-20 10:34:32.882244466,19,4,4,4,7
2290,1,15,110,1164916231716,2006-09-20 10:34:46.947815348,95,32,22,23,18
2291,3,128,1400,1164916435716,2006-09-20 10:34:48.360605334,1272,513,288,291,180
2292,1,59,740,1164916964716,2006-09-20 10:34:52.024163678,681,234,148,165,134
2293,1,1,10,1164917450716,2006-09-20 10:34:55.389928054,9,2,2,2,3
2294,1,1,10,1164918029716,2006-09-20 10:34:59.399758454,9,4,2,2,1
2295,5,66,1300,1164918839716,2006-09-20 10:35:05.009365748,1234,418,293,278,245
2296,1,14,170,1164918953716,2006-09-20 10:35:05.798866034,156,75,39,29,13
2297,3,77,1390,1164918993716,2006-09-20 10:35:06.075883678,1313,384,328,328,273
2298,1,1,20,1164919097716,2006-09-20 10:35:06.796129553,19,8,4,4,3
2299,1,5,50,1164919235716,2006-09-20 10:35:07.751840425,45,10,11,11,13
2300,2,112,660,1164919279716,2006-09-20 10:35:08.056559834,548,253,82,119,94
2301,1,16,120,1164920655716,2006-09-20 10:35:17.585966793,104,21,26,26,31
2302,1,5,40,1164920670716,2006-09-20 10:35:17.689848409,35,8,8,8,11
2303,1,21,230,1164920801716,2006-09-20 10:35:18.597081194,209,66,50,52,41
2304,1,41,220,1164921793716,2006-09-20 10:35:25.467118769,179,81,20,43,35
2305,1,18,170,1164921958716,2006-09-20 10:35:26.609816552,152,32,38,38,44
2306,1,2,40,1164923372716,2006-09-20 10:35:36.402390273,38,14,8,9,7
2307,1,24,170,1164923929716,2006-09-20 10:35:40.259860968,146,42,36,36,32
2308,5,87,1300,1164924028716,2006-09-20 10:35:40.945479637,1213,361,303,303,246
2309,3,141,1390,1164924542716,2006-09-20 10:35:44.505156365,1249,303,312,312,322
2310,1,1,10,1164927205716,2006-09-20 10:36:02.947606025,9,3,2,2,2
2311,1,25,140,1164927559716,2006-09-20 10:36:05.399212176,115,51,19,26,19
2312,1,1,10,1164927623716,2006-09-20 10:36:05.842440406,9,3,2,2,2
2313,1,83,540,1164927706716,2006-09-20 10:36:06.417252018,457,155,113,106,83
2314,1,1,10,1164928238716,2006-09-20 10:36:10.101586685,9,2,2,2,3
2315,1,11,170,1164928391716,2006-09-20 10:36:11.161179174,159,43,39,39,38
2316,1,9,100,1164929310716,2006-09-20 10:36:17.525659549,91,38,15,20,18
2317,5,144,1320,1164929403716,2006-09-20 10:36:18.169725572,1176,509,194,262,211
2318,1,80,710,1164929695716,2006-09-20 10:36:20.191954374,630,156,157,157,160
2319,1,58,520,1164929797716,2006-09-20 10:36:20.898349367,462,172,105,102,83
2320,1,50,270,1164930979716,2006-09-20 10:36:29.084220752,220,53,55,55,57
2321,1,80,510,1164932259716,2006-09-20 10:36:37.948785365,430,139,101,107,83
2322,1,46,330,1164933161716,2006-09-20 10:36:44.195533241,284,87,71,71,55
2323,5,125,1300,1164933225716,2006-09-20 10:36:44.638761471,1175,412,262,279,222
2324,1,1,10,1164934083716,2006-09-20 10:36:50.580789939,9,4,2,2,1
2325,3,270,1400,1164934687716,2006-09-20 10:36:54.763756366,1130,278,282,282,288
2326,1,65,380,1164935558716,2006-09-20 10:37:00.795815567,315,86,78,78,73
2327,5,65,1300,1164936107716,2006-09-20 10:37:04.597882733,1235,581,120,290,244
2328,1,96,660,1164936736716,2006-09-20 10:37:08.953985188,564,170,141,141,112
2329,2,36,630,1164937864716,2006-09-20 10:37:16.765882753,594,125,148,148,173
2330,5,116,1310,1164938298716,2006-09-20 10:37:19.771524192,1194,249,298,298,349
2331,1,36,620,1164938390716,2006-09-20 10:37:20.408664774,584,234,118,129,103
2332,1,2,20,1164938903716,2006-09-20 10:37:23.961416060,18,4,4,4,6
2333,3,163,1070,1164940065716,2006-09-20 10:37:32.008778623,907,428,169,203,107
2334,9,173,2590,1164940767716,2006-09-20 10:37:36.870438278,2417,1198,180,570,469
2335,1,40,380,1164940864716,2006-09-20 10:37:37.542206066,340,124,79,74,63
2336,1,7,60,1164941801716,2006-09-20 10:37:44.031344380,53,26,10,8,9
2337,1,3,30,1164942074716,2006-09-20 10:37:45.921989802,27,12,4,6,5
2338,1,14,220,1164942438716,2006-09-20 10:37:48.442850363,206,46,51,51,58
2339,3,156,1390,1164942507716,2006-09-20 10:37:48.920705800,1234,570,281,257,126
2340,9,419,2580,1164942815716,2006-09-20 10:37:51.053741660,2161,588,540,540,493
2341,1,43,710,1164942900716,2006-09-20 10:37:51.642404154,667,288,90,164,125
2342,1,11,190,1164943464716,2006-09-20 10:37:55.548352936,179,35,44,44,56
2343,1,37,360,1164943935716,2006-09-20 10:37:58.810235696,323,82,80,80,81
2344,5,395,2070,1164946054716,2006-09-20 10:38:13.485245396,1675,471,418,418,368
2345,1,30,200,1164947781716,2006-09-20 10:38:25.445482183,170,60,35,42,33
2346,5,314,2070,1164949861716,2006-09-20 10:38:39.850399679,1756,802,263,421,270
2347,5,215,2070,1164993446716,2006-09-20 10:43:41.695750201,1855,511,463,463,418
2348,5,287,2070,1164994893716,2006-09-20 10:43:51.716863479,1783,438,445,445,455
2349,5,106,2070,1164997345716,2006-09-20 10:44:08.698045066,1964,568,491,491,414
2350,1,2,20,1164998205716,2006-09-20 10:44:14.653924416,18,8,4,4,2
2351,5,387,2070,1164998925716,2006-09-20 10:44:19.640242010,1683,795,310,406,172
2352,5,293,2070,1165004821716,2006-09-20 10:45:00.472642760,1777,755,408,415,199
2353,3,251,1390,1165010349716,2006-09-20 10:45:38.756481184,1139,542,205,219,173
2354,3,220,1390,1165011769716,2006-09-20 10:45:48.590607551,1170,408,258,290,214
2355,3,95,1400,1165012838716,2006-09-20 10:45:55.993904092,1305,495,235,318,257
2356,3,257,1390,1165014191716,2006-09-20 10:46:05.364025906,1133,249,283,283,318
2357,3,83,1400,1165023863716,2006-09-20 10:47:12.346892264,1317,626,109,319,263
2358,1,49,380,1165028712716,2006-09-20 10:47:45.928356178,331,133,74,66,58
2359,1,3,50,1165030518716,2006-09-20 10:47:58.435702812,47,13,11,11,12
2360,1,15,290,1165031008716,2006-09-20 10:48:01.829168953,275,137,33,61,44
2361,1,26,230,1165032309716,2006-09-20 10:48:10.839167830,204,76,46,42,40
2362,1,66,710,1165032618716,2006-09-20 10:48:12.979129131,644,228,154,142,120
2363,1,29,240,1165034805716,2006-09-20 10:48:28.125068825,211,76,42,52,41
2364,1,96,710,1165035322716,2006-09-20 10:48:31.705521876,614,226,119,147,122
2365,1,13,240,1165037385716,2006-09-20 10:48:45.992706874,227,57,56,56,58
2366,1,15,220,1165038374716,2006-09-20 10:48:52.841968126,205,58,51,51,45
2367,1,32,240,1165038734716,2006-09-20 10:48:55.335126923,208,77,50,43,38
2368,1,24,240,1165039774716,2006-09-20 10:49:02.537585672,216,73,47,54,42
2369,1,23,150,1165040364716,2006-09-20 10:49:06.623595923,127,33,31,31,32
2370,1,16,110,1165041898716,2006-09-20 10:49:17.247222577,94,26,23,23,22
2371,1,130,740,1165042252716,2006-09-20 10:49:19.698828728,610,287,123,131,69
2372,1,118,770,1165042830716,2006-09-20 10:49:23.701733686,652,313,131,122,86
2373,1,24,210,1165048037716,2006-09-20 10:49:59.762505515,186,81,23,45,37
2374,1,7,50,1165048828716,2006-09-20 10:50:05.240529428,43,15,10,10,8
2375,1,4,50,1165049200716,2006-09-20 10:50:07.816793519,46,16,10,11,9
2376,1,1,10,1165049482716,2006-09-20 10:50:09.769767910,9,4,2,2,1
2377,1,16,100,1165049650716,2006-09-20 10:50:10.933242016,84,33,16,20,15
2378,1,24,210,1165049860716,2006-09-20 10:50:12.387584648,186,80,34,39,33
2379,1,35,210,1165051020716,2006-09-20 10:50:20.421096328,175,62,42,41,30
2380,1,36,210,1165055461716,2006-09-20 10:50:51.176980272,174,87,10,43,34
2381,1,37,210,1165056225716,2006-09-20 10:50:56.468017275,173,69,37,35,32
2382,1,43,230,1165057864716,2006-09-20 10:51:07.818815245,187,49,46,46,46
2383,3,150,1310,1165084088716,2006-09-20 10:54:09.431582759,1160,544,142,251,223
2384,3,135,1390,1165092082716,2006-09-20 10:55:04.793558945,1255,303,313,313,326
2385,1,4,30,1165093056716,2006-09-20 10:55:11.538938580,26,9,6,6,5
2386,3,147,1400,1165093173716,2006-09-20 10:55:12.349215189,1253,323,313,313,304
2387,3,196,1400,1165094935716,2006-09-20 10:55:24.551842415,1204,285,301,301,317
2388,3,216,1390,1165098259716,2006-09-20 10:55:47.572008645,1174,246,293,293,342
2389,3,119,780,1165264091716,2006-09-20 11:14:56.031757819,661,296,91,143,131
2390,1,24,230,1165264455716,2006-09-20 11:14:58.552618381,206,62,51,51,42
2391,1,60,810,1165265012716,2006-09-20 11:15:02.410089076,750,230,186,185,149
2392,1,25,220,1165265058716,2006-09-20 11:15:02.728659367,195,48,48,48,51
2393,1,19,270,1165265569716,2006-09-20 11:15:06.267559771,251,84,55,62,50
2394,5,238,1300,1165267992716,2006-09-20 11:15:23.047903566,1062,322,264,264,212
2395,1,26,260,1165268431716,2006-09-20 11:15:26.088172211,234,57,58,58,61
2396,1,19,270,1165268985716,2006-09-20 11:15:29.924866583,251,103,55,53,40
2397,1,13,260,1165270656716,2006-09-20 11:15:41.497278667,247,73,61,61,52
2398,5,190,1300,1165277631716,2006-09-20 11:16:29.802230369,1110,449,221,243,197
2399,1,16,110,1165279941716,2006-09-20 11:16:45.799999319,94,23,23,23,25
2400,1,81,810,1165279950716,2006-09-20 11:16:45.862328289,729,209,182,182,156
2401,1,13,220,1165280342716,2006-09-20 11:16:48.577101202,207,60,51,51,45
2402,3,101,910,1165283494716,2006-09-20 11:17:10.406091562,809,279,194,190,146
2403,2,64,670,1165285529716,2006-09-20 11:17:24.499364209,606,295,119,128,64
2404,1,3,20,1165287552716,2006-09-20 11:17:38.509531562,17,6,4,4,3
2405,5,183,1300,1165287714716,2006-09-20 11:17:39.631453021,1117,505,279,271,62
2406,1,23,220,1165296102716,2006-09-20 11:18:37.722053002,197,75,39,48,35
2407,1,2,30,1165296434716,2006-09-20 11:18:40.021299449,28,13,3,7,5
2408,5,257,1300,1165348735716,2006-09-20 11:24:42.228794634,1043,262,260,260,261
2409,1,1,10,1165351058716,2006-09-20 11:24:58.316594319,9,2,2,2,3
2410,1,16,110,1165352046716,2006-09-20 11:25:05.158930130,94,24,23,23,24
2411,1,15,220,1165352269716,2006-09-20 11:25:06.703303496,205,92,45,38,30
2412,1,99,810,1165352324716,2006-09-20 11:25:07.084202757,711,157,177,177,200
2413,3,46,850,1165354921716,2006-09-20 11:25:25.069573304,804,367,118,194,125
2414,3,113,900,1165356267716,2006-09-20 11:25:34.391217030,787,361,79,193,154
2415,2,89,460,1165363145716,2006-09-20 11:26:22.024400944,371,184,71,50,66
2416,3,90,840,1165363716716,2006-09-20 11:26:25.978827815,750,309,178,120,143
2417,1,5,100,1165364665716,2006-09-20 11:26:32.551071422,95,19,23,23,30
2418,5,71,1300,1165368012716,2006-09-20 11:26:55.730522798,1229,461,287,280,201
2419,5,140,1300,1165370335716,2006-09-20 11:27:11.818322483,1160,445,251,235,229
2420,1,16,220,1165394432716,2006-09-20 11:29:58.700676768,204,79,36,49,40
2421,1,11,220,1165395220716,2006-09-20 11:30:04.157924358,209,81,36,52,40
2422,1,35,220,1165395737716,2006-09-20 11:30:07.738377409,185,64,44,43,34
2423,1,26,220,1165396271716,2006-09-20 11:30:11.436562958,194,63,48,46,37
2424,1,1,10,1165396681716,2006-09-20 11:30:14.275993811,9,4,2,2,1
2425,1,40,220,1165396712716,2006-09-20 11:30:14.490682485,180,44,45,45,46
2426,1,14,220,1165397563716,2006-09-20 11:30:20.384232865,206,95,23,50,38
2427,1,42,220,1165397978716,2006-09-20 11:30:23.258290923,178,84,25,39,30
2428,1,21,220,1165398285716,2006-09-20 11:30:25.384401342,199,79,48,44,28
2429,1,38,210,1165398295716,2006-09-20 11:30:25.453655753,172,40,43,43,46
2430,1,30,220,1165398735716,2006-09-20 11:30:28.500849839,190,79,35,40,36
2431,1,38,220,1165399137716,2006-09-20 11:30:31.284877163,182,46,45,45,46
2432,1,488,2470,1165399277716,2006-09-20 11:30:32.254438917,1982,856,415,418,293
2433,1,75,810,1165399305716,2006-09-20 11:30:32.448351268,735,214,183,183,155
2434,5,252,1300,1165431773716,2006-09-20 11:34:17.303573036,1048,257,262,262,267
2435,2,98,910,1165433860716,2006-09-20 11:34:31.756968620,812,336,162,189,125
2436,5,140,1300,1165434621716,2006-09-20 11:34:37.027229300,1160,447,244,283,186
2437,1,22,220,1165436458716,2006-09-20 11:34:49.749264609,198,69,49,42,38
2438,5,170,1300,1165439131716,2006-09-20 11:35:08.260968680,1130,507,228,173,222
2439,1,3,50,1165439625716,2006-09-20 11:35:11.682136585,47,12,11,11,13
2440,5,172,1300,1165440962716,2006-09-20 11:35:20.941451342,1128,532,193,252,151
2441,5,170,1300,1165445489716,2006-09-20 11:35:52.292923220,1130,473,202,261,194
2442,1,188,1150,1165446450716,2006-09-20 11:35:58.948272121,962,417,127,238,180
2443,5,225,1290,1165447559716,2006-09-20 11:36:06.628586305,1065,334,256,266,209
2444,1,11,100,1165448771716,2006-09-20 11:36:15.022220923,89,22,22,22,23
2445,1,10,110,1165449170716,2006-09-20 11:36:17.785471924,100,25,25,25,25
2446,5,115,1300,1165449592716,2006-09-20 11:36:20.708008070,1185,298,296,296,295
2447,1,64,820,1165450036716,2006-09-20 11:36:23.782903920,756,236,181,189,150
2448,1,2,50,1165450232716,2006-09-20 11:36:25.140290376,48,18,10,11,9
2449,1,3,30,1165450851716,2006-09-20 11:36:29.427138420,27,7,6,6,8
2450,1,26,290,1165451086716,2006-09-20 11:36:31.054617079,264,57,66,66,75
2451,5,253,1300,1165452225716,2006-09-20 11:36:38.942694497,1047,301,261,261,224
2452,1,4,30,1165454235716,2006-09-20 11:36:52.862831116,26,12,6,3,5
2453,1,9,90,1165454627716,2006-09-20 11:36:55.577604029,81,26,20,19,16
2454,5,178,1300,1165454955716,2006-09-20 11:36:57.849148711,1122,432,260,255,175
2455,1,11,160,1165456696716,2006-09-20 11:37:09.906341673,149,39,37,37,36
2456,5,151,1300,1165457573716,2006-09-20 11:37:15.979953522,1149,384,254,282,229
2457,1,41,290,1165458845716,2006-09-20 11:37:24.789114606,249,64,62,62,61
2458,1,22,180,1165459731716,2006-09-20 11:37:30.925055424,158,34,39,39,46
2459,1,1,10,1165517960716,2006-09-20 11:44:14.186565475,9,3,2,2,2
2460,1,79,400,1165519002716,2006-09-20 11:44:21.402875105,321,111,73,80,57
2461,5,236,1300,1165519976716,2006-09-20 11:44:28.148254741,1064,398,249,261,156
2462,1,48,340,1165523214716,2006-09-20 11:44:50.572833036,292,133,38,67,54
2463,2,123,910,1165523681716,2006-09-20 11:44:53.807014031,787,245,190,195,157
2464,2,130,910,1165525027716,2006-09-20 11:45:03.128657757,780,370,113,178,119
2465,1,8,110,1165526318716,2006-09-20 11:45:12.069402223,102,41,17,25,19
2466,1,12,110,1165526878716,2006-09-20 11:45:15.947649241,98,24,24,24,26
2467,5,72,1300,1165530314716,2006-09-20 11:45:39.743464875,1228,504,279,228,217
2468,1,6,50,1165533847716,2006-09-20 11:46:04.211048295,44,18,11,8,7
2469,1,31,240,1165535201716,2006-09-20 11:46:13.588095550,209,57,52,52,48
2470,1,9,110,1165541809716,2006-09-20 11:46:59.351410366,101,30,25,25,21
2471,2,105,540,1165548434716,2006-09-20 11:47:45.232457681,435,129,108,108,90
2472,1,9,50,1165549436716,2006-09-20 11:47:52.171749667,41,12,10,10,9
2473,1,3,20,1165549628716,2006-09-20 11:47:53.501434359,17,4,4,4,5
2474,1,6,50,1165549755716,2006-09-20 11:47:54.380965379,44,9,11,11,13
2475,2,164,910,1165623421716,2006-09-20 11:56:24.550509754,746,156,186,186,218
2476,1,3,50,1165625546716,2006-09-20 11:56:39.267072100,47,21,7,11,8
2477,1,8,50,1165626567716,2006-09-20 11:56:46.337947467,42,21,10,6,5
2478,1,3,50,1165626845716,2006-09-20 11:56:48.263220094,47,23,9,6,9
2479,2,153,910,1165629813716,2006-09-20 11:57:08.817929291,757,321,134,167,135
2480,1,4,50,1165631344716,2006-09-20 11:57:19.420779621,46,19,10,11,6
2481,1,9,50,1165631509716,2006-09-20 11:57:20.563477404,41,9,10,10,12
2482,1,9,50,1165633199716,2006-09-20 11:57:32.267472870,41,13,10,10,8
2483,1,3,50,1165633393716,2006-09-20 11:57:33.611008444,47,21,11,9,6
2484,1,5,50,1165645800716,2006-09-20 11:58:59.534956222,45,17,8,11,9
2485,1,9,50,1165645998716,2006-09-20 11:59:00.906193561,41,17,9,7,8
2486,2,111,910,1165723753716,2006-09-20 12:07:59.393866610,799,378,166,161,94
2487,2,163,910,1165724948716,2006-09-20 12:08:07.669768729,747,203,186,186,172
2488,1,6,50,1165727817716,2006-09-20 12:08:27.538859257,44,15,11,10,8
2489,1,5,50,1165728527716,2006-09-20 12:08:32.455922441,45,14,11,11,9
2490,2,84,910,1165731290716,2006-09-20 12:08:51.590916211,826,265,192,204,165
2491,2,59,740,1165785074716,2006-09-20 12:15:04.068840554,681,308,76,164,133
2492,1,54,330,1165788248716,2006-09-20 12:15:26.050190618,276,63,69,69,75
2493,1,44,410,1165788579716,2006-09-20 12:15:28.342511624,366,126,83,90,67
2494,1,6,50,1165801494716,2006-09-20 12:16:57.784583483,44,18,8,10,8
2495,2,91,740,1165807807716,2006-09-20 12:17:41.504893173,649,257,132,155,105
2496,1,4,30,1165812042716,2006-09-20 12:18:10.834136249,26,11,4,6,5
2497,1,8,50,1165812443716,2006-09-20 12:18:13.611238132,42,10,10,10,12
2498,1,21,110,1165812655716,2006-09-20 12:18:15.079431646,89,36,17,19,17
2499,1,12,110,1165812984716,2006-09-20 12:18:17.357901769,98,48,9,24,17
2500,1,1,10,1165814680716,2006-09-20 12:18:29.103449882,9,1,2,2,4
2501,1,4,30,1165814848716,2006-09-20 12:18:30.266923987,26,11,6,5,4
2502,1,4,30,1165814998716,2006-09-20 12:18:31.305740153,26,5,6,6,9
2503,1,1,10,1165815164716,2006-09-20 12:18:32.455363376,9,2,2,2,3
2504,1,1,10,1165815256716,2006-09-20 12:18:33.092503958,9,1,2,2,4
2505,1,1,10,1165815383716,2006-09-20 12:18:33.972034978,9,4,2,2,1
2506,1,1,10,1165815487716,2006-09-20 12:18:34.692280853,9,1,2,2,4
2507,1,1,10,1165815760716,2006-09-20 12:18:36.582926274,9,4,2,2,1
2508,1,1,10,1165815923716,2006-09-20 12:18:37.711773174,9,1,2,2,4
2509,1,9,50,1165816048716,2006-09-20 12:18:38.577453312,41,18,6,10,7
2510,1,1,30,1165816263716,2006-09-20 12:18:40.066423150,29,5,7,7,10
2511,1,20,110,1165816440716,2006-09-20 12:18:41.292226225,90,35,15,22,18
2512,1,3,30,1165816871716,2006-09-20 12:18:44.277091341,27,8,6,6,7
2513,1,13,110,1165817258716,2006-09-20 12:18:46.957237048,97,38,22,19,18
2514,1,11,80,1165817681716,2006-09-20 12:18:49.886698635,69,23,16,17,13
2515,1,54,290,1165818033716,2006-09-20 12:18:52.324453904,236,51,59,59,67
2516,1,15,290,1165868625716,2006-09-20 12:24:42.696370242,275,119,49,53,54
2517,1,21,180,1165970497716,2006-09-20 12:36:28.204906399,159,75,22,34,28
2518,1,27,180,1165971128716,2006-09-20 12:36:32.574859735,153,34,38,38,43
2519,1,28,180,1166037389716,2006-09-20 12:44:11.461512734,152,40,38,38,36
2520,1,9,60,1166038016716,2006-09-20 12:44:15.803764306,51,17,12,12,10
2521,1,1,10,1166039389716,2006-09-20 12:44:25.312394942,9,3,2,2,2
2522,1,1,10,1166040005716,2006-09-20 12:44:29.578466662,9,1,2,2,4
2523,1,1,10,1166133139716,2006-09-20 12:55:14.572498451,9,3,2,2,2
2524,1,37,220,1166140377716,2006-09-20 12:56:04.698841162,183,47,45,45,46
2525,1,20,220,1166140839716,2006-09-20 12:56:07.898394953,200,65,47,50,38
2526,1,1,10,1166141086716,2006-09-20 12:56:09.608978905,9,1,2,2,4
2527,1,56,290,1166142839716,2006-09-20 12:56:21.749277161,234,105,31,58,40
2528,1,2,40,1166143189716,2006-09-20 12:56:24.173181547,38,13,9,9,7
2529,1,1,10,1166144542716,2006-09-20 12:56:33.543303361,9,3,2,2,2
2530,1,1,10,1166145457716,2006-09-20 12:56:39.880081971,9,2,2,2,3
2531,1,26,150,1166145829716,2006-09-20 12:56:42.456346062,124,28,31,31,34
2532,1,1,10,1166146572716,2006-09-20 12:56:47.601948802,9,1,2,2,4
2533,1,2,40,1166147481716,2006-09-20 12:56:53.897174766,38,10,9,9,10
2534,1,3,20,1166148593716,2006-09-20 12:57:01.598265274,17,4,4,4,5
2535,1,29,170,1166149697716,2006-09-20 12:57:09.243952253,141,47,32,35,27
2536,1,3,20,1166149979716,2006-09-20 12:57:11.196926644,17,7,3,4,3
2537,1,7,110,1166150530716,2006-09-20 12:57:15.012844692,103,27,25,25,26
2538,1,3,20,1166152526716,2006-09-20 12:57:28.836025136,17,3,4,4,6
2539,1,6,40,1166152866716,2006-09-20 12:57:31.190675112,34,8,8,8,10
2540,1,1,10,1166153253716,2006-09-20 12:57:33.870820819,9,4,2,2,1
2541,1,21,130,1166153345716,2006-09-20 12:57:34.507961400,109,48,26,22,13
2542,1,22,130,1166153834716,2006-09-20 12:57:37.894502100,108,47,16,25,20
2543,1,56,400,1166211730716,2006-09-20 13:04:18.849840263,344,82,86,86,90
2544,1,6,110,1166212493716,2006-09-20 13:04:24.133951825,104,20,26,26,32
2545,1,1,10,1166213208716,2006-09-20 13:04:29.085642215,9,3,2,2,2
2546,1,1,10,1166213376716,2006-09-20 13:04:30.249116320,9,3,2,2,2
2547,1,44,400,1166214599716,2006-09-20 13:04:38.718930791,356,94,89,89,84
2548,1,44,400,1166225839716,2006-09-20 13:05:56.560888801,356,97,89,89,81
2549,1,6,110,1166228763716,2006-09-20 13:06:16.810878589,104,48,19,20,17
2550,1,11,110,1166230525716,2006-09-20 13:06:29.013505814,99,21,24,24,30
2551,1,1,10,1166231364716,2006-09-20 13:06:34.823950901,9,2,2,2,3
2552,1,68,400,1166231538716,2006-09-20 13:06:36.028977653,332,122,77,79,54
2553,1,1,10,1166232128716,2006-09-20 13:06:40.114987904,9,1,2,2,4
2554,1,24,400,1166233107716,2006-09-20 13:06:46.894994745,376,169,90,82,35
2555,1,79,410,1166233986716,2006-09-20 13:06:52.982457476,331,122,82,66,61
2556,1,52,410,1166471742716,2006-09-20 13:34:19.547632621,358,171,83,42,62
2557,2,86,910,1166472264716,2006-09-20 13:34:23.162712877,824,331,129,206,158
2558,1,1,10,1166488983716,2006-09-20 13:36:18.949162697,9,2,2,2,3
2559,1,13,110,1166489634716,2006-09-20 13:36:23.457624856,97,39,18,23,17
2560,1,18,110,1166490127716,2006-09-20 13:36:26.871867320,92,36,20,21,15
2561,1,17,110,1166490687716,2006-09-20 13:36:30.750114338,93,45,18,17,13
2562,1,23,410,1166577744716,2006-09-20 13:46:33.658240537,387,191,58,65,73
2563,1,24,410,1166578772716,2006-09-20 13:46:40.777593992,386,89,96,96,105
2564,1,45,410,1166580326716,2006-09-20 13:46:51.539729468,365,159,91,71,44
2565,7,366,3890,1166655306716,2006-09-20 13:55:30.809303453,3524,1405,558,872,689
2566,1,34,410,1166661218716,2006-09-20 13:56:11.752511261,376,101,94,94,87
2567,1,37,410,1166663361716,2006-09-20 13:56:26.593731547,373,124,90,90,69
2568,1,1,10,1166664328716,2006-09-20 13:56:33.290633094,9,4,2,2,1
2569,1,1,10,1166664800716,2006-09-20 13:56:36.559441296,9,3,2,2,2
2570,1,45,410,1166665329716,2006-09-20 13:56:40.222999640,365,88,91,91,95
2571,1,1,10,1166666032716,2006-09-20 13:56:45.091584736,9,4,2,2,1
2572,1,10,110,1166666177716,2006-09-20 13:56:46.095773696,100,41,18,25,16
2573,1,49,410,1166666452716,2006-09-20 13:56:48.000270000,361,143,71,85,62
2574,1,34,410,1166667172716,2006-09-20 13:56:52.986587594,376,105,94,94,83
2575,1,26,180,1166778217716,2006-09-20 14:09:42.022194999,154,71,24,30,29
2576,1,35,180,1166778616716,2006-09-20 14:09:44.785445999,145,37,36,36,36
2577,1,25,180,1166778786716,2006-09-20 14:09:45.962770987,155,47,38,38,32
2578,1,6,60,1166779125716,2006-09-20 14:09:48.310495521,54,20,12,13,9
2579,1,26,180,1166779544716,2006-09-20 14:09:51.212255344,154,46,38,38,32
2580,1,12,180,1166780422716,2006-09-20 14:09:57.292792633,168,36,42,42,48
2581,1,32,180,1166781143716,2006-09-20 14:10:02.286035669,148,53,33,37,25
2582,1,22,180,1166789865716,2006-09-20 14:11:02.689732979,158,68,36,23,31
2583,1,21,180,1166790316716,2006-09-20 14:11:05.813106917,159,55,36,37,31
2584,1,24,180,1166872644716,2006-09-20 14:20:35.970822135,156,71,38,17,30
2585,1,8,60,1166873177716,2006-09-20 14:20:39.662082244,52,17,12,13,10
2586,1,10,180,1166955523716,2006-09-20 14:30:09.944455402,170,65,35,38,32
2587,1,6,40,1166973263716,2006-09-20 14:32:12.801780588,34,11,8,8,7
2588,1,5,60,1167118881716,2006-09-20 14:49:01.270663284,55,11,13,13,18
2589,1,28,180,1167801619716,2006-09-20 16:07:49.532471812,152,76,30,22,24
2590,1,10,60,1167804130716,2006-09-20 16:08:06.922254425,50,22,11,7,10
2591,1,6,40,1168291144716,2006-09-20 17:04:19.709028295,34,6,8,8,12
2592,1,1,10,1168379492716,2006-09-20 17:14:31.557898959,9,2,2,2,3
2593,3,177,1390,1168379821716,2006-09-20 17:14:33.836369083,1213,492,216,291,214
2594,3,99,1390,1168384553716,2006-09-20 17:15:06.607556387,1291,330,322,322,317
2595,3,231,1390,1168388613716,2006-09-20 17:15:34.724847270,1159,371,273,289,226
2596,1,37,410,1168456278716,2006-09-20 17:23:23.334819578,373,157,51,91,74
2597,1,42,340,1168465249716,2006-09-20 17:24:25.462951723,298,121,60,69,48
2598,1,23,250,1168465633716,2006-09-20 17:24:28.122321107,227,91,47,50,39
2599,2,46,660,1168465830716,2006-09-20 17:24:29.486633005,614,186,153,153,122
2600,1,1,10,1168466227716,2006-09-20 17:24:32.236033123,9,1,2,2,4
2601,8,123,2120,1168475610716,2006-09-20 17:25:37.217447003,1997,872,497,328,300
2602,3,133,820,1168479623716,2006-09-20 17:26:05.009242153,687,168,171,171,177
2603,8,221,2270,1168480073716,2006-09-20 17:26:08.125690650,2049,536,512,512,489
2604,1,6,130,1168548606716,2006-09-20 17:34:02.746945837,124,27,31,31,35
2605,1,16,130,1168551413716,2006-09-20 17:34:22.186659017,114,39,25,28,22
2606,6,99,1740,1168553695716,2006-09-20 17:34:37.990515616,1641,666,279,402,294
2607,8,202,2220,1168557469716,2006-09-20 17:35:04.127130343,2018,890,298,484,346
2608,7,315,2020,1168571140716,2006-09-20 17:36:38.804835677,1705,629,322,414,340
2609,3,56,950,1168633760716,2006-09-20 17:43:52.475957615,894,366,130,223,175
2610,1,35,200,1168635001716,2006-09-20 17:44:01.070430026,165,61,32,40,32
2611,7,101,2010,1168635959716,2006-09-20 17:44:07.705002603,1909,548,477,477,407
2612,1,1,10,1168636144716,2006-09-20 17:44:08.986209208,9,3,2,2,2
2613,1,122,760,1168636220716,2006-09-20 17:44:09.512542732,638,319,101,117,101
2614,1,7,80,1168647082716,2006-09-20 17:45:24.736684004,73,29,17,17,10
2615,1,10,160,1168647528716,2006-09-20 17:45:27.825430737,150,64,37,30,19
2616,1,42,410,1168647758716,2006-09-20 17:45:29.418282191,368,152,60,91,65
2617,1,14,160,1168647777716,2006-09-20 17:45:29.549865572,146,48,35,36,27
2618,1,22,130,1168650142716,2006-09-20 17:45:45.928533783,108,22,27,27,32
2619,1,2,30,1168650307716,2006-09-20 17:45:47.071231565,28,12,5,6,5
2620,7,340,2020,1168650661716,2006-09-20 17:45:49.522837716,1680,648,347,355,330
2621,1,20,110,1168651252716,2006-09-20 17:45:53.615773408,90,31,22,21,16
2622,1,1,10,1168651843716,2006-09-20 17:45:57.708709101,9,3,2,2,2
2623,1,1,10,1168652018716,2006-09-20 17:45:58.920661294,9,2,2,2,3
2624,1,30,290,1168652189716,2006-09-20 17:46:00.104911723,260,67,65,65,63
2625,1,105,540,1168653353716,2006-09-20 17:46:08.166125168,435,169,88,106,72
2626,1,5,90,1168653712716,2006-09-20 17:46:10.652358524,85,24,21,21,19
2627,1,1,10,1168654546716,2006-09-20 17:46:16.428176405,9,4,2,2,1
2628,1,1,10,1168654668716,2006-09-20 17:46:17.273080220,9,1,2,2,4
2629,1,1,10,1168654883716,2006-09-20 17:46:18.762050057,9,1,2,2,4
2630,1,1,10,1168655074716,2006-09-20 17:46:20.084809308,9,4,2,2,1
2631,1,1,10,1168655861716,2006-09-20 17:46:25.535131457,9,2,2,2,3
2632,1,7,150,1168656431716,2006-09-20 17:46:29.482632886,143,38,35,35,35
2633,7,150,2010,1168890746716,2006-09-20 18:13:32.217365193,1860,654,380,454,372
2634,7,317,2020,1168908599716,2006-09-20 18:15:35.857265224,1703,729,305,333,336
2635,4,181,1210,1168912495716,2006-09-20 18:16:02.838783766,1029,261,257,257,254
2636,1,7,40,1168991102716,2006-09-20 18:25:07.226932635,33,10,8,8,7
2637,1,109,670,1168991280716,2006-09-20 18:25:08.459661152,561,229,135,117,80
2638,1,7,40,1168991410716,2006-09-20 18:25:09.359968495,33,7,8,8,10
2639,2,108,700,1168992400716,2006-09-20 18:25:16.216155188,592,229,137,126,100
2640,1,1,10,1168993660716,2006-09-20 18:25:24.942210979,9,2,2,2,3
2641,1,1,10,1168994096716,2006-09-20 18:25:27.961703301,9,1,2,2,4
2642,1,1,10,1168994542716,2006-09-20 18:25:31.050450033,9,3,2,2,2
2643,1,105,720,1168994693716,2006-09-20 18:25:32.096191640,615,169,153,153,140
2644,1,1,30,1168994983716,2006-09-20 18:25:34.104569560,29,11,7,6,5
2645,1,3,30,1168995194716,2006-09-20 18:25:35.565837633,27,8,6,6,7
2646,1,83,430,1168995825716,2006-09-20 18:25:39.935790970,347,122,76,86,63
2647,1,1,10,1168996640716,2006-09-20 18:25:45.580025470,9,3,2,2,2
2648,1,55,480,1168997092716,2006-09-20 18:25:48.710324849,425,98,106,106,115
2649,3,164,1390,1168998884716,2006-09-20 18:26:01.120715307,1226,459,234,305,228
2650,1,3,40,1168999247716,2006-09-20 18:26:03.634650428,37,16,5,9,7
2651,1,4,40,1168999565716,2006-09-20 18:26:05.836940699,36,15,6,9,6
2652,3,147,1400,1168999984716,2006-09-20 18:26:08.738700522,1253,406,293,304,250
2653,1,2,40,1169002209716,2006-09-20 18:26:24.147806978,38,8,9,9,12
2654,3,231,1400,1169002683716,2006-09-20 18:26:27.430466062,1169,238,292,292,347
2655,1,4,40,1169002731716,2006-09-20 18:26:27.762887235,36,16,8,8,4
2656,3,240,1390,1169006707716,2006-09-20 18:26:55.298441065,1150,547,254,200,149
2657,3,246,1390,1169009701716,2006-09-20 18:27:16.033211730,1144,446,232,249,217
2658,1,10,130,1169060449716,2006-09-20 18:33:07.485496881,120,30,30,30,30
2659,2,68,460,1169060769716,2006-09-20 18:33:09.701638034,392,80,98,98,116
2660,1,73,610,1169061603716,2006-09-20 18:33:15.477455915,537,116,134,134,153
2661,3,253,1390,1169062095716,2006-09-20 18:33:18.884772938,1137,324,284,284,245
2662,3,114,1390,1169062136716,2006-09-20 18:33:19.168716023,1276,599,137,300,240
2663,3,212,1400,1169063595716,2006-09-20 18:33:29.272934594,1188,238,297,297,356
2664,1,18,130,1169063675716,2006-09-20 18:33:29.826969883,112,45,26,24,17
2665,1,93,990,1169064281716,2006-09-20 18:33:34.023787192,897,200,224,224,249
2666,3,97,1390,1169064664716,2006-09-20 18:33:36.676231135,1293,411,311,319,252
2667,1,146,990,1169068208716,2006-09-20 18:34:01.219994408,844,206,211,211,216
2668,1,1,10,1169068318716,2006-09-20 18:34:01.981792929,9,3,2,2,2
2669,1,1,10,1169068584716,2006-09-20 18:34:03.823960263,9,1,2,2,4
2670,1,356,2430,1169071019716,2006-09-20 18:34:20.687409351,2074,908,463,308,395
2671,5,886,8110,1169074893716,2006-09-20 18:34:47.516568188,7224,2393,1728,1766,1337
2672,1,17,110,1169078230716,2006-09-20 18:35:10.626765153,93,36,19,22,16
2673,1,23,290,1169078442716,2006-09-20 18:35:12.094958667,267,118,59,57,33
2674,1,1,10,1169089379716,2006-09-20 18:36:27.838508022,9,2,2,2,3
2675,3,449,4830,1169089954716,2006-09-20 18:36:31.820636657,4381,1793,939,906,743
2676,1,30,290,1169090545716,2006-09-20 18:36:35.913572350,260,130,39,48,43
2677,3,81,1390,1169149342716,2006-09-20 18:43:23.108732947,1309,333,327,327,322
2678,1,4,60,1169150070716,2006-09-20 18:43:28.150454071,56,11,14,14,17
2679,1,3,30,1169150588716,2006-09-20 18:43:31.737832563,27,10,6,6,5
2680,1,3,40,1169151018716,2006-09-20 18:43:34.715772238,37,15,8,9,5
2681,3,243,1390,1169152114716,2006-09-20 18:43:42.306055688,1147,486,210,247,204
2682,1,8,160,1169156643716,2006-09-20 18:44:13.671378448,152,54,34,36,28
2683,1,4,40,1169156733716,2006-09-20 18:44:14.294668148,36,12,8,9,7
2684,1,16,160,1169156979716,2006-09-20 18:44:15.998326659,144,48,34,35,27
2685,3,74,1400,1169157230716,2006-09-20 18:44:17.736612376,1326,620,207,263,236
2686,1,10,160,1169158186716,2006-09-20 18:44:24.357334072,150,54,29,37,30
2687,1,17,160,1169158724716,2006-09-20 18:44:28.083221386,143,31,35,35,42
2688,1,19,160,1169159595716,2006-09-20 18:44:34.115280588,141,34,35,35,37
2689,1,18,170,1169159765716,2006-09-20 18:44:35.292605575,152,38,38,38,38
2690,1,22,170,1169159876716,2006-09-20 18:44:36.061329538,148,64,36,19,29
2691,1,34,250,1169160167716,2006-09-20 18:44:38.076632899,216,52,54,54,56
2692,1,8,170,1169160250716,2006-09-20 18:44:38.651444511,162,67,31,37,27
2693,1,20,170,1169160457716,2006-09-20 18:44:40.085010819,150,67,32,30,21
2694,1,31,160,1169160610716,2006-09-20 18:44:41.144603308,129,51,26,28,24
2695,1,21,170,1169160789716,2006-09-20 18:44:42.384257266,149,63,34,37,15
2696,1,25,170,1169160921716,2006-09-20 18:44:43.298415492,145,32,36,36,41
2697,1,16,170,1169161902716,2006-09-20 18:44:50.092273215,154,58,38,36,22
2698,1,26,160,1169162245716,2006-09-20 18:44:52.467699513,134,52,32,26,24
2699,1,28,170,1169162320716,2006-09-20 18:44:52.987107596,142,55,24,35,28
2700,1,21,170,1169162660716,2006-09-20 18:44:55.341757572,149,71,36,21,21
2701,1,31,160,1169162967716,2006-09-20 18:44:57.467867991,129,44,32,28,25
2702,1,2,30,1169163561716,2006-09-20 18:45:01.581580006,28,9,7,7,5
2703,1,17,330,1169163628716,2006-09-20 18:45:02.045584560,313,84,78,78,73
2704,3,230,1390,1169164318716,2006-09-20 18:45:06.824138922,1160,342,290,290,238
2705,1,1,10,1169167337716,2006-09-20 18:45:27.732045615,9,4,2,2,1
2706,3,94,1390,1169177933716,2006-09-20 18:46:41.114019554,1296,305,324,324,343
2707,1,11,130,1169242379716,2006-09-20 18:54:07.430996949,119,55,25,20,19
2708,1,21,410,1169242666716,2006-09-20 18:54:09.418598546,389,119,97,97,76
2709,2,85,910,1169243215716,2006-09-20 18:54:13.220665712,825,204,206,206,209
2710,1,21,130,1169666650716,2006-09-20 19:43:05.694819625,109,31,27,27,24
2711,7,496,3890,1169684582716,2006-09-20 19:45:09.881829503,3394,738,848,848,960
2712,1,101,990,1169687831716,2006-09-20 19:45:32.382587651,889,337,168,208,176
2713,1,13,130,1169843365716,2006-09-20 20:03:29.524144335,117,52,28,20,17
2714,7,97,1950,1169844060716,2006-09-20 20:03:34.337325902,1853,707,350,444,352
2715,1,13,140,1169847422716,2006-09-20 20:03:57.620658894,127,60,23,26,18
2716,1,2,20,1169848417716,2006-09-20 20:04:04.511472793,18,8,3,4,3
2717,1,3,20,1169848621716,2006-09-20 20:04:05.924262778,17,4,4,4,5
2718,1,14,80,1169857018716,2006-09-20 20:05:04.077191729,66,18,16,16,16
2719,1,2,50,1170104630716,2006-09-20 20:33:38.899514396,48,9,12,12,15
2720,1,38,210,1170104993716,2006-09-20 20:33:41.413449517,172,60,42,38,32
2721,3,527,3150,1170123130716,2006-09-20 20:35:47.020174822,2623,1017,635,519,452
2722,3,524,3140,1170123724716,2006-09-20 20:35:51.133886838,2616,1031,541,627,417
2723,1,16,140,1170126259716,2006-09-20 20:36:08.689880037,124,48,27,25,24
2724,1,15,140,1170128157716,2006-09-20 20:36:21.834367252,125,52,17,31,25
2725,3,100,1050,1170183922716,2006-09-20 20:42:48.031590422,950,371,188,209,182
2726,3,52,880,1170186991716,2006-09-20 20:43:09.285769171,828,246,207,207,168
2727,3,296,3520,1170187479716,2006-09-20 20:43:12.665384430,3224,1211,749,704,560
2728,3,307,3530,1170189034716,2006-09-20 20:43:23.434445346,3223,1413,805,418,587
2729,1,12,100,1170190829716,2006-09-20 20:43:35.865612128,88,27,22,22,17
2730,3,520,3210,1170192671716,2006-09-20 20:43:48.622274642,2690,660,672,672,686
2731,1,4,40,1170193061716,2006-09-20 20:43:51.323196673,36,18,7,5,6
2732,1,2,40,1170193740716,2006-09-20 20:43:56.025571182,38,14,9,9,6
2733,1,61,320,1170205552716,2006-09-20 20:45:17.828881504,259,87,63,61,48
2734,7,384,2010,1170208723716,2006-09-20 20:45:39.789455245,1626,342,406,406,472
2735,1,1,10,1170287336716,2006-09-20 20:54:44.219156761,9,2,2,2,3
2736,1,1,10,1170287678716,2006-09-20 20:54:46.587657619,9,3,2,2,2
2737,1,1,10,1170288047716,2006-09-20 20:54:49.143145386,9,2,2,2,3
2738,1,1,10,1170288345716,2006-09-20 20:54:51.206926835,9,4,2,2,1
2739,1,1,10,1170289320716,2006-09-20 20:54:57.959231912,9,3,2,2,2
2740,1,1,10,1170293056716,2006-09-20 20:55:23.832679877,9,2,2,2,3
2741,1,1,10,1170293546716,2006-09-20 20:55:27.226146018,9,1,2,2,4
2742,1,32,410,1170293651716,2006-09-20 20:55:27.953317334,378,151,61,92,74
2743,1,29,410,1170294033716,2006-09-20 20:55:30.598835835,381,82,95,95,109
2744,1,58,410,1170295120716,2006-09-20 20:55:38.126790316,352,130,74,83,65
2745,1,68,410,1170363430716,2006-09-20 21:03:31.203672136,342,155,37,85,65
2746,1,56,410,1170364420716,2006-09-20 21:03:38.059858829,354,148,48,88,70
2747,1,29,410,1170371652716,2006-09-20 21:04:28.144648894,381,130,82,94,75
2748,1,70,410,1170372837716,2006-09-20 21:04:36.351296603,340,105,83,84,68
2749,1,18,130,1170381447716,2006-09-20 21:05:35.979344509,112,22,28,28,34
2750,1,19,180,1170735265716,2006-09-20 21:46:26.325065078,161,69,25,39,28
2751,1,19,130,1170874709716,2006-09-20 22:02:32.036274397,111,50,16,23,22
2752,1,11,130,1170876035716,2006-09-20 22:02:41.219409301,119,32,29,29,29
2753,1,13,130,1170894844716,2006-09-20 22:04:51.480031028,117,50,19,26,22
2754,1,15,80,1170897001716,2006-09-20 22:05:06.418207490,65,19,16,16,14
2755,1,12,130,1170897431716,2006-09-20 22:05:09.396147164,118,25,29,29,35
2756,1,15,130,1170897574716,2006-09-20 22:05:10.386485242,115,42,24,28,21
2757,1,23,130,1170898162716,2006-09-20 22:05:14.458644612,107,24,26,26,31
2758,1,20,130,1170898899716,2006-09-20 22:05:19.562694705,110,26,27,27,30
2759,1,7,130,1170899035716,2006-09-20 22:05:20.504554695,123,24,30,30,39
2760,1,9,130,1170899152716,2006-09-20 22:05:21.314831305,121,27,30,30,34
2761,1,1,10,1170899557716,2006-09-20 22:05:24.119634952,9,4,2,2,1
2762,1,18,130,1170900238716,2006-09-20 22:05:28.835860344,112,48,21,22,21
2763,1,15,130,1170900427716,2006-09-20 22:05:30.144768712,115,45,27,24,19
2764,1,5,80,1170900863716,2006-09-20 22:05:33.164261034,75,34,15,11,15
2765,1,25,130,1170901015716,2006-09-20 22:05:34.216928082,105,33,25,26,21
2766,1,16,130,1170901391716,2006-09-20 22:05:36.820893937,114,53,15,27,19
2767,1,1,10,1170901613716,2006-09-20 22:05:38.358341862,9,2,2,2,3
2768,1,1,10,1170901669716,2006-09-20 22:05:38.746166564,9,2,2,2,3
2769,1,1,10,1170901687716,2006-09-20 22:05:38.870824503,9,1,2,2,4
2770,1,1,10,1170901741716,2006-09-20 22:05:39.244798323,9,2,2,2,3
2771,1,1,10,1170902507716,2006-09-20 22:05:44.549686209,9,2,2,2,3
2772,1,1,10,1170902580716,2006-09-20 22:05:45.055243409,9,3,2,2,2
2773,1,15,130,1170902746716,2006-09-20 22:05:46.204866633,115,38,26,28,23
2774,1,17,130,1170902933716,2006-09-20 22:05:47.499924119,113,42,25,24,22
2775,1,10,90,1170905307716,2006-09-20 22:06:03.940921300,80,21,20,20,19
2776,1,5,90,1170905716716,2006-09-20 22:06:06.773426712,85,35,14,21,15
2777,1,6,90,1170905802716,2006-09-20 22:06:07.369014647,84,37,18,18,11
2778,1,10,90,1170905892716,2006-09-20 22:06:07.992304346,80,20,20,20,20
2779,1,7,90,1170960799716,2006-09-20 22:12:28.247499049,83,25,20,20,18
2780,1,5,90,1170960974716,2006-09-20 22:12:29.459451242,85,39,8,21,17
2781,1,15,90,1170961112716,2006-09-20 22:12:30.415162114,75,26,18,18,13
2782,1,17,90,1170961121716,2006-09-20 22:12:30.477491084,73,35,14,14,10
2783,1,1,10,1171295526716,2006-09-20 22:51:06.379623499,9,3,2,2,2
2784,3,560,3150,1171311409716,2006-09-20 22:52:56.376404556,2590,1170,414,533,473
2785,1,11,130,1171312610716,2006-09-20 22:53:04.693859322,119,45,26,25,23
2786,2,108,560,1171323274716,2006-09-20 22:54:18.546763256,452,193,76,94,89
2787,2,104,1320,1171323621716,2006-09-20 22:54:20.949891319,1216,376,304,294,242
2788,1,23,120,1171325220716,2006-09-20 22:54:32.023671644,97,48,6,24,19
2789,1,75,380,1171325430716,2006-09-20 22:54:33.478014276,305,90,76,76,63
2790,1,40,260,1171326162716,2006-09-20 22:54:38.547437164,220,75,55,48,42
2791,1,51,260,1171326308716,2006-09-20 22:54:39.558551566,209,54,52,52,51
2792,2,147,1090,1171327767716,2006-09-20 22:54:49.662770136,943,309,220,228,186
2793,2,64,730,1171330140716,2006-09-20 22:55:06.096841876,666,296,104,141,125
2794,2,115,1000,1171331047716,2006-09-20 22:55:12.378216958,885,410,104,204,167
2795,1,44,320,1171334524716,2006-09-20 22:55:36.457975677,276,132,58,49,37
2796,1,19,320,1171335815716,2006-09-20 22:55:45.398720142,301,74,75,75,77
2797,1,45,320,1171336241716,2006-09-20 22:55:48.348958053,275,82,68,68,57
2798,2,120,610,1171337457716,2006-09-20 22:55:56.770294435,490,169,111,120,90
2799,2,90,1150,1171338648716,2006-09-20 22:56:05.018494790,1060,386,229,265,180
2800,2,114,680,1171340909716,2006-09-20 22:56:20.676917127,566,131,141,141,153
2801,1,59,320,1171342688716,2006-09-20 22:56:32.997276851,261,118,35,63,45
2802,1,65,340,1171344153716,2006-09-20 22:56:43.143048068,275,101,60,59,55
2803,2,215,1110,1171345191716,2006-09-20 22:56:50.331655934,895,319,174,223,179
2804,1,47,370,1171349536716,2006-09-20 22:57:20.422697532,323,97,80,80,66
2805,1,68,350,1171350223716,2006-09-20 22:57:25.180475570,282,103,67,68,44
2806,2,135,830,1171398902716,2006-09-20 23:03:02.304023076,695,186,173,173,163
2807,2,61,830,1171402106716,2006-09-20 23:03:24.493136374,769,329,158,189,93
2808,2,51,420,1171403766716,2006-09-20 23:03:35.989368607,369,101,92,92,84
2809,2,121,770,1171405058716,2006-09-20 23:03:44.937038513,649,167,162,162,158
2810,1,24,280,1171418665716,2006-09-20 23:05:19.171515617,256,76,64,64,52
2811,2,239,1640,1171419186716,2006-09-20 23:05:22.779670432,1401,296,350,350,405
2812,1,23,160,1171426873716,2006-09-20 23:06:16.015536199,137,33,34,34,36
2813,1,48,650,1171427338716,2006-09-20 23:06:19.235866312,602,132,150,150,170
2814,1,17,130,1171484664716,2006-09-20 23:12:56.243703046,113,26,28,28,31
2815,1,67,410,1171498701716,2006-09-20 23:14:33.456119824,343,93,85,85,80
2816,1,51,410,1171499122716,2006-09-20 23:14:36.371730529,359,119,82,89,69
2817,1,21,410,1171499908716,2006-09-20 23:14:41.815127237,389,134,97,87,71
2818,1,21,410,1171499999716,2006-09-20 23:14:42.445342377,389,129,86,97,77
2819,1,42,410,1171500312716,2006-09-20 23:14:44.613005443,368,134,85,86,63
2820,1,77,410,1171500769716,2006-09-20 23:14:47.777932027,333,90,83,83,77
2821,1,4,50,1171503259716,2006-09-20 23:15:05.022280376,46,19,11,9,7
2822,1,7,50,1171505615716,2006-09-20 23:15:21.338619618,43,20,9,8,6
2823,3,115,1390,1171506948716,2006-09-20 23:15:30.570232609,1275,536,289,210,240
2824,3,136,1390,1171509230716,2006-09-20 23:15:46.374089209,1254,274,313,313,354
2825,1,21,120,1171568533716,2006-09-20 23:22:37.073523005,99,40,24,23,12
2826,1,78,490,1171569648716,2006-09-20 23:22:44.795389836,412,137,90,103,82
2827,1,31,490,1171570257716,2006-09-20 23:22:49.012983469,459,183,92,108,76
2828,1,13,120,1171571984716,2006-09-20 23:23:00.973220255,107,27,26,26,28
2829,1,6,120,1171572207716,2006-09-20 23:23:02.517593622,114,35,28,28,23
2830,1,25,210,1171572665716,2006-09-20 23:23:05.689445647,185,65,39,46,35
2831,1,17,120,1171574346716,2006-09-20 23:23:17.331112143,103,21,25,25,32
2832,3,217,3210,1171575230716,2006-09-20 23:23:23.453202079,2993,1026,635,736,596
2833,1,9,100,1171575781716,2006-09-20 23:23:27.269120128,91,28,22,22,19
2834,1,88,810,1171576036716,2006-09-20 23:23:29.035107609,722,324,119,164,115
2835,1,37,200,1171576406716,2006-09-20 23:23:31.597520818,163,71,37,38,17
2836,1,7,40,1171577460716,2006-09-20 23:23:38.896935741,33,7,8,8,10
2837,1,35,620,1171578238716,2006-09-20 23:23:44.284928920,585,252,91,130,112
2838,2,384,2340,1171579895716,2006-09-20 23:23:55.760384830,1956,575,489,489,403
2839,1,13,130,1171584316716,2006-09-20 23:24:26.377759951,117,58,21,26,12
2840,1,21,200,1171585981716,2006-09-20 23:24:37.908619389,179,86,38,36,19
2841,1,48,300,1171586888716,2006-09-20 23:24:44.189994471,252,94,62,47,49
2842,1,18,100,1171587082716,2006-09-20 23:24:45.533530045,82,28,18,20,16
2843,1,78,410,1171587710716,2006-09-20 23:24:49.882707058,332,144,58,73,57
2844,1,13,100,1171587774716,2006-09-20 23:24:50.325935289,87,19,21,21,26
2845,7,402,3890,1171587970716,2006-09-20 23:24:51.683321745,3488,699,872,872,1045
2846,1,6,40,1171588532716,2006-09-20 23:24:55.575419646,34,11,8,8,7
2847,1,14,160,1171589207716,2006-09-20 23:25:00.250092391,146,42,36,36,32
2848,1,37,280,1171590262716,2006-09-20 23:25:07.556432756,243,111,27,59,46
2849,1,16,160,1171590470716,2006-09-20 23:25:08.996924506,144,38,36,36,34
2850,1,31,210,1171591653716,2006-09-20 23:25:17.189721332,179,65,36,44,34
2851,1,6,80,1171592871716,2006-09-20 23:25:25.624908597,74,30,12,18,14
2852,1,6,80,1171593432716,2006-09-20 23:25:29.510081056,74,15,18,18,23
2853,3,476,2540,1171594127716,2006-09-20 23:25:34.323262623,2064,728,486,485,365
2854,3,97,1500,1171598661716,2006-09-20 23:26:05.723212589,1403,688,220,272,223
2855,3,404,3210,1171600233716,2006-09-20 23:26:16.610006005,2806,928,660,695,523
2856,1,85,1030,1171602559716,2006-09-20 23:26:32.718582013,945,397,221,220,107
2857,1,27,490,1171603811716,2006-09-20 23:26:41.389234275,463,135,115,115,98
2858,4,239,4330,1171654897716,2006-09-20 23:32:35.182318519,4091,1388,933,960,810
2859,4,231,3040,1171657973716,2006-09-20 23:32:56.484975355,2809,780,702,702,625
2860,4,779,4330,1171661164716,2006-09-20 23:33:18.584057919,3551,1634,761,846,310
2861,1,12,130,1171667696716,2006-09-20 23:34:03.821039211,118,38,28,29,23
2862,4,292,1520,1171668205716,2006-09-20 23:34:07.346088733,1228,521,218,269,220
2863,1,4,30,1171675944716,2006-09-20 23:35:00.942077437,26,8,6,6,6
2864,1,12,110,1171676258716,2006-09-20 23:35:03.116665944,98,28,24,24,22
2865,4,204,1490,1171677020716,2006-09-20 23:35:08.393852065,1286,501,292,297,196
2866,1,1,10,1171678620716,2006-09-20 23:35:19.474557832,9,2,2,2,3
2867,4,709,4330,1171679039716,2006-09-20 23:35:22.376317654,3621,1567,594,748,712
2868,1,67,730,1171681898716,2006-09-20 23:35:42.176153771,663,142,165,165,191
2869,1,132,1290,1171686047716,2006-09-20 23:36:10.909808912,1158,284,289,289,296
2870,1,237,1290,1171688129716,2006-09-20 23:36:25.328577291,1053,225,263,263,302
2871,1,11,60,1171742384716,2006-09-20 23:42:41.068384393,49,16,12,12,9
2872,1,62,340,1171743066716,2006-09-20 23:42:45.791535226,278,113,65,52,48
2873,4,452,4010,1171743653716,2006-09-20 23:42:49.856769154,3558,1665,678,597,618
2874,4,299,1790,1171746555716,2006-09-20 23:43:09.954399238,1491,519,311,363,298
2875,1,21,180,1171747831716,2006-09-20 23:43:18.791262087,159,56,34,39,30
2876,2,72,580,1171748279716,2006-09-20 23:43:21.893859702,508,240,62,122,84
2877,1,14,180,1171748861716,2006-09-20 23:43:25.924466424,166,64,28,41,33
2878,4,556,4010,1171749227716,2006-09-20 23:43:28.459177869,3454,1073,830,862,689
2879,2,45,580,1171754472716,2006-09-20 23:44:04.783116460,535,167,128,133,107
2880,2,57,580,1171755052716,2006-09-20 23:44:08.799872300,523,259,50,123,91
2881,3,160,900,1171755396716,2006-09-20 23:44:11.182224040,740,160,185,185,210
2882,2,55,680,1171756047716,2006-09-20 23:44:15.690686199,625,279,71,155,120
2883,2,38,640,1171756377716,2006-09-20 23:44:17.976081763,602,193,145,148,116
2884,4,92,1530,1171756853716,2006-09-20 23:44:21.272591728,1438,493,302,359,284
2885,1,24,130,1171758633716,2006-09-20 23:44:33.599876894,106,43,22,25,16
2886,4,505,4010,1171759029716,2006-09-20 23:44:36.342351571,3505,1040,876,876,713
2887,4,446,4010,1171761475716,2006-09-20 23:44:53.281980512,3564,915,891,891,867
2888,4,688,4010,1171767903716,2006-09-20 23:45:37.798715929,3322,824,830,830,838
2889,4,703,4010,1171771105716,2006-09-20 23:45:59.973978344,3307,1200,755,691,661
2890,4,400,4010,1171774288716,2006-09-20 23:46:22.017657378,3610,1296,711,886,717
2891,4,617,4010,1171777393716,2006-09-20 23:46:43.521152007,3393,1570,701,539,583
2892,4,664,4010,1171780066716,2006-09-20 23:47:02.032856078,3346,1343,576,762,665
2893,4,594,4010,1171783281716,2006-09-20 23:47:24.298149227,3416,1510,488,780,638
2894,4,291,4010,1171787156716,2006-09-20 23:47:51.134233506,3719,1432,790,887,610
2895,1,45,250,1171804164716,2006-09-20 23:49:48.922135804,205,65,51,49,40
2896,2,57,440,1171857783716,2006-09-20 23:56:00.257362365,383,134,85,94,70
2897,1,37,410,1171858036716,2006-09-20 23:56:02.009498964,373,102,93,93,85
2898,1,18,160,1171858489716,2006-09-20 23:56:05.146723784,142,34,35,35,38
2899,1,45,810,1171858830716,2006-09-20 23:56:07.508299201,765,256,177,184,148
2900,1,56,810,1171861486716,2006-09-20 23:56:25.902270773,754,295,122,188,149
2901,1,29,180,1171933502716,2006-09-21 00:04:44.644837326,151,40,37,37,37
2902,1,13,270,1171957450716,2006-09-21 00:07:30.495300887,257,104,43,61,49
2903,4,179,1600,1171997627716,2006-09-21 00:12:08.738748126,1421,559,265,343,254
2904,4,191,1490,1172000393716,2006-09-21 00:12:27.894518220,1299,349,324,324,302
2905,4,90,1550,1172003404716,2006-09-21 00:12:48.747021384,1460,352,365,365,378
2906,4,358,1830,1172005747716,2006-09-21 00:13:04.973329891,1472,658,242,312,260
2907,1,23,280,1172007439716,2006-09-21 00:13:16.691176239,257,65,64,64,64
2908,4,153,1600,1172018258716,2006-09-21 00:14:31.617523544,1447,688,361,121,277
2909,1,8,90,1172020135716,2006-09-21 00:14:44.616576497,82,32,16,20,14
2910,1,1,20,1172020818716,2006-09-21 00:14:49.346652771,19,5,4,4,6
2911,1,1,20,1172025787716,2006-09-21 00:15:23.759169617,19,7,4,4,4
2912,1,12,80,1172092559716,2006-09-21 00:23:06.184723020,68,31,12,14,11
2913,2,124,640,1172106771716,2006-09-21 00:24:44.609091991,516,150,129,129,108
2914,1,10,130,1172177926716,2006-09-21 00:32:57.388853753,120,58,29,14,19
2915,1,5,40,1172194413716,2006-09-21 00:34:51.568601236,35,14,7,7,7
2916,6,1556,9650,1172195142716,2006-09-21 00:34:56.617247801,8094,2609,1943,1955,1587
2917,5,1191,6720,1172209361716,2006-09-21 00:36:35.090094860,5529,1311,1382,1382,1454
2918,6,690,6090,1172223630716,2006-09-21 00:38:13.909213975,5400,2338,1073,1263,726
2919,1,12,130,1172779309716,2006-09-21 01:42:22.231401257,118,25,29,29,35
2920,1,1,10,1172780882716,2006-09-21 01:42:33.125120114,9,4,2,2,1
2921,1,1,10,1172781089716,2006-09-21 01:42:34.558686423,9,1,2,2,4
2922,1,1,10,1172781598716,2006-09-21 01:42:38.083735945,9,1,2,2,4
2923,1,1,10,1172782379716,2006-09-21 01:42:43.492505447,9,1,2,2,4
2924,1,13,130,1172782547716,2006-09-21 01:42:44.655979553,117,32,29,29,27
2925,1,1,10,1172783329716,2006-09-21 01:42:50.071674496,9,3,2,2,2
2926,1,5,30,1172788136716,2006-09-21 01:43:23.362269883,25,5,6,6,8
2927,1,7,40,1172788759716,2006-09-21 01:43:27.676819691,33,9,8,8,8
2928,1,1,10,1172789361716,2006-09-21 01:43:31.845935236,9,1,2,2,4
2929,1,1,10,1172790405716,2006-09-21 01:43:39.076095749,9,1,2,2,4
2930,1,4,30,1172790701716,2006-09-21 01:43:41.126026315,26,7,6,6,7
2931,1,1,10,1172790993716,2006-09-21 01:43:43.148255118,9,3,2,2,2
2932,1,1,10,1172792620716,2006-09-21 01:43:54.415947794,9,2,2,2,3
2933,1,1,10,1172792922716,2006-09-21 01:43:56.507431008,9,2,2,2,3
2934,1,1,10,1172793550716,2006-09-21 01:44:00.856608021,9,1,2,2,4
2935,1,9,130,1172793581716,2006-09-21 01:44:01.071296695,121,48,22,30,21
2936,1,6,40,1172793966716,2006-09-21 01:44:03.737591520,34,8,8,8,10
2937,1,5,40,1172794699716,2006-09-21 01:44:08.813939850,35,13,8,7,7
2938,1,1,10,1172795217716,2006-09-21 01:44:12.401318341,9,2,2,2,3
2939,1,1,30,1172795699716,2006-09-21 01:44:15.739380954,29,6,7,7,9
2940,1,1,10,1172801569716,2006-09-21 01:44:56.391720235,9,3,2,2,2
2941,1,5,40,1172802061716,2006-09-21 01:44:59.799037258,35,11,8,8,8
2942,1,2,30,1172804001716,2006-09-21 01:45:13.234393000,28,9,7,7,5
2943,1,4,30,1172804110716,2006-09-21 01:45:13.989266080,26,7,6,6,7
2944,1,13,80,1172873117716,2006-09-21 01:53:11.893180350,67,33,16,6,12
2945,1,2,40,1172876700716,2006-09-21 01:53:36.707035826,38,10,9,9,10
2946,1,10,80,1172877316716,2006-09-21 01:53:40.973107547,70,35,4,17,14
2947,1,10,80,1172877898716,2006-09-21 01:53:45.003714269,70,23,17,17,13
2948,1,4,40,1172879148716,2006-09-21 01:53:53.660515649,36,15,7,9,5
2949,1,15,80,1172879455716,2006-09-21 01:53:55.786626068,65,30,16,12,7
2950,1,22,130,1172879752716,2006-09-21 01:53:57.843482076,108,38,24,25,21
2951,1,26,170,1172880720716,2006-09-21 01:54:04.547309065,144,71,13,32,28
2952,1,3,20,1172880896716,2006-09-21 01:54:05.766186699,17,5,4,4,4
2953,1,44,370,1172881147716,2006-09-21 01:54:07.504472416,326,153,67,50,56
2954,1,3,20,1172882000716,2006-09-21 01:54:13.411873678,17,8,4,2,3
2955,1,55,360,1172882292716,2006-09-21 01:54:15.434102481,305,124,50,73,58
2956,1,3,20,1172882389716,2006-09-21 01:54:16.105870268,17,3,4,4,6
2957,1,3,20,1172882732716,2006-09-21 01:54:18.481296566,17,6,4,4,3
2958,1,3,40,1172882960716,2006-09-21 01:54:20.060297138,37,12,9,9,7
2959,1,6,40,1172883543716,2006-09-21 01:54:24.097829302,34,11,8,8,7
2960,1,3,40,1172883852716,2006-09-21 01:54:26.237790603,37,8,9,9,11
2961,1,36,360,1172884036716,2006-09-21 01:54:27.512071766,324,110,69,81,64
2962,1,36,360,1172884914716,2006-09-21 01:54:33.592609055,324,156,68,49,51
2963,1,25,130,1172885693716,2006-09-21 01:54:38.987527676,105,38,23,24,20
2964,4,178,1000,1172886283716,2006-09-21 01:54:43.073537927,822,275,178,205,164
2965,1,20,130,1172886724716,2006-09-21 01:54:46.127657454,110,36,26,27,21
2966,1,62,390,1172886889716,2006-09-21 01:54:47.270355236,328,158,60,47,63
2967,1,48,360,1172887787716,2006-09-21 01:54:53.489401348,312,89,78,78,67
2968,4,193,1010,1173126661716,2006-09-21 02:22:27.797219647,817,346,193,127,151
2969,1,1,10,1173147155716,2006-09-21 02:24:49.727209635,9,1,2,2,4
2970,1,35,330,1173147285716,2006-09-21 02:24:50.627516978,295,124,40,73,58
2971,1,26,360,1173293814716,2006-09-21 02:41:45.405476520,334,119,76,80,59
2972,2,114,680,1173295261716,2006-09-21 02:41:55.426589798,566,220,131,123,92
2973,1,4,30,1173320321716,2006-09-21 02:44:48.978143866,26,8,6,6,6
2974,1,3,30,1173321389716,2006-09-21 02:44:56.374514966,27,12,4,6,5
2975,1,1,30,1173321731716,2006-09-21 02:44:58.743015823,29,12,6,7,4
2976,1,5,30,1173321883716,2006-09-21 02:44:59.795682871,25,5,6,6,8
2977,1,1,30,1173322092716,2006-09-21 02:45:01.243100062,29,8,7,7,7
2978,1,4,30,1173322296716,2006-09-21 02:45:02.655890047,26,8,6,6,6
2979,1,5,30,1173322366716,2006-09-21 02:45:03.140670924,25,11,6,4,4
2980,1,3,30,1173323754716,2006-09-21 02:45:12.753183177,27,11,6,5,5
2981,1,2,30,1173324056716,2006-09-21 02:45:14.844666390,28,12,7,6,3
2982,1,4,30,1173324260716,2006-09-21 02:45:16.257456375,26,9,6,6,5
2983,1,5,30,1173324466716,2006-09-21 02:45:17.684097243,25,11,6,6,2
2984,1,3,30,1173324609716,2006-09-21 02:45:18.674435321,27,13,5,6,3
2985,1,5,30,1173324866716,2006-09-21 02:45:20.454273685,25,8,6,6,5
2986,4,58,1010,1173325091716,2006-09-21 02:45:22.012497933,952,423,219,176,134
2987,1,3,30,1173387735716,2006-09-21 02:52:35.849830458,27,12,6,6,3
2988,1,9,60,1173389510716,2006-09-21 02:52:48.142488418,51,14,12,12,13
2989,1,10,60,1173389803716,2006-09-21 02:52:50.171642661,50,23,10,10,7
2990,1,11,150,1173396112716,2006-09-21 02:53:33.864250587,139,65,33,25,16
2991,1,40,240,1173398715716,2006-09-21 02:53:51.891173781,200,88,38,43,31
2992,1,43,330,1173399707716,2006-09-21 02:53:58.761211356,287,85,71,71,60
2993,1,36,330,1173408140716,2006-09-21 02:54:57.163456187,294,76,73,73,72
2994,1,25,360,1173408332716,2006-09-21 02:54:58.493140879,335,77,83,83,92
2995,1,59,330,1173408732716,2006-09-21 02:55:01.263317321,271,103,53,64,51
2996,1,37,510,1173409030716,2006-09-21 02:55:03.327098770,473,151,111,117,94
2997,1,49,510,1173472935716,2006-09-21 03:02:25.897412527,461,111,115,115,120
2998,1,33,360,1173486114716,2006-09-21 03:03:57.167800838,327,114,72,77,64
2999,1,65,360,1173486421716,2006-09-21 03:03:59.293911257,295,90,73,73,59
3000,1,54,360,1173487390716,2006-09-21 03:04:06.004663687,306,112,71,66,57
3001,1,6,40,1174515187716,2006-09-21 05:02:43.952254153,34,9,8,8,9
3002,1,3,40,1174520612716,2006-09-21 05:03:21.522772142,37,9,9,9,10
3003,1,43,300,1174525647716,2006-09-21 05:03:56.392368101,257,87,63,63,44
3004,1,40,300,1174526123716,2006-09-21 05:03:59.688878067,260,123,59,48,30
3005,1,52,300,1174526963716,2006-09-21 05:04:05.506248594,248,59,62,62,65
3006,1,55,300,1174527185716,2006-09-21 05:04:07.043696520,245,112,30,58,45
3007,1,15,300,1174530389716,2006-09-21 05:04:29.232809817,285,112,54,68,51
3008,1,45,300,1174598261716,2006-09-21 05:12:19.276348434,255,78,63,63,51
3009,1,17,300,1174598502716,2006-09-21 05:12:20.945379740,283,104,56,67,56
3010,1,39,300,1174598765716,2006-09-21 05:12:22.766770751,261,64,65,65,67
3011,1,33,360,1174599166716,2006-09-21 05:12:25.543872633,327,160,56,71,40
3012,1,34,360,1174605849716,2006-09-21 05:13:11.826595532,326,150,33,80,63
3013,1,4,40,1174613063716,2006-09-21 05:14:01.786727657,36,8,9,9,10
3014,4,154,1080,1174613284716,2006-09-21 05:14:03.317250141,926,350,181,211,184
3015,1,3,30,1174616769716,2006-09-21 05:14:27.452412389,27,11,5,6,5
3016,1,57,360,1174617914716,2006-09-21 05:14:35.382042453,303,151,62,61,29
3017,1,15,140,1174617999716,2006-09-21 05:14:35.970704947,125,29,31,31,34
3018,1,4,80,1174676593716,2006-09-21 05:21:21.760001000,76,20,19,19,18
3019,1,60,360,1175126330716,2006-09-21 06:13:16.387106833,300,69,75,75,81
3020,1,33,360,1175126836716,2006-09-21 06:13:19.891380031,327,104,79,80,64
3021,1,1,10,1176254492716,2006-09-21 08:23:29.406593711,9,3,2,2,2
3022,3,132,870,1176340626716,2006-09-21 08:33:25.922537772,738,291,180,176,91
3023,3,87,880,1176343368716,2006-09-21 08:33:44.912097279,793,340,149,179,125
3024,3,52,900,1176400252716,2006-09-21 08:40:18.858889044,848,177,212,212,247
3025,1,3,30,1176844250716,2006-09-21 09:31:33.740888381,27,10,6,6,5
3026,1,5,30,1176849037716,2006-09-21 09:32:06.892974946,25,9,5,6,5
3027,12,479,3280,1176849717716,2006-09-21 09:32:11.602274897,2801,1247,311,694,549
3028,11,452,3000,1176855463716,2006-09-21 09:32:51.395859481,2548,907,600,546,495
3029,1,13,90,1176942855716,2006-09-21 09:42:56.624008450,77,29,18,15,15
3030,3,70,880,1176943188716,2006-09-21 09:42:58.930180338,810,193,202,202,213
3031,4,139,1240,1176943926716,2006-09-21 09:43:04.041155872,1101,259,275,275,292
3032,2,91,560,1177356875716,2006-09-21 10:30:43.895134368,469,174,97,113,85
3033,1,2,40,1177629457716,2006-09-21 11:02:11.645721404,38,18,7,7,6
3034,1,1,10,1177632790716,2006-09-21 11:02:34.728216604,9,3,2,2,2
3035,1,1,20,1177633275716,2006-09-21 11:02:38.087055540,19,6,4,4,5
3036,1,26,230,1177633843716,2006-09-21 11:02:42.020706087,204,46,51,51,56
3037,1,25,130,1178149518716,2006-09-21 12:02:13.297547441,105,45,15,25,20
3038,1,7,130,1178564044716,2006-09-21 12:50:04.072946557,123,39,30,30,24
3039,1,1,10,1178926058716,2006-09-21 13:31:51.179582415,9,3,2,2,2
3040,1,1,10,1178926169716,2006-09-21 13:31:51.948306378,9,3,2,2,2
3041,1,1,10,1178926331716,2006-09-21 13:31:53.070227837,9,4,2,2,1
3042,1,1,10,1178926442716,2006-09-21 13:31:53.838951799,9,3,2,2,2
3043,1,1,10,1178926508716,2006-09-21 13:31:54.296030912,9,1,2,2,4
3044,1,12,80,1178926883716,2006-09-21 13:31:56.893071326,68,20,17,17,14
3045,1,20,130,1178927184716,2006-09-21 13:31:58.977629099,110,34,27,27,22
3046,1,7,70,1178927376716,2006-09-21 13:32:00.307313791,63,24,12,15,12
3047,1,7,70,1178928682716,2006-09-21 13:32:09.351939873,63,28,12,13,10
3048,1,8,80,1179262171716,2006-09-21 14:10:38.910368236,72,26,14,18,14
3049,1,7,80,1179285047716,2006-09-21 14:13:17.336758934,73,27,17,18,11
3050,1,6,80,1179285376716,2006-09-21 14:13:19.615229057,74,20,18,18,18
3051,1,9,80,1179285561716,2006-09-21 14:13:20.896435661,71,21,17,17,16
3052,1,7,80,1179285860716,2006-09-21 14:13:22.967142551,73,26,18,17,12
3053,1,7,80,1179286560716,2006-09-21 14:13:27.814951324,73,19,18,18,18
3054,1,11,80,1179287407716,2006-09-21 14:13:33.680799939,69,18,17,17,17
3055,1,15,80,1179287678716,2006-09-21 14:13:35.557594478,65,15,16,16,18
3056,1,1,10,1179288431716,2006-09-21 14:13:40.772451630,9,4,2,2,1
3057,1,3,50,1179288731716,2006-09-21 14:13:42.850083961,47,11,11,11,14
3058,1,3,50,1179288829716,2006-09-21 14:13:43.528777189,47,21,11,7,8
3059,1,25,130,1179337196716,2006-09-21 14:19:18.491587071,105,36,26,22,21
3060,1,7,80,1179339713716,2006-09-21 14:19:35.922922330,73,19,18,18,18
3061,1,5,80,1179340729716,2006-09-21 14:19:42.959170492,75,28,16,17,14
3062,1,11,80,1179341286716,2006-09-21 14:19:46.816641187,69,15,17,17,20
3063,1,18,130,1179341568716,2006-09-21 14:19:48.769615578,112,33,28,28,23
3064,1,19,130,1179341949716,2006-09-21 14:19:51.408208639,111,52,14,26,19
3065,1,7,80,1179342476716,2006-09-21 14:19:55.057916101,73,22,18,18,15
3066,1,4,80,1179343401716,2006-09-21 14:20:01.463949122,76,35,16,13,12
3067,1,15,80,1179343510716,2006-09-21 14:20:02.218822202,65,19,16,16,14
3068,1,7,80,1179343871716,2006-09-21 14:20:04.718906441,73,35,9,15,14
3069,1,12,80,1179344027716,2006-09-21 14:20:05.799275253,68,25,14,17,12
3070,1,20,130,1179344219716,2006-09-21 14:20:07.128959945,110,41,23,24,22
3071,1,14,100,1179344655716,2006-09-21 14:20:10.148452266,86,33,20,19,14
3072,1,12,130,1179344804716,2006-09-21 14:20:11.180342991,118,55,11,29,23
3073,1,11,130,1179355955716,2006-09-21 14:21:28.405936743,119,37,29,29,24
3074,1,11,80,1179356532716,2006-09-21 14:21:32.401916260,69,25,14,17,13
3075,1,23,130,1179356584716,2006-09-21 14:21:32.762039197,107,44,25,24,14
3076,1,94,490,1179356638716,2006-09-21 14:21:33.136013017,396,192,48,90,66
3077,1,18,280,1179356918716,2006-09-21 14:21:35.075136526,262,123,29,60,50
3078,1,8,110,1179357277716,2006-09-21 14:21:37.561369882,102,45,22,21,14
3079,1,122,640,1179357717716,2006-09-21 14:21:40.608563968,518,258,116,101,43
3080,1,8,50,1179364820716,2006-09-21 14:22:29.799972131,42,14,10,10,8
3081,1,9,50,1179365224716,2006-09-21 14:22:32.597850337,41,9,10,10,12
3082,1,4,50,1179366132716,2006-09-21 14:22:38.886150859,46,14,11,11,10
3083,1,5,40,1179945759716,2006-09-21 15:29:33.058801703,35,8,8,8,11
3084,1,1,10,1180057577716,2006-09-21 15:42:27.447775080,9,3,2,2,2
3085,1,1,10,1180058878716,2006-09-21 15:42:36.457773957,9,1,2,2,4
3086,1,1,10,1180060086716,2006-09-21 15:42:44.823706811,9,2,2,2,3
3087,1,1,10,1180061042716,2006-09-21 15:42:51.444428506,9,3,2,2,2
3088,1,1,10,1180061280716,2006-09-21 15:42:53.092683489,9,1,2,2,4
3089,1,1,10,1180061776716,2006-09-21 15:42:56.527702277,9,4,2,2,1
3090,1,1,10,1180062577716,2006-09-21 15:43:02.074980601,9,2,2,2,3
3091,1,1,10,1180066595716,2006-09-21 15:43:29.901402957,9,1,2,2,4
3092,1,1,10,1180068702716,2006-09-21 15:43:44.493307364,9,2,2,2,3
3093,1,1,10,1180071879716,2006-09-21 15:44:06.495433751,9,2,2,2,3
3094,1,1,10,1180117613716,2006-09-21 15:49:23.223557206,9,2,2,2,3
3095,1,1,10,1180118398716,2006-09-21 15:49:28.660028473,9,1,2,2,4
3096,1,1,10,1180119135716,2006-09-21 15:49:33.764078566,9,3,2,2,2
3097,1,5,80,1181093775716,2006-09-21 17:42:03.575996262,75,35,11,14,15
3098,1,6,130,1181094026716,2006-09-21 17:42:05.314281979,124,42,30,30,22
3099,1,14,130,1181094150716,2006-09-21 17:42:06.173036676,116,31,29,29,27
3100,1,5,80,1181158121716,2006-09-21 17:49:29.200429546,75,34,17,13,11
3101,1,12,80,1181160062716,2006-09-21 17:49:42.642710729,68,32,6,17,13
3102,1,14,80,1181161231716,2006-09-21 17:49:50.738551380,66,32,13,13,8
3103,1,10,90,1181161617716,2006-09-21 17:49:53.411771646,80,30,14,20,16
3104,1,7,80,1181172359716,2006-09-21 17:51:07.804859986,73,25,18,18,12
3105,1,10,90,1181173059716,2006-09-21 17:51:12.652668759,80,17,20,20,23
3106,1,14,90,1181177257716,2006-09-21 17:51:41.725670514,76,30,12,19,15
3107,1,4,90,1181177574716,2006-09-21 17:51:43.921035344,86,31,20,18,17
3108,1,12,90,1181180905716,2006-09-21 17:52:06.989679662,78,27,18,18,15
3109,6,252,1780,1181181106716,2006-09-21 17:52:08.381693324,1528,745,167,337,279
3110,1,11,80,1181182695716,2006-09-21 17:52:19.386219238,69,24,15,17,13
3111,1,2,30,1181315649716,2006-09-21 18:07:40.151315792,28,12,5,7,4
3112,1,12,80,1181327040716,2006-09-21 18:08:59.039015409,68,31,17,13,7
3113,1,5,90,1181327104716,2006-09-21 18:08:59.482243640,85,27,20,21,17
3114,1,2,30,1181327216716,2006-09-21 18:09:00.257893043,28,5,7,7,9
3115,1,5,30,1181327704716,2006-09-21 18:09:03.637508302,25,5,6,6,8
3116,1,4,30,1181328696716,2006-09-21 18:09:10.507545877,26,9,6,6,5
3117,1,26,510,1181329038716,2006-09-21 18:09:12.876046735,484,180,109,104,91
3118,1,44,510,1181329476716,2006-09-21 18:09:15.909389938,466,178,116,115,57
3119,1,4,50,1181340308716,2006-09-21 18:10:30.925767978,46,21,7,10,8
3120,1,4,50,1181340380716,2006-09-21 18:10:31.424399738,46,16,10,11,9
3121,1,4,50,1181340755716,2006-09-21 18:10:34.021440152,46,9,11,11,15
3122,1,8,150,1181340813716,2006-09-21 18:10:34.423115736,142,62,35,27,18
3123,1,5,50,1181346246716,2006-09-21 18:11:12.049037254,45,16,9,11,9
3124,1,14,90,1181346849716,2006-09-21 18:11:16.225078240,76,35,9,18,14
3125,1,7,50,1181346915716,2006-09-21 18:11:16.682157353,43,15,10,10,8
3126,1,7,50,1181347285716,2006-09-21 18:11:19.244570561,43,10,10,10,13
3127,1,5,90,1181347338716,2006-09-21 18:11:19.611618940,85,23,21,21,20
3128,1,9,50,1181347545716,2006-09-21 18:11:21.045185248,41,19,6,8,8
3129,1,8,50,1181348859716,2006-09-21 18:11:30.145214859,42,13,10,10,9
3130,1,8,50,1181349412716,2006-09-21 18:11:33.974983790,42,10,10,10,12
3131,1,88,510,1181353081716,2006-09-21 18:11:59.384427201,422,139,99,103,81
3132,1,9,50,1181353894716,2006-09-21 18:12:05.014810818,41,9,10,10,12
3133,1,22,170,1181354541716,2006-09-21 18:12:09.495571213,148,66,20,35,27
3134,1,6,80,1181355562716,2006-09-21 18:12:16.566446580,74,33,12,16,13
3135,1,12,90,1181355679716,2006-09-21 18:12:17.376723189,78,31,15,18,14
3136,1,20,130,1181355908716,2006-09-21 18:12:18.962649202,110,34,27,27,22
3137,1,20,130,1181374862716,2006-09-21 18:14:30.227459889,110,53,24,19,14
3138,1,65,510,1181443292716,2006-09-21 18:22:24.135394642,445,171,108,104,62
3139,1,5,90,1181585450716,2006-09-21 18:38:48.642251118,85,17,21,21,26
3140,1,53,510,1181585577716,2006-09-21 18:38:49.521782138,457,138,114,114,91
3141,1,28,150,1181585797716,2006-09-21 18:38:51.045379181,122,56,23,26,17
3142,1,11,80,1181604475716,2006-09-21 18:41:00.398768124,69,28,12,17,12
3143,1,10,80,1181604563716,2006-09-21 18:41:01.008206941,70,19,17,17,17
3144,1,11,130,1181605876716,2006-09-21 18:41:10.101311110,119,49,26,28,16
3145,1,3,30,1181608718716,2006-09-21 18:41:29.783414728,27,12,6,5,4
3146,1,23,130,1181608788716,2006-09-21 18:41:30.268195606,107,45,16,25,21
3147,1,4,30,1181608908716,2006-09-21 18:41:31.099248538,26,12,4,6,4
3148,1,85,510,1181611129716,2006-09-21 18:41:46.480653230,425,190,52,101,82
3149,1,3,30,1181611590716,2006-09-21 18:41:49.673281579,27,12,5,5,5
3150,1,73,510,1181611966716,2006-09-21 18:41:52.277247434,437,153,92,107,85
3151,1,13,150,1181612192716,2006-09-21 18:41:53.842397124,137,53,23,34,27
3152,1,24,160,1181612534716,2006-09-21 18:41:56.210897982,136,41,34,34,27
3153,1,58,510,1181613060716,2006-09-21 18:41:59.853680002,452,194,107,104,47
3154,1,10,90,1181613261716,2006-09-21 18:42:01.245693664,80,30,15,19,16
3155,1,13,90,1181613470716,2006-09-21 18:42:02.693110855,77,32,14,19,12
3156,1,97,510,1181613652716,2006-09-21 18:42:03.953541136,413,168,63,102,80
3157,1,30,510,1181614113716,2006-09-21 18:42:07.146169485,480,207,57,120,96
3158,1,13,80,1181614294716,2006-09-21 18:42:08.399674325,67,14,16,16,21
3159,1,15,160,1181614967716,2006-09-21 18:42:13.060496188,145,58,24,35,28
3160,1,18,160,1181615529716,2006-09-21 18:42:16.952594088,142,48,31,35,28
3161,1,4,80,1181615613716,2006-09-21 18:42:17.534331141,76,34,8,19,15
3162,1,12,130,1181615818716,2006-09-21 18:42:18.954046567,118,44,26,29,19
3163,1,3,30,1181616087716,2006-09-21 18:42:20.816990224,27,5,6,6,10
3164,1,1,30,1181616435716,2006-09-21 18:42:23.227043729,29,8,7,7,7
3165,1,63,510,1181616654716,2006-09-21 18:42:24.743715330,447,126,111,111,99
3166,1,34,180,1181616927716,2006-09-21 18:42:26.634360752,146,43,36,36,31
3167,1,33,510,1181617615716,2006-09-21 18:42:31.399064231,477,204,110,82,81
3168,1,11,70,1181617971716,2006-09-21 18:42:33.864521264,59,24,10,14,11
3169,1,16,150,1181618129716,2006-09-21 18:42:34.958740959,134,46,29,33,26
3170,1,4,30,1181618453716,2006-09-21 18:42:37.202583877,26,9,6,6,5
3171,1,20,230,1181619153716,2006-09-21 18:42:42.050392650,210,47,52,52,59
3172,1,9,130,1181619462716,2006-09-21 18:42:44.190353951,121,46,24,29,22
3173,1,5,80,1181680103716,2006-09-21 18:49:44.156027944,75,32,14,17,12
3174,1,4,80,1181686537716,2006-09-21 18:50:28.714316008,76,17,19,19,21
3175,1,6,80,1181687233716,2006-09-21 18:50:33.534423016,74,35,14,17,8
3176,1,11,80,1181688078716,2006-09-21 18:50:39.386420749,69,15,17,17,20
3177,1,14,80,1181688683716,2006-09-21 18:50:43.576312617,66,20,16,16,14
3178,1,13,80,1181688769716,2006-09-21 18:50:44.171900552,67,30,16,11,10
3179,1,12,80,1181688813716,2006-09-21 18:50:44.476619961,68,29,16,16,7
3180,1,5,80,1181688824716,2006-09-21 18:50:44.552799813,75,25,17,18,15
3181,1,7,80,1181688929716,2006-09-21 18:50:45.279971129,73,18,18,18,19
3182,1,7,80,1181688994716,2006-09-21 18:50:45.730124801,73,26,15,18,14
3183,1,6,80,1181689468716,2006-09-21 18:50:49.012783884,74,36,10,16,12
3184,1,11,90,1181689628716,2006-09-21 18:50:50.120854461,79,27,19,18,15
3185,1,10,80,1181691256716,2006-09-21 18:51:01.395472578,70,18,17,17,18
3186,1,52,510,1181692225716,2006-09-21 18:51:08.106225008,458,163,105,100,90
3187,1,52,510,1181695055716,2006-09-21 18:51:27.705223333,458,194,109,93,62
3188,1,15,90,1181695533716,2006-09-21 18:51:31.015584180,75,25,18,18,14
3189,1,15,90,1181696413716,2006-09-21 18:51:37.109972352,75,26,18,17,14
3190,1,8,90,1181696722716,2006-09-21 18:51:39.249933653,82,28,20,20,14
3191,1,16,90,1181697826716,2006-09-21 18:51:46.895620632,74,35,18,16,5
3192,1,15,80,1181698055716,2006-09-21 18:51:48.481546645,65,21,15,16,13
3193,1,8,90,1181698117716,2006-09-21 18:51:48.910923993,82,41,9,17,15
3194,1,52,510,1181698215716,2006-09-21 18:51:49.589617222,458,121,114,114,109
3195,1,10,80,1181699851716,2006-09-21 18:52:00.919638868,70,33,14,9,14
3196,1,28,150,1181699942716,2006-09-21 18:52:01.549854008,122,45,30,27,20
3197,1,29,160,1181764441716,2006-09-21 18:59:28.233879781,131,26,32,32,41
3198,1,10,160,1181764911716,2006-09-21 18:59:31.488837100,150,30,37,37,46
3199,1,17,160,1181765776716,2006-09-21 18:59:37.479343655,143,69,32,23,19
3200,1,21,160,1181766346716,2006-09-21 18:59:41.426845085,139,47,33,32,27
3201,1,20,160,1181773195716,2006-09-21 19:00:28.859191207,140,49,33,32,26
3202,1,32,410,1181774344716,2006-09-21 19:00:36.816523035,378,183,33,92,70
3203,1,73,410,1181776429716,2006-09-21 19:00:51.256067737,337,113,73,84,67
3204,36,1823,12030,1181778193716,2006-09-21 19:01:03.472545845,10207,2569,2551,2551,2536
3205,1,17,100,1181780018716,2006-09-21 19:01:16.111475860,83,37,19,11,16
3206,1,73,410,1181781262716,2006-09-21 19:01:24.726724593,337,104,82,84,67
3207,1,66,410,1181781940716,2006-09-21 19:01:29.422173662,344,145,50,83,66
3208,4,232,2010,1181782546716,2006-09-21 19:01:33.618990971,1778,720,272,438,348
3209,17,1262,8920,1181785825716,2006-09-21 19:01:56.327512351,7658,2185,1914,1914,1645
3210,1,1,10,1181792128716,2006-09-21 19:02:39.978567630,9,2,2,2,3
3211,1,1,10,1181794282716,2006-09-21 19:02:54.895967769,9,1,2,2,4
3212,1,3,40,1181794567716,2006-09-21 19:02:56.869718483,37,17,8,5,7
3213,1,20,130,1181794716716,2006-09-21 19:02:57.901609208,110,52,11,26,21
3214,1,7,90,1181796278716,2006-09-21 19:03:08.719148212,83,20,20,20,23
3215,1,1,10,1181796585716,2006-09-21 19:03:10.845258631,9,2,2,2,3
3216,1,1,10,1181798485716,2006-09-21 19:03:24.003596729,9,2,2,2,3
3217,1,1,10,1181798682716,2006-09-21 19:03:25.367908627,9,1,2,2,4
3218,1,1,10,1181799458716,2006-09-21 19:03:30.742050923,9,3,2,2,2
3219,1,1,10,1181800265716,2006-09-21 19:03:36.330881894,9,1,2,2,4
3220,1,1,10,1181801331716,2006-09-21 19:03:43.713402111,9,2,2,2,3
3221,1,1,10,1181804885716,2006-09-21 19:04:08.326419795,9,2,2,2,3
3222,17,411,6580,1181849611716,2006-09-21 19:09:18.073698617,6169,3071,1351,1499,248
3223,1,16,320,1181860889716,2006-09-21 19:10:36.178823389,304,79,76,76,73
3224,18,658,8800,1181861102716,2006-09-21 19:10:37.653942344,8142,2017,2035,2035,2055
3225,1,1,10,1181876496716,2006-09-21 19:12:24.264182701,9,2,2,2,3
3226,1,1,10,1181876716716,2006-09-21 19:12:25.787779744,9,3,2,2,2
3227,1,1,10,1181876877716,2006-09-21 19:12:26.902775761,9,4,2,2,1
3228,1,1,10,1181877317716,2006-09-21 19:12:29.949969847,9,2,2,2,3
3229,1,1,10,1181877520716,2006-09-21 19:12:31.355834391,9,2,2,2,3
3230,1,1,10,1181877618716,2006-09-21 19:12:32.034527620,9,4,2,2,1
3231,7,566,4010,1181879906716,2006-09-21 19:12:47.879936866,3444,1472,671,626,675
3232,11,521,6010,1181885070716,2006-09-21 19:13:23.642914727,5489,2582,450,1366,1091
3233,1,5,90,1181948260716,2006-09-21 19:20:41.261538095,85,28,21,21,15
3234,1,9,90,1181948386716,2006-09-21 19:20:42.134143674,81,34,13,18,16
3235,1,22,270,1181979297716,2006-09-21 19:24:16.206453643,248,83,56,62,47
3236,1,22,270,1181984861716,2006-09-21 19:24:54.739607946,248,80,58,62,48
3237,1,31,160,1182033590716,2006-09-21 19:30:32.209427508,129,64,31,25,9
3238,1,22,160,1182033968716,2006-09-21 19:30:34.827244245,138,33,34,34,37
3239,4,268,2010,1182034170716,2006-09-21 19:30:36.226183348,1742,710,298,386,348
3240,7,450,4010,1182037611716,2006-09-21 19:31:00.056626187,3560,1066,890,890,714
3241,11,687,6010,1182042654716,2006-09-21 19:31:34.981625675,5323,1863,1229,1307,924
3242,4,263,2010,1182113194716,2006-09-21 19:39:43.502241158,1747,476,436,436,399
3243,1,38,250,1182126242716,2006-09-21 19:41:13.865396684,212,55,53,53,51
3244,1,41,270,1182127682716,2006-09-21 19:41:23.838031874,229,81,49,57,42
3245,1,1,10,1182137123716,2006-09-21 19:42:29.221121338,9,3,2,2,2
3246,1,11,90,1182195773716,2006-09-21 19:49:15.398242093,79,30,18,19,12
3247,1,30,270,1182216231716,2006-09-21 19:51:37.078916201,240,109,26,57,48
3248,1,48,270,1182217237716,2006-09-21 19:51:44.045909951,222,71,55,52,44
3249,1,44,310,1182219116716,2006-09-21 19:51:57.058813786,266,118,59,38,51
3250,1,53,410,1182221000716,2006-09-21 19:52:10.106344826,357,78,89,89,101
3251,1,25,380,1182221164716,2006-09-21 19:52:11.242117167,355,94,88,88,85
3252,1,71,510,1182221748716,2006-09-21 19:52:15.286574772,439,101,109,109,120
3253,1,34,510,1182222490716,2006-09-21 19:52:20.425252071,476,139,119,119,99
3254,1,1,10,1182223099716,2006-09-21 19:52:24.642845704,9,2,2,2,3
3255,1,1,10,1182223861716,2006-09-21 19:52:29.920031825,9,4,2,2,1
3256,1,1,10,1182224063716,2006-09-21 19:52:31.318970928,9,3,2,2,2
3257,1,1,10,1182239856716,2006-09-21 19:54:20.692462285,9,4,2,2,1
3258,1,1,10,1182240021716,2006-09-21 19:54:21.835160067,9,4,2,2,1
3259,1,14,80,1182291613716,2006-09-21 20:00:19.132517510,66,31,12,11,12
3260,1,6,80,1182291911716,2006-09-21 20:00:21.196298959,74,29,15,17,13
3261,1,10,80,1182292161716,2006-09-21 20:00:22.927659235,70,23,17,17,13
3262,1,10,90,1182292283716,2006-09-21 20:00:23.772563049,80,33,15,20,12
3263,1,2,50,1182292325716,2006-09-21 20:00:24.063431576,48,21,12,9,6
3264,1,13,80,1182292652716,2006-09-21 20:00:26.328050817,67,14,16,16,21
3265,1,5,90,1182294488716,2006-09-21 20:00:39.043160684,85,27,21,20,17
3266,1,9,80,1182294911716,2006-09-21 20:00:41.972622271,71,18,17,17,19
3267,1,12,90,1182295007716,2006-09-21 20:00:42.637464617,78,20,19,19,20
3268,1,12,90,1182295309716,2006-09-21 20:00:44.728947830,78,38,15,13,12
3269,1,1,10,1182301212716,2006-09-21 20:01:25.609826668,9,1,2,2,4
3270,1,1,10,1182301844716,2006-09-21 20:01:29.986705446,9,3,2,2,2
3271,1,4,90,1182302856716,2006-09-21 20:01:36.995251843,86,22,21,21,22
3272,1,20,130,1182306056716,2006-09-21 20:01:59.156663376,110,53,17,19,21
3273,1,2,20,1182316102716,2006-09-21 20:03:08.729644708,18,9,3,4,2
3274,1,3,20,1182317700716,2006-09-21 20:03:19.796499592,17,3,4,4,6
3275,1,3,20,1182318143716,2006-09-21 20:03:22.864470001,17,7,4,4,2
3276,1,3,20,1182318834716,2006-09-21 20:03:27.649949804,17,8,4,4,1
3277,1,2,20,1182319468716,2006-09-21 20:03:32.040679464,18,5,4,4,5
3278,1,2,20,1182328177716,2006-09-21 20:04:32.354346040,18,4,4,4,6
3279,1,3,20,1182329250716,2006-09-21 20:04:39.785344344,17,5,4,4,4
3280,1,1,10,1182363069716,2006-09-21 20:08:33.996837044,9,3,2,2,2
3281,1,1,10,1182363075716,2006-09-21 20:08:34.038389690,9,1,2,2,4
3282,1,1,10,1182366935716,2006-09-21 20:09:00.770592352,9,4,2,2,1
3283,3,160,880,1182368298716,2006-09-21 20:09:10.209968577,720,275,124,177,144
3284,1,2,20,1182392085716,2006-09-21 20:11:54.945436120,18,3,4,4,7
3285,1,1,20,1182392356716,2006-09-21 20:11:56.822230659,19,5,4,4,6
3286,1,2,20,1182392532716,2006-09-21 20:11:58.041108294,18,7,4,4,3
3287,1,3,20,1182392683716,2006-09-21 20:11:59.086849901,17,8,3,3,3
3288,1,3,20,1182396650716,2006-09-21 20:12:26.560074760,17,8,2,4,3
3289,1,1,20,1182397250716,2006-09-21 20:12:30.715339423,19,6,4,4,5
3290,1,1,20,1182397494716,2006-09-21 20:12:32.405147052,19,8,4,4,3
3291,1,3,20,1182397638716,2006-09-21 20:12:33.402410571,17,5,4,4,4
3292,1,2,20,1182398223716,2006-09-21 20:12:37.453793617,18,7,4,4,3
3293,1,2,20,1182398474716,2006-09-21 20:12:39.192079334,18,5,4,4,5
3294,1,3,20,1182401595716,2006-09-21 20:13:00.806381020,17,4,4,4,5
3295,1,1,20,1182402726716,2006-09-21 20:13:08.639054909,19,5,4,4,6
3296,1,2,20,1182403003716,2006-09-21 20:13:10.557402095,18,3,4,4,7
3297,1,1,20,1182403410716,2006-09-21 20:13:13.376056624,19,6,4,4,5
3298,1,10,100,1182411327716,2006-09-21 20:14:08.204773845,90,29,21,22,18
3299,1,17,100,1182411945716,2006-09-21 20:14:12.484696448,83,29,18,20,16
3300,1,11,100,1182412533716,2006-09-21 20:14:16.556855817,89,34,16,22,17
3301,1,11,60,1182414617716,2006-09-21 20:14:30.989475078,49,19,9,12,9
3302,1,10,80,1182415309716,2006-09-21 20:14:35.781880322,70,22,17,17,14
3303,1,7,80,1182470539716,2006-09-21 20:20:58.273992501,73,36,14,11,12
3304,1,6,80,1182472772716,2006-09-21 20:21:13.738502486,74,28,18,17,11
3305,1,8,80,1182474892716,2006-09-21 20:21:28.420437627,72,36,17,13,6
3306,1,8,80,1182476359716,2006-09-21 20:21:38.580059727,72,15,18,18,21
3307,1,4,80,1182476795716,2006-09-21 20:21:41.599552048,76,27,15,19,15
3308,1,8,80,1182477225716,2006-09-21 20:21:44.577491723,72,23,18,18,13
3309,1,9,80,1182477231716,2006-09-21 20:21:44.619044370,71,27,14,17,13
3310,1,12,80,1182477249716,2006-09-21 20:21:44.743702309,68,21,17,17,13
3311,1,11,80,1182477477716,2006-09-21 20:21:46.322702881,69,26,15,16,12
3312,1,12,80,1182477927716,2006-09-21 20:21:49.439151378,68,22,16,17,13
3313,1,4,90,1182478625716,2006-09-21 20:21:54.273109269,86,27,21,21,17
3314,1,7,90,1182479076716,2006-09-21 20:21:57.396483207,83,26,20,20,17
3315,1,13,90,1182479489716,2006-09-21 20:22:00.256690383,77,35,12,19,11
3316,1,9,80,1182488923716,2006-09-21 20:23:05.591301759,71,20,17,17,17
3317,1,3,70,1182489933716,2006-09-21 20:23:12.585997274,67,29,16,14,8
3318,1,11,70,1182489984716,2006-09-21 20:23:12.939194770,59,12,14,14,19
3319,1,1,10,1182490697716,2006-09-21 20:23:17.877034277,9,4,2,2,1
3320,1,1,10,1182491717716,2006-09-21 20:23:24.940984204,9,1,2,2,4
3321,1,4,80,1182492194716,2006-09-21 20:23:28.244419610,76,24,19,19,14
3322,1,13,80,1182496183716,2006-09-21 20:23:55.870004174,67,23,16,15,13
3323,1,11,80,1182497009716,2006-09-21 20:24:01.590418526,69,31,9,16,13
3324,1,15,90,1182535159716,2006-09-21 20:28:25.795996648,75,35,17,17,6
3325,1,16,100,1182535389716,2006-09-21 20:28:27.388848102,84,31,21,16,16
3326,1,17,100,1182535571716,2006-09-21 20:28:28.649278383,83,27,20,20,16
3327,1,12,100,1182538146716,2006-09-21 20:28:46.482289226,88,27,22,22,17
3328,1,1,10,1182538375716,2006-09-21 20:28:48.068215238,9,3,2,2,2
3329,1,10,70,1182553171716,2006-09-21 20:30:30.537041815,60,26,10,14,10
3330,1,11,80,1182562861716,2006-09-21 20:31:37.644566113,69,34,6,17,12
3331,1,3,20,1182565018716,2006-09-21 20:31:52.582742575,17,5,4,4,4
3332,1,6,80,1182568204716,2006-09-21 20:32:14.647197932,74,28,17,18,11
3333,1,6,80,1182820880716,2006-09-21 21:01:24.539954351,74,26,17,17,14
3334,1,14,80,1182821087716,2006-09-21 21:01:25.973520659,66,29,8,16,13
3335,1,12,80,1182822955716,2006-09-21 21:01:38.910244642,68,16,17,17,18
3336,1,14,80,1182823675716,2006-09-21 21:01:43.896562237,66,33,11,13,9
3337,1,13,80,1182829941716,2006-09-21 21:02:27.291376195,67,28,13,16,10
3338,1,11,80,1182830510716,2006-09-21 21:02:31.231952183,69,34,17,16,2
3339,3,130,880,1182903200716,2006-09-21 21:10:54.642266040,750,250,185,180,135
3340,3,165,900,1182906898716,2006-09-21 21:11:20.252547243,735,160,183,183,209
3341,1,10,80,1182908993716,2006-09-21 21:11:34.761346356,70,23,16,17,14
3342,1,11,80,1182909504716,2006-09-21 21:11:38.300246760,69,25,17,17,10
3343,1,1,20,1182914399716,2006-09-21 21:12:12.200280965,19,7,4,4,4
3344,1,1,10,1182916795716,2006-09-21 21:12:28.793637850,9,1,2,2,4
3345,1,3,20,1182976159716,2006-09-21 21:19:19.915523554,17,7,3,4,3
3346,1,1,20,1182976426716,2006-09-21 21:19:21.764616329,19,9,4,3,3
3347,1,1,20,1182989971716,2006-09-21 21:20:55.569716084,19,8,4,4,3
3348,1,1,10,1182990210716,2006-09-21 21:20:57.224896507,9,4,2,2,1
3349,1,1,20,1182990334716,2006-09-21 21:20:58.083651204,19,5,4,4,6
3350,1,3,40,1182990731716,2006-09-21 21:21:00.833051323,37,16,9,9,3
3351,1,4,40,1182991211716,2006-09-21 21:21:04.157263053,36,17,9,6,4
3352,1,7,40,1182991780716,2006-09-21 21:21:08.097839041,33,9,8,8,8
3353,1,10,80,1182992128716,2006-09-21 21:21:10.507892545,70,19,17,17,17
3354,1,1,10,1183440293716,2006-09-21 22:12:54.248204962,9,3,2,2,2
3355,1,1,10,1183440503716,2006-09-21 22:12:55.702547594,9,4,2,2,1
3356,1,1,10,1183440752716,2006-09-21 22:12:57.426982429,9,2,2,2,3
3357,1,1,10,1183490481716,2006-09-21 22:18:41.822243094,9,2,2,2,3
3358,1,1,10,1183518936716,2006-09-21 22:21:58.885669711,9,4,2,2,1
3359,1,1,10,1183519569716,2006-09-21 22:22:03.269473930,9,4,2,2,1
3360,1,1,10,1183522557716,2006-09-21 22:22:23.962691949,9,2,2,2,3
3361,1,29,330,1183683749716,2006-09-21 22:41:00.288394401,301,128,73,69,31
3362,1,12,80,1183685489716,2006-09-21 22:41:12.338661922,68,25,15,17,11
3363,1,8,90,1183685633716,2006-09-21 22:41:13.335925441,82,17,20,20,25
3364,1,17,90,1183686217716,2006-09-21 22:41:17.380383046,73,26,17,17,13
3365,1,1,10,1183687415716,2006-09-21 22:41:25.677061488,9,2,2,2,3
3366,1,7,80,1183692039716,2006-09-21 22:41:57.700301154,73,17,18,18,20
3367,1,7,80,1183705656716,2006-09-21 22:43:32.004032668,73,35,9,18,11
3368,1,6,80,1183707469716,2006-09-21 22:43:44.559857390,74,28,17,15,14
3369,1,12,80,1183707859716,2006-09-21 22:43:47.260779420,68,19,17,17,15
3370,1,6,80,1183709865716,2006-09-21 22:44:01.153214275,74,32,12,17,13
3371,1,13,100,1183759321716,2006-09-21 22:49:43.657829519,87,22,21,21,23
3372,1,8,100,1183759464716,2006-09-21 22:49:44.648167597,92,37,22,18,15
3373,1,13,90,1183761187716,2006-09-21 22:49:56.580702620,77,23,19,19,16
3374,1,15,90,1183761598716,2006-09-21 22:49:59.427058913,75,18,18,18,21
3375,1,15,90,1183762373716,2006-09-21 22:50:04.794275769,75,32,11,17,15
3376,1,54,330,1183762761716,2006-09-21 22:50:07.481346917,276,74,69,69,64
3377,1,2,30,1183763049716,2006-09-21 22:50:09.475873955,28,11,6,6,5
3378,2,41,650,1183767802716,2006-09-21 22:50:42.392495523,609,285,72,134,118
3379,1,1,10,1183795017716,2006-09-21 22:53:50.868375171,9,1,2,2,4
3380,1,1,10,1183795169716,2006-09-21 22:53:51.921042219,9,4,2,2,1
3381,1,1,10,1183795446716,2006-09-21 22:53:53.839389405,9,2,2,2,3
3382,1,1,10,1183796030716,2006-09-21 22:53:57.883847010,9,1,2,2,4
3383,1,1,10,1183865639716,2006-09-21 23:01:59.956876825,9,2,2,2,3
3384,1,1,10,1183866859716,2006-09-21 23:02:08.405914972,9,1,2,2,4
3385,1,1,10,1183867188716,2006-09-21 23:02:10.684385095,9,2,2,2,3
3386,1,1,10,1184124555716,2006-09-21 23:31:53.064385733,9,3,2,2,2
3387,1,1,10,1184127567716,2006-09-21 23:32:13.923814338,9,3,2,2,2
3388,1,4,80,1184129678716,2006-09-21 23:32:28.543420509,76,18,19,19,20
3389,1,12,80,1184132642716,2006-09-21 23:32:49.070427941,68,31,16,10,11
3390,1,7,80,1184133381716,2006-09-21 23:32:54.188328917,73,34,9,18,12
3391,1,7,40,1184133779716,2006-09-21 23:32:56.944654477,33,10,8,8,7
3392,1,7,40,1184134107716,2006-09-21 23:32:59.216199159,33,7,8,8,10
3393,1,3,40,1184134291716,2006-09-21 23:33:00.490480322,37,17,7,7,6
3394,1,1,10,1184134626716,2006-09-21 23:33:02.810503092,9,2,2,2,3
3395,1,15,80,1184134717716,2006-09-21 23:33:03.440718232,65,14,16,16,19
3396,1,13,80,1184135468716,2006-09-21 23:33:08.641724502,67,29,16,16,6
3397,1,14,80,1184136598716,2006-09-21 23:33:16.467472949,66,28,14,15,9
3398,1,6,80,1184207461716,2006-09-21 23:41:27.225005909,74,24,18,18,14
3399,1,10,80,1184210671716,2006-09-21 23:41:49.455671853,70,14,17,17,22
3400,1,2,40,1184291805716,2006-09-21 23:51:11.344410393,38,17,9,8,4
3401,1,5,80,1184297671716,2006-09-21 23:51:51.969047909,75,21,18,18,18
3402,1,1,10,1184626070716,2006-09-22 00:29:46.276981053,9,2,2,2,3
3403,1,1,10,1184626232716,2006-09-22 00:29:47.398902512,9,3,2,2,2
3404,1,1,10,1184626311716,2006-09-22 00:29:47.946012359,9,2,2,2,3
3405,1,1,10,1184627514716,2006-09-22 00:29:56.277318007,9,4,2,2,1
3406,1,1,10,1184627607716,2006-09-22 00:29:56.921384030,9,3,2,2,2
3407,1,1,10,1184627669716,2006-09-22 00:29:57.350761379,9,1,2,2,4
3408,1,1,10,1184627999716,2006-09-22 00:29:59.636156943,9,1,2,2,4
3409,1,1,10,1184630551716,2006-09-22 00:30:17.309882641,9,3,2,2,2
3410,1,1,10,1184630882716,2006-09-22 00:30:19.602203646,9,4,2,2,1
3411,1,1,10,1184631359716,2006-09-22 00:30:22.905639053,9,4,2,2,1
3412,1,1,10,1184633342716,2006-09-22 00:30:36.638788762,9,1,2,2,4
3413,1,1,10,1184633422716,2006-09-22 00:30:37.192824050,9,3,2,2,2
3414,1,1,10,1184633548716,2006-09-22 00:30:38.065429629,9,4,2,2,1
3415,1,10,80,1184633785716,2006-09-22 00:30:39.706759171,70,34,14,14,8
3416,1,7,80,1184634308716,2006-09-22 00:30:43.328764869,73,15,18,18,22
3417,1,11,80,1184634631716,2006-09-22 00:30:45.565682345,69,22,17,17,13
3418,1,6,80,1184637538716,2006-09-22 00:31:05.697939635,74,37,8,18,11
3419,1,4,80,1184638540716,2006-09-22 00:31:12.637231621,76,33,18,17,8
3420,1,13,80,1184639236716,2006-09-22 00:31:17.457338630,67,30,10,16,11
3421,1,11,80,1184644392716,2006-09-22 00:31:53.164912962,69,22,17,17,13
3422,1,13,80,1184648964716,2006-09-22 00:32:24.828029690,67,29,14,12,12
3423,1,4,80,1184649822716,2006-09-22 00:32:30.770058158,76,31,12,19,14
3424,1,14,80,1184650675716,2006-09-22 00:32:36.677459419,66,32,10,14,10
3425,1,11,80,1184651127716,2006-09-22 00:32:39.807758798,69,22,17,17,13
3426,1,10,80,1184651759716,2006-09-22 00:32:44.184637576,70,23,17,16,14
3427,1,1,10,1184652989716,2006-09-22 00:32:52.702930134,9,1,2,2,4
3428,1,3,20,1184659215716,2006-09-22 00:33:35.820726448,17,3,4,4,6
3429,1,1,10,1184660323716,2006-09-22 00:33:43.494115192,9,2,2,2,3
3430,1,2,20,1184660468716,2006-09-22 00:33:44.498304152,18,4,4,4,6
3431,1,3,20,1184660773716,2006-09-22 00:33:46.610563688,17,7,4,4,2
3432,1,3,20,1184660977716,2006-09-22 00:33:48.023353674,17,7,4,3,3
3433,1,2,20,1184661123716,2006-09-22 00:33:49.034468075,18,6,4,4,4
3434,1,1,10,1184726926716,2006-09-22 00:41:24.749269048,9,2,2,2,3
3435,1,2,20,1184731196716,2006-09-22 00:41:54.320902562,18,5,4,4,5
3436,1,6,80,1184731411716,2006-09-22 00:41:55.809872400,74,22,18,18,16
3437,1,1,10,1184741003716,2006-09-22 00:43:02.238703470,9,4,2,2,1
3438,1,1,10,1184783195716,2006-09-22 00:47:54.436914534,9,2,2,2,3
3439,1,1,10,1184783321716,2006-09-22 00:47:55.309520113,9,4,2,2,1
3440,1,1,10,1184783853716,2006-09-22 00:47:58.993854781,9,2,2,2,3
3441,1,10,80,1184810798716,2006-09-22 00:51:05.599865330,70,15,17,17,21
3442,1,6,80,1184814640716,2006-09-22 00:51:32.207410052,74,25,18,17,14
3443,1,3,20,1184815937716,2006-09-22 00:51:41.189707164,17,6,4,4,3
3444,1,15,80,1184820672716,2006-09-22 00:52:13.981670792,65,21,16,16,12
3445,1,11,80,1184821002716,2006-09-22 00:52:16.267066357,69,14,17,17,21
3446,7,343,2010,1184875501716,2006-09-22 00:58:33.696681089,1667,508,413,415,331
3447,7,316,2010,1184877040716,2006-09-22 00:58:44.354934948,1694,397,423,423,451
3448,3,134,970,1184884375716,2006-09-22 00:59:35.153045446,836,232,209,209,186
3449,7,116,2010,1184884547716,2006-09-22 00:59:36.344221316,1894,698,468,385,343
3450,7,237,2010,1184888750716,2006-09-22 01:00:05.451850277,1773,761,369,418,225
3451,4,190,1260,1184889390716,2006-09-22 01:00:09.884132583,1070,372,230,255,213
3452,2,92,610,1184891792716,2006-09-22 01:00:26.519042116,518,131,129,129,129
3453,2,64,610,1184893100716,2006-09-22 01:00:35.577519080,546,123,136,136,151
3454,2,116,610,1184895856716,2006-09-22 01:00:54.664034763,494,109,123,123,139
3455,1,30,410,1184964771716,2006-09-22 01:08:51.930808451,380,176,60,87,57
3456,1,12,100,1184980137716,2006-09-22 01:10:38.347136457,88,23,22,22,21
3457,1,62,410,1185323796716,2006-09-22 01:50:18.337300849,348,92,87,87,82
3458,1,7,50,1185324323716,2006-09-22 01:50:21.987008311,43,12,10,10,11
3459,1,1,10,1185327075716,2006-09-22 01:50:41.045822230,9,2,2,2,3
3460,1,1,10,1185327432716,2006-09-22 01:50:43.518204704,9,2,2,2,3
3461,1,14,200,1185386475716,2006-09-22 01:57:32.417023813,186,50,46,46,44
3462,1,59,410,1185387254716,2006-09-22 01:57:37.811942433,351,170,41,83,57
3463,1,57,410,1185395986716,2006-09-22 01:58:38.284894154,353,103,88,88,74
3464,1,31,410,1185397331716,2006-09-22 01:58:47.599612439,379,132,89,88,70
3465,1,63,410,1185406569716,2006-09-22 01:59:51.576837359,347,138,75,78,56
3466,1,48,410,1185416207716,2006-09-22 02:00:58.324238720,362,151,84,79,48
3467,1,61,410,1185491195716,2006-09-22 02:09:37.649216234,349,164,61,74,50
3468,1,71,410,1185491769716,2006-09-22 02:09:41.624419427,339,84,84,84,87
3469,1,3,50,1185864618716,2006-09-22 02:52:43.768209648,47,14,11,11,11
3470,1,2,50,1185865653716,2006-09-22 02:52:50.936041191,48,11,12,12,13
3471,1,8,50,1185870472716,2006-09-22 02:53:24.309741872,42,14,10,10,8
3472,1,7,50,1185870880716,2006-09-22 02:53:27.135321842,43,20,7,10,6
3473,1,7,50,1185939207716,2006-09-22 03:01:20.329936162,43,12,10,10,11
3474,1,17,100,1186013516716,2006-09-22 03:09:54.952539166,83,19,20,20,24
3475,1,17,100,1186014431716,2006-09-22 03:10:01.289317776,83,36,18,15,14
3476,1,9,50,1186020220716,2006-09-22 03:10:41.380696328,41,14,9,10,8
3477,1,10,80,1186023634716,2006-09-22 03:11:05.024152257,70,27,17,15,11
3478,1,9,80,1186023884716,2006-09-22 03:11:06.755512533,71,29,11,17,14
3479,1,1,10,1186024215716,2006-09-22 03:11:09.047833539,9,1,2,2,4
3480,1,1,10,1186025206716,2006-09-22 03:11:15.910945673,9,3,2,2,2
3481,1,1,10,1186027467716,2006-09-22 03:11:31.569368009,9,2,2,2,3
3482,1,7,80,1186040920716,2006-09-22 03:13:04.737327183,73,20,18,18,17
3483,1,15,80,1186041614716,2006-09-22 03:13:09.543583309,65,26,16,13,10
3484,1,6,50,1186041908716,2006-09-22 03:13:11.579662993,44,8,11,11,14
3485,1,12,90,1186044799716,2006-09-22 03:13:31.601113225,78,23,19,19,17
3486,1,4,40,1186099147716,2006-09-22 03:19:47.984986351,36,12,8,9,7
3487,1,2,40,1186105216716,2006-09-22 03:20:30.015488412,38,18,5,8,7
3488,1,4,90,1186107922716,2006-09-22 03:20:48.755732039,86,29,21,21,15
3489,1,1,10,1186108509716,2006-09-22 03:20:52.820965967,9,4,2,2,1
3490,1,3,50,1186109778716,2006-09-22 03:21:01.609350728,47,19,9,10,9
3491,1,7,50,1186121996716,2006-09-22 03:22:26.224390138,43,18,7,10,8
3492,1,9,50,1186123373716,2006-09-22 03:22:35.760722539,41,12,10,10,9
3493,1,16,90,1186123861716,2006-09-22 03:22:39.140337797,74,16,18,18,22
3494,1,13,90,1186127157716,2006-09-22 03:23:01.966591676,77,31,15,18,13
3495,1,7,90,1186128908716,2006-09-22 03:23:14.093039050,83,29,19,20,15
3496,1,16,90,1186129269716,2006-09-22 03:23:16.593123288,74,36,13,15,10
3497,1,12,70,1186129705716,2006-09-22 03:23:19.612615610,58,13,14,14,17
3498,1,5,70,1186130063716,2006-09-22 03:23:22.091923525,65,17,16,16,16
3499,1,14,90,1186130233716,2006-09-22 03:23:23.269248513,76,23,19,19,15
3500,1,8,90,1186130719716,2006-09-22 03:23:26.635012889,82,21,20,20,21
3501,1,15,90,1186130928716,2006-09-22 03:23:28.082430080,75,36,7,17,15
3502,1,9,50,1186131195716,2006-09-22 03:23:29.931522855,41,12,10,10,9
3503,1,2,50,1186191936716,2006-09-22 03:30:30.589740959,48,20,9,10,9
3504,1,16,90,1186192262716,2006-09-22 03:30:32.847434759,74,21,18,18,17
3505,1,7,50,1186192657716,2006-09-22 03:30:35.582983995,43,14,10,10,9
3506,1,15,80,1186192871716,2006-09-22 03:30:37.065028391,65,13,16,16,20
3507,1,9,80,1186193472716,2006-09-22 03:30:41.227218495,71,33,13,13,12
3508,1,14,80,1186194349716,2006-09-22 03:30:47.300830343,66,19,16,16,15
3509,1,5,90,1186195140716,2006-09-22 03:30:52.778854256,85,31,21,18,15
3510,1,5,50,1186451677716,2006-09-22 04:00:29.410738778,45,21,9,7,8
3511,1,4,80,1186452000716,2006-09-22 04:00:31.647656254,76,30,14,18,14
3512,1,17,90,1186452966716,2006-09-22 04:00:38.337632361,73,16,18,18,21
3513,1,15,90,1186475676716,2006-09-22 04:03:15.614399835,75,15,18,18,24
3514,1,16,90,1186646582716,2006-09-22 04:22:59.213837171,74,34,8,18,14
3515,1,17,90,1186647240716,2006-09-22 04:23:03.770777418,73,30,12,17,14
3516,1,5,90,1186647397716,2006-09-22 04:23:04.858071671,85,36,16,20,13
3517,1,7,70,1187056637716,2006-09-22 05:10:19.025589111,63,27,11,13,12
3518,1,2,40,1187657014716,2006-09-22 06:19:36.901142865,38,9,9,9,11
3519,1,3,40,1187659039716,2006-09-22 06:19:50.925161101,37,18,5,7,7
3520,1,8,100,1187662643716,2006-09-22 06:20:15.884450840,92,44,18,23,7
3521,1,6,50,1189475090716,2006-09-22 09:49:27.879403634,44,11,11,11,11
3522,1,1,10,1191613434716,2006-09-22 13:56:16.854835930,9,1,2,2,4
3523,1,6,100,1192129116716,2006-09-22 14:55:48.180155372,94,37,16,23,18
3524,1,1,10,1192215890716,2006-09-22 15:05:49.128381739,9,3,2,2,2
3525,1,1,10,1192216035716,2006-09-22 15:05:50.132570699,9,4,2,2,1
3526,1,1,10,1192216820716,2006-09-22 15:05:55.569041966,9,3,2,2,2
3527,1,31,190,1192217219716,2006-09-22 15:05:58.332292967,159,49,39,39,32
3528,1,1,10,1192224113716,2006-09-22 15:06:46.076283938,9,2,2,2,3
3529,1,1,10,1192224256716,2006-09-22 15:06:47.066622016,9,3,2,2,2
3530,1,1,10,1192224534716,2006-09-22 15:06:48.991894643,9,1,2,2,4
3531,1,1,10,1192225072716,2006-09-22 15:06:52.717781957,9,3,2,2,2
3532,1,1,10,1192233248716,2006-09-22 15:07:49.340188424,9,1,2,2,4
3533,1,1,10,1192487292716,2006-09-22 15:37:08.706948273,9,1,2,2,4
3534,1,1,10,1192487591716,2006-09-22 15:37:10.777655163,9,4,2,2,1
3535,1,1,10,1192487966716,2006-09-22 15:37:13.374695577,9,1,2,2,4
3536,1,1,10,1192753256716,2006-09-22 16:07:50.624966083,9,2,2,2,3
3537,1,1,10,1192755083716,2006-09-22 16:08:03.277746980,9,4,2,2,1
3538,1,1,10,1192755167716,2006-09-22 16:08:03.859484033,9,4,2,2,1
3539,1,1,10,1192755324716,2006-09-22 16:08:04.946778286,9,3,2,2,2
3540,1,1,10,1192811666716,2006-09-22 16:14:35.139980973,9,1,2,2,4
3541,1,1,10,1192863572716,2006-09-22 16:20:34.611926922,9,1,2,2,4
3542,1,1,10,1192864764716,2006-09-22 16:20:42.867052718,9,2,2,2,3
3543,1,1,10,1192865333716,2006-09-22 16:20:46.807628706,9,3,2,2,2
3544,1,1,10,1192865380716,2006-09-22 16:20:47.133124438,9,3,2,2,2
3545,1,1,10,1192904674716,2006-09-22 16:25:19.261407183,9,4,2,2,1
3546,1,1,20,1192904819716,2006-09-22 16:25:20.265596143,19,6,4,4,5
3547,1,1,10,1192932148716,2006-09-22 16:28:29.530976076,9,4,2,2,1
3548,1,1,10,1192933236716,2006-09-22 16:28:37.065855998,9,2,2,2,3
3549,1,1,10,1192983933716,2006-09-22 16:34:28.164943652,9,2,2,2,3
3550,1,5,30,1193195884716,2006-09-22 16:58:56.019111106,25,12,4,5,4
3551,1,2,30,1193195898716,2006-09-22 16:58:56.116067282,28,11,7,5,5
3609,1,1,10,0,2006-09-22 16:58:56.122992723,9,4,2,2,1
3616,2,5,40,84254,2006-09-22 17:08:39.625977545,35,15,8,8,4
3612,1,1,10,112877,2006-09-22 17:11:57.852490443,9,3,2,2,2
3605,2,5,40,251625,2006-09-22 17:27:58.742380801,35,13,7,8,7
3606,2,3,40,253151,2006-09-22 17:28:09.306178569,37,18,9,9,1
3608,2,4,40,254398,2006-09-22 17:28:17.944807592,36,13,8,8,7
3607,1,2,40,260868,2006-09-22 17:29:02.752425386,38,16,7,8,7
3610,1,2,20,780379,2006-09-22 18:29:00.596699308,18,5,4,4,5
3613,2,3,40,985102,2006-09-22 18:52:38.394872681,37,12,9,9,7
3615,1,1,10,1109375,2006-09-22 19:06:59.040034949,9,2,2,2,3
3611,1,1,10,1111169,2006-09-22 19:07:11.458846744,9,3,2,2,2
3614,1,1,10,1111783,2006-09-22 19:07:15.717127343,9,3,2,2,2
3617,2,5,50,1213594,2006-09-22 19:19:00.799250240,45,14,11,11,9
3618,1,1,10,1437574,2006-09-22 19:44:51.959001625,9,2,2,2,3
3622,1,2,20,1786201,2006-09-22 20:25:06.358164740,18,6,4,4,4
3619,1,3,20,1787438,2006-09-22 20:25:14.920918630,17,8,2,4,3
3620,1,1,10,1788275,2006-09-22 20:25:20.721148690,9,2,2,2,3
3553,1,3,20,1970115,2006-09-22 20:46:20.038940628,17,6,4,4,3
3623,1,1,20,1970631,2006-09-22 20:46:23.613250812,19,3,4,4,8
3625,1,3,30,1974888,2006-09-22 20:46:53.097963115,27,7,6,6,8
3624,1,3,20,1975264,2006-09-22 20:46:55.701381861,17,5,4,4,4
3554,2,3,20,2433165,2006-09-22 21:39:46.865198752,17,6,4,4,3
3555,5,12,70,2560814,2006-09-22 21:54:30.892713969,58,25,14,10,9
3556,1,1,10,2705380,2006-09-22 22:11:12.073172416,9,3,2,2,2
3557,1,1,10,2705810,2006-09-22 22:11:15.056915611,9,1,2,2,4
3559,1,1,10,2707125,2006-09-22 22:11:24.158461893,9,4,2,2,1
3558,1,1,10,2745548,2006-09-22 22:15:50.256797695,9,1,2,2,4
3560,1,1,10,2787391,2006-09-22 22:20:40.036797086,9,4,2,2,1
3566,1,1,10,4317323,2006-09-23 01:17:15.492446164,9,2,2,2,3
3570,1,10,60,4317698,2006-09-23 01:17:18.091841228,50,15,12,12,11
3568,1,1,10,4319891,2006-09-23 01:17:33.280012263,9,2,2,2,3
3574,1,7,40,4362739,2006-09-23 01:22:30.015419141,33,16,5,6,6
3573,1,4,40,4365226,2006-09-23 01:22:47.243915155,36,11,9,9,7
3567,2,3,40,4369306,2006-09-23 01:23:15.497921171,37,11,9,9,8
3564,1,3,30,4375125,2006-09-23 01:23:55.797748574,27,12,4,6,5
3565,2,9,60,4478468,2006-09-23 01:35:51.492015743,51,22,7,12,10
3576,1,1,20,4523255,2006-09-23 01:41:01.659474928,19,7,4,4,4
3578,3,7,100,5377871,2006-09-23 03:19:40.255095902,93,39,18,18,18
3582,1,3,20,5532732,2006-09-23 03:37:32.736855688,17,6,4,4,3
3581,1,1,20,5604196,2006-09-23 03:45:47.655186738,19,8,4,4,3
3584,1,16,120,5604935,2006-09-23 03:45:52.775400811,104,23,26,26,29
3585,1,2,20,5619380,2006-09-23 03:47:32.808826768,18,5,4,4,5
3583,1,2,20,5621830,2006-09-23 03:47:49.781289225,18,3,4,4,7
3586,1,1,10,5926817,2006-09-23 04:23:01.946522243,9,3,2,2,2
3590,3,7,90,6041004,2006-09-23 04:36:12.741858671,83,29,19,19,16
3587,3,14,110,6043588,2006-09-23 04:36:30.636215071,96,46,15,22,13
3589,1,1,10,6059370,2006-09-23 04:38:19.937979635,9,1,2,2,4
3588,1,5,40,6062506,2006-09-23 04:38:41.652700216,35,13,8,8,6
3595,8,12,170,6337353,2006-09-23 05:10:25.090429394,158,73,29,33,23
3602,8,28,210,6378357,2006-09-23 05:15:09.063141699,182,61,40,45,36
3601,1,3,40,6485301,2006-09-23 05:27:29.693290616,37,12,9,9,7
3598,8,17,190,6555711,2006-09-23 05:35:37.319291468,173,62,36,41,34
3599,3,9,110,6558409,2006-09-23 05:35:55.999823942,101,23,25,25,28
3600,8,13,170,6559353,2006-09-23 05:36:02.538825433,157,44,39,39,35
3597,8,36,210,6567812,2006-09-23 05:37:01.121547259,174,47,43,43,41
3596,3,6,70,6594066,2006-09-23 05:40:02.945609981,64,14,16,16,18
3603,5,39,210,6600015,2006-09-23 05:40:44.143002253,171,63,32,42,34
3621,2,7,40,7433166,2006-09-23 07:16:54.079971619,33,8,8,8,9
3552,3,16,120,7892997,2006-09-23 08:09:58.612853930,104,35,24,26,19
3561,1,1,10,8215134,2006-09-23 08:47:09.556091859,9,4,2,2,1
3562,1,1,10,8215276,2006-09-23 08:47:10.538839654,9,1,2,2,4
3563,1,1,10,8215550,2006-09-23 08:47:12.437567065,9,1,2,2,4
3572,2,4,40,8481945,2006-09-23 09:17:57.339792073,36,14,6,9,7
3569,2,1,30,8497528,2006-09-23 09:19:45.256606925,29,7,7,7,8
3575,7,12,90,8733230,2006-09-23 09:46:57.594938441,78,20,19,19,20
3577,8,17,100,8733700,2006-09-23 09:47:00.849944238,83,25,20,20,18
3580,1,3,20,9227878,2006-09-23 10:44:03.251637770,17,5,4,4,4
3579,1,1,20,9273532,2006-09-23 10:49:19.425435068,19,9,3,4,3
3594,1,1,10,10032639,2006-09-23 12:16:56.579344021,9,4,2,2,1
3592,1,1,10,10032714,2006-09-23 12:16:57.098461236,9,2,2,2,3
3593,1,1,10,10033246,2006-09-23 12:17:00.781265380,9,4,2,2,1
3591,1,1,10,10033288,2006-09-23 12:17:01.069557643,9,2,2,2,3
3647,2,2,30,10520381,2006-09-23 13:13:14.408877831,28,10,7,6,5
3649,2,2,30,10870333,2006-09-23 13:53:37.978903968,28,13,4,6,5
3667,2,2,50,11264456,2006-09-23 14:39:07.455740190,48,14,12,12,10
3673,1,1,10,11465308,2006-09-23 15:02:18.443668106,9,1,2,2,4
3684,1,1,10,11663518,2006-09-23 15:25:11.134919971,9,2,2,2,3
3685,2,7,50,11667796,2006-09-23 15:25:40.763771480,43,8,10,10,15
3686,8,17,110,11761421,2006-09-23 15:36:29.154427411,93,26,23,23,21
3687,1,2,30,11934969,2006-09-23 15:56:31.052763864,28,14,3,6,5
3688,2,4,40,12035299,2006-09-23 16:08:05.881577294,36,13,7,9,7
3693,4,5,50,12079015,2006-09-23 16:13:08.630649402,45,10,11,11,13
3695,1,1,10,12338065,2006-09-23 16:43:02.665855773,9,2,2,2,3
3698,1,1,10,12360491,2006-09-23 16:45:37.980784291,9,3,2,2,2
3697,1,1,10,12360732,2006-09-23 16:45:39.646387504,9,4,2,2,1
3700,8,10,180,12471273,2006-09-23 16:58:25.195852514,170,66,28,42,34
3701,8,17,190,12520465,2006-09-23 17:04:05.866659432,173,77,39,24,33
3705,3,5,70,12657285,2006-09-23 17:19:53.407498896,65,16,16,16,17
3703,2,1,20,12669135,2006-09-23 17:21:15.471538225,19,3,4,4,8
3704,2,3,20,12669811,2006-09-23 17:21:20.153780477,17,6,4,4,3
3716,2,2,20,12670127,2006-09-23 17:21:22.343404116,18,5,4,4,5
3706,2,3,30,12671795,2006-09-23 17:21:33.894014913,27,10,6,6,5
3702,2,6,40,12731893,2006-09-23 17:28:30.100829567,34,15,8,5,6
3719,2,2,40,12802243,2006-09-23 17:36:37.307917412,38,13,9,9,7
3720,1,2,20,12808407,2006-09-23 17:37:19.992361174,18,8,4,3,3
3721,5,11,100,12912610,2006-09-23 17:49:21.646101997,89,19,22,22,26
3737,2,8,60,13291861,2006-09-23 18:33:08.125977504,52,17,12,13,10
3736,2,11,60,13291983,2006-09-23 18:33:08.969974086,49,16,12,12,9
3740,2,9,60,13292037,2006-09-23 18:33:09.349211241,51,12,12,12,15
3738,4,8,80,13292194,2006-09-23 18:33:10.430265671,72,17,18,18,19
3739,2,10,60,13292559,2006-09-23 18:33:12.961306632,50,11,12,12,15
3741,2,3,50,13293229,2006-09-23 18:33:17.599537706,47,12,11,11,13
3779,1,2,40,13563108,2006-09-23 19:04:26.631696254,38,17,7,9,5
3571,2,3,40,13994607,2006-09-23 19:54:14.954560205,37,15,7,9,6
3632,2,4,40,14079740,2006-09-23 20:04:04.539848304,36,18,6,7,5
3633,2,5,40,14096771,2006-09-23 20:06:02.482735049,35,17,5,8,5
3636,3,8,60,14441290,2006-09-23 20:45:48.433148744,52,13,13,13,13
3635,1,33,180,14467649,2006-09-23 20:48:50.979382613,147,65,33,26,23
3637,1,6,50,14632219,2006-09-23 21:07:50.699031202,44,21,5,11,7
3634,1,6,50,14635065,2006-09-23 21:08:10.410006984,44,14,11,11,8
3638,1,1,10,14685139,2006-09-23 21:13:57.194267812,9,1,2,2,4
3646,1,1,10,14689234,2006-09-23 21:14:25.551926905,9,4,2,2,1
3658,1,23,180,14746439,2006-09-23 21:21:01.721286633,157,60,32,36,29
3661,2,20,180,14796729,2006-09-23 21:26:50.000944109,160,33,40,40,47
3656,1,5,30,14834898,2006-09-23 21:31:14.335979500,25,8,6,6,5
3665,1,3,50,14871659,2006-09-23 21:35:28.926517583,47,20,10,9,8
3664,2,3,60,14881190,2006-09-23 21:36:34.930341258,57,17,14,14,12
3670,2,7,60,14881247,2006-09-23 21:36:35.323270010,53,10,13,13,17
3672,2,15,180,14881612,2006-09-23 21:36:37.854373300,165,58,39,36,32
3666,2,10,180,14881660,2006-09-23 21:36:38.187313881,170,78,21,42,29
3657,1,4,30,14882076,2006-09-23 21:36:41.069620139,26,12,6,4,4
3662,4,54,820,14884169,2006-09-23 21:36:55.564886940,766,171,191,191,213
3663,4,115,820,14888543,2006-09-23 21:37:25.856738628,705,241,164,163,137
3671,4,75,820,14929979,2006-09-23 21:42:12.816622221,745,178,186,186,195
3692,1,11,150,15302978,2006-09-23 22:25:15.997047093,139,68,10,34,27
3691,4,87,820,15313142,2006-09-23 22:26:26.386932681,733,347,157,94,135
3696,1,25,150,15612088,2006-09-23 23:00:56.725202352,125,54,21,25,25
3711,1,16,150,15663734,2006-09-23 23:06:54.394206666,134,46,32,32,24
3710,1,24,150,15667022,2006-09-23 23:07:17.163242551,126,53,17,31,25
3713,20,14,210,15723278,2006-09-23 23:13:46.765268809,196,81,47,43,25
3712,1,24,150,15732567,2006-09-23 23:14:51.091688320,126,26,31,31,38
3714,1,12,150,15741700,2006-09-23 23:15:54.342843069,138,65,32,25,16
3709,3,4,30,15746714,2006-09-23 23:16:29.070294349,26,10,6,5,5
3715,1,6,50,15755606,2006-09-23 23:17:30.648311005,44,14,11,11,8
3718,1,1,10,15761619,2006-09-23 23:18:12.287726481,9,3,2,2,2
3723,1,3,30,16094918,2006-09-23 23:56:40.536235362,27,6,6,6,9
3724,1,1,20,16095157,2006-09-23 23:56:42.186124749,19,6,4,4,5
3726,1,1,20,16324368,2006-09-24 00:23:09.578378127,19,8,4,4,3
3728,1,5,30,16340055,2006-09-24 00:24:58.215438853,25,9,6,5,5
3729,1,3,30,16366573,2006-09-24 00:28:01.866564521,27,8,6,6,7
3730,3,11,70,16468566,2006-09-24 00:39:48.210004156,59,28,9,11,11
3731,1,1,20,16570128,2006-09-24 00:51:31.570372363,19,4,4,4,7
3750,2,3,30,17625923,2006-09-24 02:53:23.420188749,27,12,5,6,4
3752,2,1,30,17626946,2006-09-24 02:53:30.504790340,29,10,7,7,5
3751,2,5,30,17626970,2006-09-24 02:53:30.670793164,25,6,6,6,7
3763,1,3,20,18127928,2006-09-24 03:51:20.026236359,17,3,4,4,6
3767,4,163,860,18169541,2006-09-24 03:56:08.209609930,697,323,145,144,85
3766,1,1,10,18316814,2006-09-24 04:13:08.142092181,9,3,2,2,2
3768,5,14,100,18517557,2006-09-24 04:36:18.375541766,86,32,21,19,14
3769,5,15,100,18645696,2006-09-24 04:51:05.797700449,85,35,18,15,17
3629,2,1,20,18746357,2006-09-24 05:02:42.917858397,19,3,4,4,8
3628,1,1,10,18757664,2006-09-24 05:04:01.225212975,9,2,2,2,3
3630,1,26,140,18953583,2006-09-24 05:26:38.051304236,114,43,28,25,18
3641,1,3,20,19111774,2006-09-24 05:44:53.589076336,17,7,4,3,3
3645,9,16,100,19112295,2006-09-24 05:44:57.197930621,84,42,14,18,10
3642,9,9,100,19114859,2006-09-24 05:45:14.957580266,91,43,22,14,12
3644,9,9,100,19115868,2006-09-24 05:45:21.943799041,91,44,21,10,16
3643,9,19,100,19116702,2006-09-24 05:45:27.718155654,81,34,20,13,14
3674,1,1,30,19451684,2006-09-24 06:24:07.617361806,29,10,7,7,5
3682,6,17,110,19781982,2006-09-24 07:02:15.077386300,93,29,23,23,18
3677,6,17,110,19783615,2006-09-24 07:02:26.386707802,93,32,21,22,18
3678,1,5,40,19798367,2006-09-24 07:04:08.553910642,35,9,8,8,10
3680,1,5,30,19830278,2006-09-24 07:07:49.546391454,25,7,6,6,6
3679,1,3,40,19877939,2006-09-24 07:13:19.621910623,37,14,9,8,6
3681,1,4,40,19889563,2006-09-24 07:14:40.124768540,36,10,9,9,8
3689,1,5,90,19903296,2006-09-24 07:16:15.227979901,85,31,19,20,15
3699,1,4,40,20179350,2006-09-24 07:48:07.028144584,36,11,9,9,7
3717,1,3,40,20425374,2006-09-24 08:16:30.850165856,37,9,9,9,10
3722,1,2,20,20643130,2006-09-24 08:41:38.907412301,18,7,4,4,3
3732,1,24,140,20743442,2006-09-24 08:53:13.611512388,116,30,29,29,28
3734,1,26,140,20813598,2006-09-24 09:01:19.471698894,114,44,22,26,22
3733,1,10,140,20821474,2006-09-24 09:02:14.015718157,130,39,32,32,27
3735,3,5,50,20991913,2006-09-24 09:21:54.383897034,45,21,8,7,9
3743,4,24,130,21255796,2006-09-24 09:52:21.890445880,106,27,26,26,27
3744,4,7,130,21255871,2006-09-24 09:52:22.409126791,123,38,30,30,25
3742,4,8,130,21259334,2006-09-24 09:52:46.389969435,122,30,30,30,32
3746,3,5,70,21496114,2006-09-24 10:20:06.199750757,65,18,16,16,15
3747,4,18,130,21682211,2006-09-24 10:41:35.002116489,112,55,15,25,17
3655,1,2,30,21922950,2006-09-24 11:09:22.223472394,28,12,4,7,5
3659,8,17,90,21922950,2006-09-24 11:09:22.226817382,73,18,18,18,19
3675,1,3,30,21935426,2006-09-24 11:10:48.630345032,27,5,6,6,10
3676,1,3,30,21943576,2006-09-24 11:11:45.070453113,27,12,4,6,5
3916,1,1,20,22405049,2006-09-24 12:05:00.975304467,19,3,4,4,8
3917,1,3,30,22435299,2006-09-24 12:08:30.471310656,27,6,6,6,9
3935,1,4,30,22623655,2006-09-24 12:30:14.919778364,26,13,2,6,5
3968,1,4,30,23028969,2006-09-24 13:17:01.897369963,26,13,5,3,5
3971,6,30,190,23117694,2006-09-24 13:27:16.353807713,160,54,36,39,31
3972,6,17,130,23123377,2006-09-24 13:27:55.711775126,113,26,28,28,31
3973,6,24,130,23152468,2006-09-24 13:31:17.181666005,106,45,15,26,20
3974,1,3,20,23268477,2006-09-24 13:44:40.590931606,17,7,3,4,3
3975,1,4,30,23330049,2006-09-24 13:51:47.010105594,26,6,6,6,8
4020,16,20,350,23734431,2006-09-24 14:38:27.531994908,330,124,82,76,48
4023,1,1,30,23781325,2006-09-24 14:43:52.295139790,29,12,7,7,3
4080,1,1,10,23858164,2006-09-24 14:52:44.434364860,9,1,2,2,4
4031,1,4,30,23938408,2006-09-24 15:02:00.158408150,26,12,6,6,2
4034,1,3,30,24104374,2006-09-24 15:21:09.549206701,27,5,6,6,10
4035,1,2,20,24113008,2006-09-24 15:22:09.345251958,18,6,4,4,4
4043,1,12,70,24169938,2006-09-24 15:28:43.607816136,58,24,9,14,11
4045,1,1,10,24178214,2006-09-24 15:29:40.923992516,9,2,2,2,3
4044,1,1,10,24179013,2006-09-24 15:29:46.454165001,9,4,2,2,1
4074,1,1,20,24197038,2006-09-24 15:31:51.290642746,19,5,4,4,6
4076,1,3,20,24198418,2006-09-24 15:32:00.847038150,17,4,4,4,5
4079,1,2,30,24198666,2006-09-24 15:32:02.560883985,28,12,5,7,4
4086,1,1,20,24276325,2006-09-24 15:41:00.385390645,19,9,4,3,3
4089,1,1,20,24349483,2006-09-24 15:49:27.038784689,19,7,4,4,4
4090,1,2,20,24350272,2006-09-24 15:49:32.502833062,18,7,4,4,3
4093,1,16,140,24412594,2006-09-24 15:56:44.107264866,124,48,24,29,23
4094,1,24,140,24427553,2006-09-24 15:58:27.704266575,116,40,25,29,22
4098,2,10,150,24694763,2006-09-24 16:29:18.254867497,140,37,35,35,33
4099,1,1,10,24706743,2006-09-24 16:30:41.222718442,9,3,2,2,2
4107,4,9,70,24782221,2006-09-24 16:39:23.940171759,61,24,11,14,12
4109,2,3,40,24784867,2006-09-24 16:39:42.262097967,37,18,9,7,3
4110,1,3,30,24795223,2006-09-24 16:40:53.981869085,27,6,6,6,9
4111,1,1,20,24796738,2006-09-24 16:41:04.472409537,19,9,3,4,3
4112,1,1,10,24797671,2006-09-24 16:41:10.939614980,9,3,2,2,2
4114,1,1,10,24801461,2006-09-24 16:41:37.180755389,9,3,2,2,2
4116,1,1,20,24831681,2006-09-24 16:45:06.468970643,19,5,4,4,6
4117,1,1,10,24832224,2006-09-24 16:45:10.233238752,9,3,2,2,2
4118,1,1,10,24833291,2006-09-24 16:45:17.621950313,9,3,2,2,2
4119,1,1,10,24834903,2006-09-24 16:45:28.781107477,9,1,2,2,4
4121,1,3,30,24886759,2006-09-24 16:51:27.909087542,27,10,6,6,5
4150,1,3,20,25264950,2006-09-24 17:35:07.052794810,17,7,4,4,2
3631,20,31,210,25302756,2006-09-24 17:39:28.873811975,179,75,25,44,35
3652,8,17,90,25309065,2006-09-24 17:40:12.563926742,73,32,15,17,9
3654,4,8,50,25309441,2006-09-24 17:40:15.167691760,42,14,10,10,8
3626,1,6,50,25335036,2006-09-24 17:43:12.427764136,44,15,11,10,8
3627,1,7,50,25336192,2006-09-24 17:43:20.432396727,43,9,10,10,14
3648,1,11,60,25354368,2006-09-24 17:45:26.309629762,49,20,11,12,6
3669,1,6,60,25398119,2006-09-24 17:50:29.304007919,54,10,13,13,18
3756,6,9,100,25831155,2006-09-24 18:40:28.265956108,91,36,18,21,16
3757,1,1,20,26007402,2006-09-24 19:00:48.859867094,19,6,4,4,5
3758,1,5,30,26011019,2006-09-24 19:01:13.909436883,25,9,6,5,5
3762,2,5,30,26180761,2006-09-24 19:20:49.447536117,25,9,6,5,5
3761,2,2,40,26183018,2006-09-24 19:21:05.072834068,38,8,9,9,12
3771,1,6,50,26608899,2006-09-24 20:10:14.487683440,44,22,5,10,7
3772,6,8,70,26610411,2006-09-24 20:10:24.963112579,62,24,14,13,11
3776,1,1,20,26618383,2006-09-24 20:11:20.166849361,19,8,4,4,3
3775,1,3,20,26618846,2006-09-24 20:11:23.375530883,17,6,4,4,3
3773,1,1,20,26619141,2006-09-24 20:11:25.419013864,19,5,4,4,6
3774,1,1,20,26633260,2006-09-24 20:13:03.202073138,19,6,4,4,5
3780,2,5,40,26775608,2006-09-24 20:29:29.022221787,35,14,8,8,5
3795,4,12,80,27380314,2006-09-24 21:39:16.875364562,68,34,8,14,12
3798,10,13,250,27467694,2006-09-24 21:49:22.022894471,237,71,59,59,48
3797,10,37,250,27467793,2006-09-24 21:49:22.709988259,213,106,17,50,40
3803,2,3,30,27934194,2006-09-24 22:43:12.739950654,27,11,5,6,5
3807,2,1,20,28064907,2006-09-24 22:58:17.988914985,19,5,4,4,6
3806,6,6,80,28066178,2006-09-24 22:58:26.789253057,74,36,18,16,4
3805,2,4,30,28146070,2006-09-24 23:07:40.078041163,26,6,6,6,8
3808,6,9,100,28667054,2006-09-25 00:07:48.121086702,91,40,11,22,18
3809,1,1,10,28693882,2006-09-25 00:10:53.914888445,9,1,2,2,4
3810,6,19,110,28762331,2006-09-25 00:18:47.952841429,91,42,15,22,12
3813,6,21,110,28767315,2006-09-25 00:19:22.470832744,89,43,19,21,6
3815,6,9,110,28767811,2006-09-25 00:19:25.905976189,101,37,21,25,18
3816,1,7,40,28777982,2006-09-25 00:20:36.344589181,33,13,8,7,5
3817,4,5,50,28902683,2006-09-25 00:34:59.953023039,45,15,11,11,8
3822,4,6,60,28905991,2006-09-25 00:35:22.862306032,54,15,13,13,13
3818,1,1,30,28907601,2006-09-25 00:35:34.012764841,29,13,4,7,5
3819,1,1,20,28963687,2006-09-25 00:42:02.437209870,19,7,4,4,4
3820,2,23,150,29040217,2006-09-25 00:50:52.441363001,127,55,20,28,24
3821,2,3,30,29067176,2006-09-25 00:53:59.140153685,27,12,4,6,5
3823,1,1,20,29133610,2006-09-25 01:01:39.227387302,19,7,4,4,4
3825,2,5,40,29186797,2006-09-25 01:07:47.572222245,35,7,8,8,12
3829,1,1,20,29192847,2006-09-25 01:08:29.471293285,19,9,4,3,3
3826,1,2,20,29193141,2006-09-25 01:08:31.507511478,18,8,3,4,3
3824,1,1,10,29193393,2006-09-25 01:08:33.253269746,9,4,2,2,1
3827,1,3,20,29193543,2006-09-25 01:08:34.286033076,17,3,4,4,6
3830,1,1,10,29193577,2006-09-25 01:08:34.524843062,9,4,2,2,1
3828,3,10,90,29238423,2006-09-25 01:13:45.106270488,80,24,20,20,16
3831,1,2,20,29289800,2006-09-25 01:19:40.912088755,18,4,4,4,6
3835,1,9,90,29642842,2006-09-25 02:00:25.881582469,81,40,14,12,15
3834,1,15,90,29645819,2006-09-25 02:00:46.498766070,75,23,18,18,16
3836,1,8,90,29646375,2006-09-25 02:00:50.350183930,82,21,20,20,21
3837,3,8,110,29649373,2006-09-25 02:01:11.112891825,102,30,25,25,22
3838,5,6,100,29746518,2006-09-25 02:12:23.888247497,94,42,23,16,13
3839,3,7,60,29750981,2006-09-25 02:12:54.792322029,53,15,13,13,12
3840,1,2,20,29867958,2006-09-25 02:26:24.908087839,18,7,4,4,3
3841,1,15,90,30160369,2006-09-25 03:00:09.983357336,75,25,18,18,14
3846,1,2,30,30247237,2006-09-25 03:10:11.583974105,28,12,6,7,3
3856,3,5,50,30336003,2006-09-25 03:20:26.330137683,45,13,11,11,10
3866,1,6,40,30515146,2006-09-25 03:41:06.976157829,34,8,8,8,10
3867,1,6,40,30528741,2006-09-25 03:42:41.124856419,34,6,8,8,12
3871,1,7,70,30543217,2006-09-25 03:44:21.376662311,63,30,7,15,11
3868,1,4,40,30543308,2006-09-25 03:44:22.009827689,36,7,9,9,11
3869,1,3,40,30543369,2006-09-25 03:44:22.426406822,37,10,9,9,9
3872,1,5,30,30570577,2006-09-25 03:47:30.860179788,25,9,6,5,5
3873,1,4,70,30579164,2006-09-25 03:48:30.325001973,66,15,16,16,19
3874,1,13,70,30584765,2006-09-25 03:49:09.112631610,57,11,14,14,18
3875,1,4,30,30596699,2006-09-25 03:50:31.765949796,26,8,6,6,6
3907,1,3,30,30854024,2006-09-25 04:20:13.854652530,27,13,3,6,5
3909,1,1,30,30908347,2006-09-25 04:26:30.065133387,29,5,7,7,10
3911,1,3,30,30915212,2006-09-25 04:27:17.603549565,27,6,6,6,9
3914,3,16,150,30917161,2006-09-25 04:27:31.102667843,134,50,26,32,26
3915,1,2,30,30938658,2006-09-25 04:29:59.979463920,28,7,7,7,7
3918,1,2,20,31028215,2006-09-25 04:40:20.198602764,18,9,4,2,3
3760,3,9,50,31118366,2006-09-25 04:50:44.539653347,41,13,10,10,8
3765,1,1,10,31241398,2006-09-25 05:04:56.586444181,9,3,2,2,2
3777,7,29,190,31282580,2006-09-25 05:09:41.793228538,161,40,40,40,41
3786,2,4,80,31433412,2006-09-25 05:27:06.367406724,76,15,19,19,23
3890,3,16,150,31437731,2006-09-25 05:27:36.283719443,134,67,26,15,26
3892,3,10,150,31437739,2006-09-25 05:27:36.337550896,140,61,31,31,17
3893,3,21,150,31437765,2006-09-25 05:27:36.515645540,129,64,30,27,8
3870,3,28,150,31437786,2006-09-25 05:27:36.664618703,122,57,23,23,19
3891,3,22,150,31437800,2006-09-25 05:27:36.757184149,128,45,27,32,24
3879,4,18,300,31445868,2006-09-25 05:28:32.630590310,282,103,63,66,50
3833,3,7,70,31521208,2006-09-25 05:37:14.395553085,63,21,15,15,12
3764,3,9,70,31521430,2006-09-25 05:37:15.936422178,61,21,14,14,12
3792,3,5,50,31522407,2006-09-25 05:37:22.702675093,45,12,11,11,11
3862,4,52,300,31525238,2006-09-25 05:37:42.303848006,248,66,62,62,58
3650,1,3,20,31568350,2006-09-25 05:42:40.872349889,17,6,4,4,3
3936,1,1,10,31865525,2006-09-25 06:16:58.943149430,9,4,2,2,1
3938,5,15,150,31873517,2006-09-25 06:17:54.288954711,135,35,33,33,34
3939,1,1,10,31884278,2006-09-25 06:19:08.814312051,9,3,2,2,2
3940,1,1,10,31886256,2006-09-25 06:19:22.517495377,9,3,2,2,2
3957,3,15,150,31977300,2006-09-25 06:29:53.031517111,135,30,33,33,39
3959,2,12,110,32027086,2006-09-25 06:35:37.821354783,98,49,13,17,19
3961,4,45,300,32036433,2006-09-25 06:36:42.559623351,255,59,63,63,70
3962,2,11,80,32041492,2006-09-25 06:37:17.591191527,69,16,17,17,19
3963,1,3,50,32046665,2006-09-25 06:37:53.419954154,47,9,11,11,16
3960,1,5,50,32047792,2006-09-25 06:38:01.224039822,45,11,11,11,12
3964,1,3,50,32050574,2006-09-25 06:38:20.491891254,47,17,11,10,9
3966,1,3,50,32051466,2006-09-25 06:38:26.665935850,47,15,11,11,10
3967,2,13,80,32058578,2006-09-25 06:39:15.917865442,67,17,16,16,18
3970,1,2,50,32144275,2006-09-25 06:49:09.411235359,48,12,12,12,12
3653,1,3,30,32661324,2006-09-25 07:48:50.201174259,27,6,6,6,9
3660,1,2,30,32664454,2006-09-25 07:49:11.881302263,28,6,7,7,8
3707,1,3,20,32672290,2006-09-25 07:50:06.144120915,17,7,3,4,3
3755,1,2,20,32749373,2006-09-25 07:58:59.982620693,18,6,4,4,4
3991,5,5,60,33209147,2006-09-25 08:52:04.120025690,55,20,11,13,11
3979,2,18,150,33217329,2006-09-25 08:53:00.784656571,132,35,33,33,31
3749,2,6,40,33334840,2006-09-25 09:06:34.598026193,34,14,8,8,4
3994,2,7,40,33739386,2006-09-25 09:53:16.253630993,33,14,6,7,6
3998,1,1,10,33765234,2006-09-25 09:56:15.266110061,9,3,2,2,2
4006,7,56,310,33956294,2006-09-25 10:18:18.443865349,254,91,62,54,47
4007,1,13,70,33960168,2006-09-25 10:18:45.268453395,57,23,12,11,11
4026,7,80,430,34033463,2006-09-25 10:27:12.872537367,350,143,58,82,67
4024,3,5,40,34043115,2006-09-25 10:28:19.713570692,35,13,8,8,6
4025,2,4,30,34043249,2006-09-25 10:28:20.644931713,26,12,6,5,3
4027,1,1,10,34061374,2006-09-25 10:30:26.163510004,9,3,2,2,2
4033,1,11,70,34221561,2006-09-25 10:48:55.528500079,59,18,14,14,13
4073,1,18,140,34324924,2006-09-25 11:00:51.367695954,122,44,30,28,20
4170,1,4,30,35096896,2006-09-25 12:29:57.611358802,26,7,6,6,7
4171,1,3,30,35242221,2006-09-25 12:46:44.052693957,27,9,6,6,6
4172,7,68,430,35521042,2006-09-25 13:18:55.012236889,362,166,58,83,55
4173,1,5,30,35522901,2006-09-25 13:19:07.883203808,25,8,6,6,5
4174,1,1,10,35540309,2006-09-25 13:21:08.441005530,9,4,2,2,1
4175,4,6,40,35555275,2006-09-25 13:22:52.092143412,34,12,8,8,6
4176,1,2,20,35558233,2006-09-25 13:23:12.577972172,18,3,4,4,7
4178,2,7,40,35609595,2006-09-25 13:29:08.280670620,33,7,8,8,10
4179,3,5,50,35612279,2006-09-25 13:29:26.870133544,45,17,8,11,9
4180,1,3,30,35632814,2006-09-25 13:31:49.080839361,27,11,6,6,4
4181,2,14,80,35691834,2006-09-25 13:38:37.823365115,66,18,16,16,16
4182,1,2,30,35703633,2006-09-25 13:39:59.535869053,28,7,7,7,7
4183,1,3,20,35709129,2006-09-25 13:40:37.596244268,17,4,4,4,5
4184,1,1,10,35716450,2006-09-25 13:41:28.299808645,9,3,2,2,2
4190,1,3,30,35757216,2006-09-25 13:46:10.622382247,27,6,6,6,9
4198,3,5,60,35796010,2006-09-25 13:50:39.283366723,55,21,11,13,10
4208,4,10,80,35971316,2006-09-25 14:10:53.359488845,70,18,17,17,18
4209,1,1,20,35972113,2006-09-25 14:10:58.878303606,19,5,4,4,6
4210,1,1,20,35972312,2006-09-25 14:11:00.257117377,19,8,4,4,3
4250,1,1,20,36310151,2006-09-25 14:49:59.940646658,19,5,4,4,6
4252,1,1,10,36465652,2006-09-25 15:07:56.853878474,9,4,2,2,1
4253,1,5,30,36466914,2006-09-25 15:08:05.591160405,25,7,6,6,6
4254,2,7,40,36468903,2006-09-25 15:08:19.365239472,33,13,6,8,6
4255,4,6,60,36470126,2006-09-25 15:08:27.835961175,54,13,13,13,15
4256,3,9,60,36476209,2006-09-25 15:09:09.961251748,51,24,5,12,10
4257,1,2,20,36521636,2006-09-25 15:14:24.563244008,18,6,4,4,4
4258,1,4,30,36521917,2006-09-25 15:14:26.508946686,26,11,6,6,3
4259,4,8,50,36528915,2006-09-25 15:15:14.976092217,42,21,3,10,8
4260,1,5,30,36616772,2006-09-25 15:25:23.424100370,25,7,6,6,6
4289,1,3,30,36748681,2006-09-25 15:40:36.951369948,27,10,6,6,5
4290,6,18,110,36787661,2006-09-25 15:45:06.904399343,92,21,23,23,25
4291,1,1,20,36801924,2006-09-25 15:46:45.682713759,19,9,4,3,3
4292,1,27,140,36813963,2006-09-25 15:48:09.058902562,113,46,22,25,20
4293,4,2,40,36875995,2006-09-25 15:55:18.661196268,38,14,9,9,6
4294,4,11,80,36886919,2006-09-25 15:56:34.311030555,69,28,14,16,11
4295,4,11,80,36889743,2006-09-25 15:56:53.866100806,69,22,17,17,13
4296,4,12,80,36890077,2006-09-25 15:56:56.179336644,68,29,15,13,11
4297,4,5,80,36890409,2006-09-25 15:56:58.483299316,75,24,18,18,15
4298,2,7,40,36890919,2006-09-25 15:57:02.011257523,33,7,8,8,10
4299,2,3,40,36891299,2006-09-25 15:57:04.645300569,37,10,9,9,9
4300,1,1,10,36976470,2006-09-25 16:06:54.491580841,9,1,2,2,4
4301,2,2,30,36976702,2006-09-25 16:06:56.097777620,28,10,7,7,4
4302,1,2,30,37136361,2006-09-25 16:25:21.805836999,28,11,6,6,5
4303,2,3,30,37250465,2006-09-25 16:38:32.028612584,27,13,5,4,5
4304,2,4,40,37252880,2006-09-25 16:38:48.756129114,36,14,8,8,6
4305,2,2,40,37253222,2006-09-25 16:38:51.119872194,38,9,9,9,11
4306,6,8,110,37534381,2006-09-25 17:11:18.271982884,102,49,9,25,19
4307,1,2,20,37594388,2006-09-25 17:18:13.843734589,18,5,4,4,5
4308,1,3,20,37594846,2006-09-25 17:18:17.020981533,17,5,4,4,4
4309,8,33,180,37906996,2006-09-25 17:54:18.796473391,147,66,29,25,27
4310,2,4,70,37944672,2006-09-25 17:58:39.714226050,66,28,13,14,11
4311,3,4,40,37985426,2006-09-25 18:03:21.955598855,36,14,8,8,6
4312,1,3,60,38020451,2006-09-25 18:07:24.518107008,57,17,14,14,12
4313,1,1,20,38076818,2006-09-25 18:13:54.886045500,19,3,4,4,8
4314,24,108,730,38188325,2006-09-25 18:26:47.119856233,622,232,111,155,124
4315,1,2,20,38480577,2006-09-25 19:00:31.097284030,18,7,4,4,3
4316,4,5,70,38698275,2006-09-25 19:25:38.749468350,65,20,16,16,13
4317,4,5,70,38714059,2006-09-25 19:27:28.062161260,65,16,16,16,17
4318,2,2,40,38722578,2006-09-25 19:28:27.060416477,38,9,9,9,11
4319,5,14,80,38776675,2006-09-25 19:34:41.705262863,66,15,16,16,19
4320,1,1,10,38803262,2006-09-25 19:37:45.833731485,9,2,2,2,3
4321,6,7,110,38884866,2006-09-25 19:47:10.978459235,103,32,25,25,21
4322,6,9,110,38890244,2006-09-25 19:47:48.220344268,101,27,25,25,24
4323,3,10,60,38894718,2006-09-25 19:48:19.202205354,50,16,12,12,10
4324,6,20,110,38948398,2006-09-25 19:54:30.964759333,90,44,6,22,18
4325,6,12,110,38952456,2006-09-25 19:54:59.062894445,98,45,15,22,16
4326,2,2,40,38990839,2006-09-25 19:59:24.886435670,38,13,9,9,7
4327,1,1,20,38996966,2006-09-25 20:00:07.316397174,19,3,4,4,8
4330,2,4,30,38999413,2006-09-25 20:00:24.264953008,26,9,6,6,5
4328,2,3,30,39000520,2006-09-25 20:00:31.933417762,27,5,6,6,10
4329,2,1,30,39004385,2006-09-25 20:00:58.694451036,29,6,7,7,9
4331,6,13,100,39056337,2006-09-25 20:06:58.491491041,87,20,21,21,25
4332,2,1,30,39171525,2006-09-25 20:20:16.215211886,29,9,7,7,6
4333,7,26,160,39211029,2006-09-25 20:24:49.800579736,134,66,25,19,24
4334,8,16,170,39235075,2006-09-25 20:27:36.330089723,154,77,13,36,28
4335,2,1,30,39245237,2006-09-25 20:28:46.706436074,29,8,7,7,7
4336,2,4,30,39263637,2006-09-25 20:30:54.129379085,26,7,6,6,7
4338,2,3,30,39274008,2006-09-25 20:32:05.953398867,27,8,6,6,7
4337,2,5,30,39281425,2006-09-25 20:32:57.324132538,25,10,6,4,5
4340,2,3,30,39429098,2006-09-25 20:50:00.019103991,27,5,6,6,10
4339,2,4,50,39435909,2006-09-25 20:50:47.189716917,46,20,9,10,7
4341,1,1,10,39532091,2006-09-25 21:01:53.295076381,9,2,2,2,3
4342,1,1,20,39861083,2006-09-25 21:39:51.708002410,19,4,4,4,7
4343,1,7,40,39914661,2006-09-25 21:46:02.757796915,33,11,8,8,6
4344,1,1,10,40009189,2006-09-25 21:56:57.406267577,9,2,2,2,3
4345,1,5,40,40014700,2006-09-25 21:57:35.576431810,35,8,8,8,11
4346,1,1,30,40087124,2006-09-25 22:05:57.140845520,29,10,7,7,5
4347,1,1,10,40534881,2006-09-25 22:57:38.058417398,9,3,2,2,2
4348,1,3,20,40600107,2006-09-25 23:05:09.776906432,17,4,4,4,5
4349,3,8,50,40717631,2006-09-25 23:18:43.681747281,42,11,10,10,11
4350,3,4,50,40728831,2006-09-25 23:20:01.246909261,46,15,11,11,9
4351,3,4,50,40800240,2006-09-25 23:28:15.788863362,46,16,10,11,9
4352,3,6,40,41020434,2006-09-25 23:53:40.724614805,34,8,8,8,10
4353,3,7,40,41073281,2006-09-25 23:59:46.713754031,33,14,6,8,5
4354,3,2,40,41076010,2006-09-26 00:00:05.616884033,38,14,9,8,7
4355,1,1,10,41139728,2006-09-26 00:07:26.888899197,9,4,2,2,1
3604,8,8,80,41236250,2006-09-26 00:18:35.350231396,72,33,7,18,14
3639,1,5,30,41297418,2006-09-26 00:25:38.963826087,25,9,5,6,5
3640,1,1,30,41302202,2006-09-26 00:26:12.094630772,29,6,7,7,9
3651,1,1,10,41305877,2006-09-26 00:26:37.542725070,9,2,2,2,3
3668,1,6,40,41382772,2006-09-26 00:35:30.074740383,34,17,8,3,6
3690,5,4,70,41557703,2006-09-26 00:55:41.551993775,66,14,16,16,20
3683,3,7,60,41577151,2006-09-26 00:57:56.237182867,53,16,13,13,11
3694,6,10,90,41631562,2006-09-26 01:04:13.059013962,80,38,20,18,4
3708,1,2,20,41700025,2006-09-26 01:12:07.194297096,18,3,4,4,7
3725,1,4,40,41804150,2006-09-26 01:24:08.303559739,36,12,9,9,6
3727,3,7,60,41822881,2006-09-26 01:26:18.028969526,53,11,13,13,16
3745,1,1,20,41914566,2006-09-26 01:36:52.981513390,19,3,4,4,8
3748,1,4,30,41915464,2006-09-26 01:36:59.206619262,26,9,6,6,5
3754,2,10,60,41991900,2006-09-26 01:45:48.554053589,50,23,5,12,10
3753,2,9,60,41998425,2006-09-26 01:46:33.743013873,51,17,12,12,10
3759,1,1,10,42258737,2006-09-26 02:16:36.522926248,9,2,2,2,3
3770,1,2,40,42410490,2006-09-26 02:34:07.480075736,38,19,6,6,7
3778,3,5,60,42433575,2006-09-26 02:36:47.349499820,55,13,13,13,16
3781,1,1,10,42503301,2006-09-26 02:44:50.233637297,9,1,2,2,4
3782,2,3,30,42506116,2006-09-26 02:45:09.731371822,27,6,6,6,9
3783,2,3,20,42621402,2006-09-26 02:58:28.134672351,17,4,4,4,5
3784,1,2,50,42722032,2006-09-26 03:10:05.045744307,48,24,3,12,9
3785,1,1,30,42751420,2006-09-26 03:13:28.569243162,29,5,7,7,10
3787,1,3,30,42778588,2006-09-26 03:16:36.717604849,27,11,6,6,4
3788,1,4,30,42794959,2006-09-26 03:18:30.096459696,26,9,6,6,5
3789,1,2,30,42831293,2006-09-26 03:22:41.721316135,28,11,6,7,4
3791,1,4,30,42838291,2006-09-26 03:23:30.189722097,26,10,5,6,5
3790,2,6,70,42844057,2006-09-26 03:24:10.122591152,64,18,16,16,14
3793,2,12,70,42848166,2006-09-26 03:24:38.576437696,58,15,14,14,15
3794,2,12,70,42861157,2006-09-26 03:26:08.543423364,58,15,14,14,15
3796,1,3,40,42887484,2006-09-26 03:29:10.868306285,37,10,9,9,9
3799,1,2,30,42922408,2006-09-26 03:33:12.735887976,28,7,7,7,7
3800,5,13,120,43007204,2006-09-26 03:42:59.985134760,107,29,26,26,26
3801,1,1,10,43010166,2006-09-26 03:43:20.496816191,9,1,2,2,4
3802,3,6,40,43013982,2006-09-26 03:43:46.925206677,34,15,5,8,6
3804,3,8,50,43036891,2006-09-26 03:46:25.579582896,42,9,10,10,13
3811,1,7,50,43061541,2006-09-26 03:49:16.294012283,43,16,9,10,8
3812,1,5,30,43095363,2006-09-26 03:53:10.522756257,25,8,6,6,5
3814,4,7,70,43115727,2006-09-26 03:55:31.551386233,63,13,15,15,20
3843,1,2,30,43176714,2006-09-26 04:02:33.913075862,28,11,5,7,5
3844,2,12,80,43193796,2006-09-26 04:04:32.215586912,68,18,17,17,16
3842,2,8,80,43194888,2006-09-26 04:04:39.779006577,72,27,13,18,14
3845,5,12,80,43198041,2006-09-26 04:05:01.617948795,68,30,14,11,13
3848,4,5,60,43231077,2006-09-26 04:08:50.405103601,55,11,13,13,18
3852,1,1,30,43269239,2006-09-26 04:13:14.695019744,29,5,7,7,10
3850,2,5,30,43279792,2006-09-26 04:14:27.778998878,25,12,5,6,2
3849,2,5,70,43287697,2006-09-26 04:15:22.523980590,65,30,16,16,3
3832,2,13,70,43288440,2006-09-26 04:15:27.667034768,57,11,14,14,18
3847,1,5,30,43291864,2006-09-26 04:15:51.381511096,25,8,6,6,5
3851,1,5,30,43350668,2006-09-26 04:22:38.627767598,25,6,6,6,7
3853,1,4,30,43351865,2006-09-26 04:22:46.914528809,26,13,5,6,2
3854,1,4,30,43352525,2006-09-26 04:22:51.487169031,26,10,6,6,4
3855,2,8,50,43369430,2006-09-26 04:24:48.561910181,42,9,10,10,13
3859,1,2,30,43447938,2006-09-26 04:33:52.264419605,28,11,6,7,4
3857,3,3,30,43458667,2006-09-26 04:35:06.562878718,27,12,4,6,5
3860,2,4,30,43470939,2006-09-26 04:36:31.557058326,26,12,4,6,4
3858,2,5,50,43473371,2006-09-26 04:36:48.395125673,45,21,4,11,9
3861,1,3,30,43523103,2006-09-26 04:42:32.815331777,27,9,6,6,6
3863,1,1,10,43625282,2006-09-26 04:54:20.450096085,9,3,2,2,2
3865,1,8,60,43633663,2006-09-26 04:55:18.487515604,52,16,13,13,10
3864,2,26,150,43638432,2006-09-26 04:55:51.519702008,124,40,31,30,23
3876,1,11,140,43663110,2006-09-26 04:58:42.426506299,129,47,30,29,23
3878,1,5,30,43694936,2006-09-26 05:02:22.830940981,25,10,5,6,4
3881,5,15,100,43698410,2006-09-26 05:02:46.893697742,85,42,8,20,15
3877,5,13,80,43710353,2006-09-26 05:04:09.602744953,67,19,16,16,16
3880,1,4,30,43718086,2006-09-26 05:05:03.154867914,26,12,4,6,4
3882,1,21,130,43731198,2006-09-26 05:06:33.961071609,109,27,27,27,28
3883,1,6,130,43735677,2006-09-26 05:07:04.979145827,124,29,31,31,33
3885,1,5,30,43784151,2006-09-26 05:12:40.685526469,25,10,5,5,5
3884,1,7,130,43799313,2006-09-26 05:14:25.689770885,123,27,30,30,36
3887,1,9,50,43872472,2006-09-26 05:22:52.345886627,41,8,10,10,13
3886,1,9,50,43873008,2006-09-26 05:22:56.060658608,41,11,10,10,10
3888,1,2,30,43955898,2006-09-26 05:32:30.109079713,28,6,7,7,8
3889,9,18,230,44065500,2006-09-26 05:45:09.150804674,212,70,51,50,41
3897,1,1,10,44138865,2006-09-26 05:53:37.234593175,9,2,2,2,3
3894,1,1,10,44139095,2006-09-26 05:53:38.832444797,9,1,2,2,4
3904,1,1,10,44144364,2006-09-26 05:54:15.320980347,9,3,2,2,2
3895,1,1,10,44144576,2006-09-26 05:54:16.787463277,9,3,2,2,2
3898,1,1,10,44149345,2006-09-26 05:54:49.813797683,9,4,2,2,1
3899,1,1,10,44149755,2006-09-26 05:54:52.652293601,9,2,2,2,3
3896,1,1,10,44151162,2006-09-26 05:55:02.396368458,9,3,2,2,2
3900,1,1,10,44151413,2006-09-26 05:55:04.139813629,9,4,2,2,1
3901,1,1,10,44151761,2006-09-26 05:55:06.545372522,9,3,2,2,2
3902,1,1,10,44152251,2006-09-26 05:55:09.941698870,9,2,2,2,3
3906,1,1,10,44154028,2006-09-26 05:55:22.245915391,9,4,2,2,1
3903,1,1,10,44154971,2006-09-26 05:55:28.775020426,9,4,2,2,1
3905,1,10,70,44175759,2006-09-26 05:57:52.743036147,60,17,15,15,13
3908,1,1,10,44227225,2006-09-26 06:03:49.167649501,9,4,2,2,1
3912,1,1,10,44229255,2006-09-26 06:04:03.230457133,9,1,2,2,4
3910,2,4,50,44288743,2006-09-26 06:10:55.205695689,46,14,11,11,10
3913,1,23,140,44328349,2006-09-26 06:15:29.496814467,117,46,25,25,21
3919,1,2,30,44334254,2006-09-26 06:16:10.388808637,28,10,6,7,5
3920,2,13,90,44372493,2006-09-26 06:20:35.211914491,77,37,17,10,13
3921,2,5,60,44388942,2006-09-26 06:22:29.130524366,55,21,13,11,10
3922,1,4,30,44412328,2006-09-26 06:25:11.089070088,26,7,6,6,7
3923,1,3,20,44440230,2006-09-26 06:28:24.319569773,17,3,4,4,6
3927,2,7,90,44474361,2006-09-26 06:32:20.696440143,83,25,20,20,18
3924,1,1,30,44475265,2006-09-26 06:32:26.956477940,29,6,7,7,9
3928,1,1,10,44486534,2006-09-26 06:33:44.999710045,9,1,2,2,4
3929,1,1,10,44488208,2006-09-26 06:33:56.590897001,9,3,2,2,2
3925,11,24,140,44496206,2006-09-26 06:34:51.980180201,116,52,27,15,22
3926,1,6,110,44498275,2006-09-26 06:35:06.306424687,104,36,22,26,20
3930,1,1,10,44504094,2006-09-26 06:35:46.610836732,9,3,2,2,2
3931,1,4,40,44512092,2006-09-26 06:36:42.001124122,36,14,7,8,7
3934,1,2,20,44645071,2006-09-26 06:52:02.934612776,18,9,4,2,3
3932,1,3,20,44646645,2006-09-26 06:52:13.833567266,17,6,4,4,3
3942,1,12,130,44684096,2006-09-26 06:56:33.200485122,118,56,12,28,22
3933,1,2,20,44688208,2006-09-26 06:57:01.677192547,18,7,4,4,3
3941,1,4,80,44689858,2006-09-26 06:57:13.103242360,76,15,19,19,23
3937,1,4,80,44690469,2006-09-26 06:57:17.340268780,76,34,12,19,11
3943,1,1,10,44741205,2006-09-26 07:03:08.706671536,9,2,2,2,3
3944,1,1,10,44742216,2006-09-26 07:03:15.708347895,9,1,2,2,4
3946,1,1,10,44742703,2006-09-26 07:03:19.081723332,9,1,2,2,4
3945,1,1,10,44753315,2006-09-26 07:04:32.577149847,9,3,2,2,2
3947,7,15,120,44769645,2006-09-26 07:06:25.664526728,105,21,26,26,32
3948,1,2,30,44841396,2006-09-26 07:14:42.571484340,28,9,7,7,5
3949,8,13,140,44842965,2006-09-26 07:14:53.442432346,127,40,31,31,25
3952,8,25,170,44851126,2006-09-26 07:15:49.959752170,145,72,34,31,8
3951,1,3,20,44857181,2006-09-26 07:16:31.893928271,17,4,4,4,5
3950,2,2,50,44861085,2006-09-26 07:16:58.928952770,48,24,3,12,9
3953,1,5,30,44927557,2006-09-26 07:24:39.274283727,25,8,6,6,5
3954,5,6,50,45084067,2006-09-26 07:42:43.179150013,44,17,11,10,6
3955,1,2,20,45100610,2006-09-26 07:44:37.747580953,18,3,4,4,7
3956,9,11,90,45158916,2006-09-26 07:51:21.536913497,79,39,16,15,9
3965,2,5,90,45278634,2006-09-26 08:05:10.639835686,85,23,21,21,20
3958,1,1,20,45279572,2006-09-26 08:05:17.136294192,19,6,4,4,5
3969,1,18,130,45284863,2006-09-26 08:05:53.778408324,112,28,28,28,28
3977,1,1,10,45295756,2006-09-26 08:07:09.213893283,9,4,2,2,1
3976,1,1,10,45329625,2006-09-26 08:11:03.775238490,9,3,2,2,2
3978,1,1,10,45361152,2006-09-26 08:14:42.109672678,9,2,2,2,3
3981,8,15,210,45458727,2006-09-26 08:25:57.860149370,195,84,36,39,36
3980,2,4,30,45463404,2006-09-26 08:26:30.254142525,26,11,6,5,4
3982,4,3,40,45523610,2006-09-26 08:33:27.206494765,37,16,6,8,7
3983,1,2,20,45552304,2006-09-26 08:36:45.927227917,18,3,4,4,7
3984,2,6,40,45604189,2006-09-26 08:42:45.252617681,34,10,8,8,8
3985,8,31,170,45709227,2006-09-26 08:54:52.686297022,139,38,34,34,33
3986,1,6,40,45713354,2006-09-26 08:55:21.268056463,34,11,8,8,7
3987,1,21,140,45735319,2006-09-26 08:57:53.384366126,119,44,23,29,23
3989,1,6,40,45794142,2006-09-26 09:04:40.756928823,34,9,8,8,9
3988,2,3,20,45796667,2006-09-26 09:04:58.248619301,17,3,4,4,6
3990,7,8,90,45879659,2006-09-26 09:14:33.000118112,82,37,13,17,15
3992,8,5,100,45972764,2006-09-26 09:25:17.796172316,95,24,23,23,25
3993,1,5,60,45994672,2006-09-26 09:27:49.520405056,55,16,13,13,13
3996,2,2,30,46029472,2006-09-26 09:31:50.523116885,28,5,7,7,9
3997,1,4,30,46029608,2006-09-26 09:31:51.462816138,26,11,6,5,4
3995,1,4,30,46040487,2006-09-26 09:33:06.805458633,26,11,6,6,3
3999,1,18,130,46131351,2006-09-26 09:43:36.078649085,112,47,15,28,22
4000,1,1,30,46139781,2006-09-26 09:44:34.460069114,29,8,7,7,7
4001,2,7,50,46251323,2006-09-26 09:57:26.938486428,43,20,7,8,8
4002,2,4,50,46679625,2006-09-26 10:46:53.117931141,46,13,11,11,11
4003,1,4,30,46719964,2006-09-26 10:51:32.488431591,26,6,6,6,8
4004,1,18,140,46790169,2006-09-26 10:59:38.683386995,122,56,27,21,18
4005,2,18,180,46919960,2006-09-26 11:14:37.546125066,162,69,36,38,19
4008,2,12,180,47053338,2006-09-26 11:30:01.244935427,168,61,41,35,31
4011,2,11,180,47053346,2006-09-26 11:30:01.304002515,169,47,42,42,38
4009,2,31,180,47053467,2006-09-26 11:30:02.137541680,149,31,37,37,44
4010,1,5,30,47053494,2006-09-26 11:30:02.328711557,25,11,3,6,5
4013,2,30,210,47163399,2006-09-26 11:42:43.468111076,180,69,30,45,36
4012,1,1,30,47172384,2006-09-26 11:43:45.692880826,29,13,4,7,5
4014,1,4,40,47246454,2006-09-26 11:52:18.661903183,36,13,9,9,5
4018,1,6,40,47246676,2006-09-26 11:52:20.200216788,34,15,8,7,4
4015,1,5,30,47257634,2006-09-26 11:53:36.088570192,25,6,6,6,7
4019,2,11,170,47326513,2006-09-26 12:01:33.106582036,159,73,22,33,31
4017,1,2,50,47338672,2006-09-26 12:02:57.311981604,48,9,12,12,15
4021,3,15,100,47339800,2006-09-26 12:03:05.121240577,85,30,20,21,14
4016,3,10,100,47341003,2006-09-26 12:03:13.455482612,90,23,22,22,23
4022,7,6,70,47417724,2006-09-26 12:12:04.784756569,64,18,16,16,14
4028,1,2,40,47756263,2006-09-26 12:51:09.315637543,38,16,8,8,6
4030,1,1,10,47770577,2006-09-26 12:52:48.440736496,9,2,2,2,3
4029,1,23,130,47774309,2006-09-26 12:53:14.288996632,107,50,13,23,21
4032,2,13,70,47830316,2006-09-26 12:59:42.163173812,57,27,5,14,11
4036,1,4,30,47872730,2006-09-26 13:04:35.900584938,26,7,6,6,7
4038,1,3,30,47883109,2006-09-26 13:05:47.780326820,27,7,6,6,8
4039,1,1,30,47883112,2006-09-26 13:05:47.798180607,29,12,5,7,5
4042,2,10,80,47961218,2006-09-26 13:14:48.713968711,70,28,16,14,12
4037,1,3,30,47964030,2006-09-26 13:15:08.192879887,27,5,6,6,10
4041,1,4,30,47964599,2006-09-26 13:15:12.130214768,26,6,6,6,8
4040,1,3,30,47965487,2006-09-26 13:15:18.283012110,27,6,6,6,9
4047,1,2,30,47973114,2006-09-26 13:16:11.103157499,28,8,7,7,6
4058,1,1,30,47973229,2006-09-26 13:16:11.901044494,29,6,7,7,9
4049,1,2,30,47973325,2006-09-26 13:16:12.565464388,28,11,5,7,5
4054,1,1,30,47974150,2006-09-26 13:16:18.275054276,29,13,6,6,4
4048,1,2,30,47974235,2006-09-26 13:16:18.863418975,28,14,2,7,5
4056,1,5,30,47974365,2006-09-26 13:16:19.765049078,25,7,6,6,6
4050,1,3,30,47974451,2006-09-26 13:16:20.363240979,27,13,3,6,5
4051,1,3,30,47975017,2006-09-26 13:16:24.284072535,27,9,6,6,6
4059,1,5,30,47975237,2006-09-26 13:16:25.805737380,25,10,4,6,5
4069,1,5,30,47975395,2006-09-26 13:16:26.899894745,25,9,6,6,4
4060,1,4,30,47975466,2006-09-26 13:16:27.392293608,26,12,3,6,5
4053,1,5,30,47975542,2006-09-26 13:16:27.915289069,25,5,6,6,8
4067,1,2,30,47975608,2006-09-26 13:16:28.374030288,28,12,4,7,5
4046,1,2,30,47976026,2006-09-26 13:16:31.265817475,28,13,4,7,4
4055,1,3,30,47978346,2006-09-26 13:16:47.334745333,27,13,6,4,4
4057,1,4,30,47978682,2006-09-26 13:16:49.662282206,26,12,3,6,5
4052,2,31,210,48026317,2006-09-26 13:22:19.556728792,179,38,44,44,53
4061,8,7,80,48031765,2006-09-26 13:22:57.282819891,73,30,11,18,14
4063,1,2,30,48035557,2006-09-26 13:23:23.548344779,28,9,7,7,5
4064,1,4,30,48036066,2006-09-26 13:23:27.074827867,26,6,6,6,8
4062,1,2,30,48036265,2006-09-26 13:23:28.450615220,28,12,5,6,5
4072,1,4,30,48047010,2006-09-26 13:24:42.862256817,26,9,6,6,5
4077,1,4,30,48047142,2006-09-26 13:24:43.778250285,26,9,6,6,5
4078,1,4,30,48047289,2006-09-26 13:24:44.795853824,26,6,6,6,8
4075,1,4,30,48047411,2006-09-26 13:24:45.640861521,26,11,4,6,5
4070,1,5,30,48047521,2006-09-26 13:24:46.401579673,25,12,3,5,5
4065,1,3,30,48047930,2006-09-26 13:24:49.234784554,27,5,6,6,10
4068,1,4,30,48048157,2006-09-26 13:24:50.805467671,26,6,6,6,8
4071,1,4,30,48051881,2006-09-26 13:25:16.594958514,26,8,6,6,6
4066,1,2,30,48052087,2006-09-26 13:25:18.022028759,28,9,7,7,5
4081,1,2,40,48142094,2006-09-26 13:35:41.365379519,38,19,4,8,7
4082,2,6,70,48283066,2006-09-26 13:51:57.658711324,64,20,16,16,12
4084,2,8,70,48283404,2006-09-26 13:51:59.997405083,62,25,10,15,12
4083,1,4,30,48295620,2006-09-26 13:53:24.600408076,26,8,6,6,6
4088,4,30,170,48313213,2006-09-26 13:55:26.439499508,140,45,34,35,26
4085,4,13,170,48324101,2006-09-26 13:56:41.841998591,157,73,25,36,23
4087,4,11,170,48324519,2006-09-26 13:56:44.735399406,159,43,39,39,38
4091,1,5,30,48558759,2006-09-26 14:23:46.953639240,25,11,5,6,3
4095,2,9,150,48564793,2006-09-26 14:24:28.737595598,141,55,27,33,26
4092,4,20,170,48568754,2006-09-26 14:24:56.169482500,150,55,31,35,29
4097,6,8,60,48662884,2006-09-26 14:35:48.063961476,52,23,9,10,10
4096,2,32,250,48763892,2006-09-26 14:47:27.586208671,218,95,28,53,42
4104,1,1,30,48890718,2006-09-26 15:02:05.913573376,29,5,7,7,10
4100,1,1,30,48890754,2006-09-26 15:02:06.163872669,29,14,5,5,5
4101,1,1,30,48890796,2006-09-26 15:02:06.456929634,29,5,7,7,10
4105,1,4,30,48897074,2006-09-26 15:02:49.933685412,26,5,6,6,9
4102,1,3,30,48899071,2006-09-26 15:03:03.765453403,27,12,6,6,3
4103,1,2,30,48899195,2006-09-26 15:03:04.622760682,28,5,7,7,9
4106,3,10,70,48921872,2006-09-26 15:05:41.667435849,60,14,15,15,16
4108,1,5,30,49073644,2006-09-26 15:23:12.756653499,25,12,5,6,2
4113,1,1,30,49142316,2006-09-26 15:31:08.339000626,29,9,7,7,6
4115,2,7,60,49173999,2006-09-26 15:34:47.757744202,53,16,13,13,11
4120,1,4,30,49176582,2006-09-26 15:35:05.645694569,26,8,6,6,6
4122,3,7,80,49264844,2006-09-26 15:45:16.902855546,73,29,16,14,14
4123,2,4,50,49318760,2006-09-26 15:51:30.292126385,46,9,11,11,15
4129,1,4,30,49361242,2006-09-26 15:56:24.502468958,26,13,3,6,4
4125,1,5,30,49363309,2006-09-26 15:56:38.816296128,25,12,3,6,4
4132,2,8,50,49363369,2006-09-26 15:56:39.234343455,42,20,10,7,5
4133,2,6,50,49363510,2006-09-26 15:56:40.205477284,44,13,11,11,9
4130,2,7,50,49409350,2006-09-26 16:01:57.669636620,43,11,10,10,12
4128,2,5,50,49409406,2006-09-26 16:01:58.055536049,45,15,10,11,9
4131,2,7,50,49409463,2006-09-26 16:01:58.451304232,43,21,6,9,7
4134,2,5,50,49409515,2006-09-26 16:01:58.810997792,45,18,7,11,9
4127,2,3,50,49409587,2006-09-26 16:01:59.308763871,47,18,9,11,9
4126,2,7,50,49421221,2006-09-26 16:03:19.883313954,43,20,8,9,6
4124,2,6,50,49422745,2006-09-26 16:03:30.438607280,44,10,11,11,12
4135,3,10,100,49431683,2006-09-26 16:04:32.335872920,90,37,16,19,18
4136,2,9,50,49440407,2006-09-26 16:05:32.750450098,41,17,8,9,7
4137,2,2,50,49440529,2006-09-26 16:05:33.598775081,48,22,8,10,8
4138,2,4,50,49440609,2006-09-26 16:05:34.150213329,46,9,11,11,15
4140,2,2,50,49440681,2006-09-26 16:05:34.648568071,48,20,8,12,8
4139,2,8,50,49480111,2006-09-26 16:10:07.718212173,42,8,10,10,14
4141,2,7,50,49480159,2006-09-26 16:10:08.052080764,43,20,10,10,3
4142,2,4,50,49480206,2006-09-26 16:10:08.381634804,46,10,11,11,14
4143,2,12,80,49500244,2006-09-26 16:12:27.151088936,68,24,15,16,13
4144,2,9,90,49501053,2006-09-26 16:12:32.756610220,81,31,17,20,13
4151,2,8,50,49516185,2006-09-26 16:14:17.548167414,42,9,10,10,13
4147,2,5,50,49516228,2006-09-26 16:14:17.846293803,45,18,7,11,9
4145,2,5,50,49516266,2006-09-26 16:14:18.110790249,45,15,10,11,9
4146,2,9,50,49516312,2006-09-26 16:14:18.430946466,41,20,9,4,8
4148,2,4,50,49516352,2006-09-26 16:14:18.705200859,46,22,11,7,6
4149,2,17,250,49542050,2006-09-26 16:17:16.676474484,233,47,58,58,70
4152,2,34,250,49576125,2006-09-26 16:21:12.657805210,216,62,54,54,46
4155,2,7,40,49591415,2006-09-26 16:22:58.552695979,33,16,8,5,4
4154,3,3,30,49618918,2006-09-26 16:26:09.021399006,27,11,6,6,4
4153,2,14,250,49625107,2006-09-26 16:26:51.881132609,236,112,53,37,34
4156,1,3,30,49646989,2006-09-26 16:29:23.425643226,27,7,6,6,8
4157,1,3,30,49666907,2006-09-26 16:31:41.367652581,27,6,6,6,9
4158,1,2,30,49677315,2006-09-26 16:32:53.443910780,28,10,6,7,5
4159,1,4,30,49679376,2006-09-26 16:33:07.718276786,26,8,6,6,6
4160,3,19,100,49697885,2006-09-26 16:35:15.901584752,81,37,9,20,15
4161,2,29,250,49748021,2006-09-26 16:41:03.116836557,221,95,53,50,23
4162,2,25,250,49748271,2006-09-26 16:41:04.846790969,225,95,36,55,39
4163,1,1,10,49756744,2006-09-26 16:42:03.523858079,9,4,2,2,1
4164,1,1,10,49757337,2006-09-26 16:42:07.630263754,9,4,2,2,1
4165,1,5,30,49764589,2006-09-26 16:42:57.856589059,25,7,6,6,6
4167,1,6,60,49852661,2006-09-26 16:53:07.796600392,54,15,13,13,13
4166,2,7,70,49858471,2006-09-26 16:53:48.029077881,63,31,15,9,8
4168,1,4,30,49860154,2006-09-26 16:53:59.689768563,26,9,6,6,5
4169,1,3,30,50013194,2006-09-26 17:11:39.557640730,27,11,5,6,5
4177,1,20,140,50227850,2006-09-26 17:36:26.140701014,120,28,30,30,32
4189,1,1,30,50304851,2006-09-26 17:45:19.410635928,29,7,7,7,8
4185,1,5,30,50307001,2006-09-26 17:45:34.298360551,25,6,6,6,7
4186,1,26,140,50312064,2006-09-26 17:46:09.362720690,114,26,28,28,32
4187,1,4,30,50340838,2006-09-26 17:49:28.634642774,26,11,4,6,5
4188,1,7,40,50359578,2006-09-26 17:51:38.419611355,33,10,8,8,7
4192,1,1,20,50376563,2006-09-26 17:53:36.044606502,19,3,4,4,8
4191,2,4,40,50381156,2006-09-26 17:54:07.853891590,36,9,9,9,9
4193,1,2,20,50443152,2006-09-26 18:01:17.204369332,18,7,4,4,3
4195,1,2,20,50446562,2006-09-26 18:01:40.819029278,18,8,3,4,3
4194,1,2,20,50448966,2006-09-26 18:01:57.472436663,18,4,4,4,6
4197,1,12,120,50458083,2006-09-26 18:03:00.606232887,108,41,26,24,17
4196,1,2,30,50460574,2006-09-26 18:03:17.858822511,28,13,5,6,4
4199,1,3,30,50541054,2006-09-26 18:12:35.218059402,27,12,5,6,4
4201,1,2,30,50578546,2006-09-26 18:16:54.870748660,28,7,7,7,7
4200,1,4,30,50582580,2006-09-26 18:17:22.804806221,26,11,5,5,5
4203,1,12,150,50722987,2006-09-26 18:33:35.187625378,138,40,34,34,30
4206,1,8,150,50727476,2006-09-26 18:34:06.272121501,142,37,35,35,35
4207,1,19,150,50731826,2006-09-26 18:34:36.400401195,131,37,32,32,30
4202,1,1,10,50736400,2006-09-26 18:35:08.077216446,9,2,2,2,3
4204,1,27,150,50742166,2006-09-26 18:35:48.011103541,123,57,20,22,24
4205,1,20,150,50746603,2006-09-26 18:36:18.735400548,130,42,32,31,25
4211,1,3,30,50786882,2006-09-26 18:40:57.687451995,27,7,6,6,8
4212,1,5,30,50794675,2006-09-26 18:41:51.658017033,25,5,6,6,8
4214,2,6,50,50795430,2006-09-26 18:41:56.885803983,44,19,9,9,7
4213,1,1,30,50796065,2006-09-26 18:42:01.280633504,29,6,7,7,9
4215,1,2,20,50800047,2006-09-26 18:42:28.860156959,18,4,4,4,6
4217,1,27,150,50804721,2006-09-26 18:43:01.226995460,123,44,30,25,24
4219,1,16,150,50808534,2006-09-26 18:43:27.639048830,134,29,33,33,39
4216,3,5,60,50812109,2006-09-26 18:43:52.397549255,55,15,13,13,14
4220,1,10,150,50813088,2006-09-26 18:43:59.172091923,140,46,32,35,27
4218,3,4,60,50814163,2006-09-26 18:44:06.622800033,56,27,13,6,10
4222,1,17,150,50830401,2006-09-26 18:45:59.077094642,133,31,33,33,36
4221,2,5,40,50879199,2006-09-26 18:51:37.022394213,35,14,6,8,7
4223,2,2,40,50909053,2006-09-26 18:55:03.772539184,38,9,9,9,11
4224,1,5,30,50959934,2006-09-26 19:00:56.145243159,25,7,6,6,6
4225,1,4,30,50979995,2006-09-26 19:03:15.080319216,26,13,5,3,5
4226,1,4,30,50983166,2006-09-26 19:03:37.038330544,26,6,6,6,8
4227,1,24,140,50984848,2006-09-26 19:03:48.688203687,116,30,29,29,28
4230,1,2,40,51054704,2006-09-26 19:11:52.471540437,38,16,8,7,7
4228,1,4,40,51056371,2006-09-26 19:12:04.013785301,36,10,9,9,8
4229,1,5,40,51058104,2006-09-26 19:12:16.018905871,35,16,8,7,4
4231,2,15,90,51225481,2006-09-26 19:31:35.176550130,75,30,15,15,15
4235,1,5,30,51300985,2006-09-26 19:40:18.079030457,25,6,6,6,7
4232,1,2,30,51304500,2006-09-26 19:40:42.423036306,28,10,7,6,5
4236,2,15,80,51306518,2006-09-26 19:40:56.394088769,65,24,13,16,12
4233,1,8,130,51317627,2006-09-26 19:42:13.329520389,122,43,25,30,24
4234,1,23,130,51321093,2006-09-26 19:42:37.336312660,107,21,26,26,34
4237,1,29,150,51326706,2006-09-26 19:43:16.205004585,121,49,23,30,19
4238,1,10,140,51342575,2006-09-26 19:45:06.108299112,130,47,28,30,25
4240,1,20,130,51385977,2006-09-26 19:50:06.684119323,110,27,27,27,29
4239,1,7,130,51387118,2006-09-26 19:50:14.587252650,123,40,29,30,24
4242,1,14,130,51389762,2006-09-26 19:50:32.895307200,116,46,20,28,22
4241,1,17,140,51392582,2006-09-26 19:50:52.423506740,123,31,30,30,32
4244,1,19,140,51415928,2006-09-26 19:53:34.104674695,121,44,30,28,19
4243,1,9,50,51429083,2006-09-26 19:55:05.208589253,41,12,10,10,9
4245,1,21,140,51434855,2006-09-26 19:55:45.184486074,119,46,21,29,23
4246,1,17,140,51504536,2006-09-26 20:03:47.755081130,123,41,28,30,24
4247,2,15,90,51547996,2006-09-26 20:08:48.737867963,75,34,17,18,6
4248,1,26,140,51591137,2006-09-26 20:13:47.509770052,114,53,20,28,13
4249,1,7,140,51698427,2006-09-26 20:26:10.535712990,133,50,30,28,25
4262,1,27,140,51940106,2006-09-26 20:54:04.271388114,113,44,25,22,22
4251,1,8,140,51945548,2006-09-26 20:54:41.958752146,132,46,28,33,25
4261,1,24,140,51955639,2006-09-26 20:55:51.847318903,116,55,13,26,22
4264,1,1,10,52005864,2006-09-26 21:01:39.675783891,9,4,2,2,1
4263,1,1,10,52022318,2006-09-26 21:03:33.624602541,9,3,2,2,2
4265,1,1,10,52065869,2006-09-26 21:08:35.235409149,9,3,2,2,2
4266,1,1,10,52095876,2006-09-26 21:12:03.047411228,9,2,2,2,3
4268,1,3,30,52101720,2006-09-26 21:12:43.521635089,27,10,6,6,5
4267,1,1,30,52103811,2006-09-26 21:12:58.002157626,29,6,7,7,9
4269,1,1,10,52141635,2006-09-26 21:17:19.947728850,9,2,2,2,3
4270,6,16,90,52280204,2006-09-26 21:33:19.601912753,74,37,12,15,10
4271,1,2,20,52307854,2006-09-26 21:36:31.088454785,18,8,4,3,3
4272,1,3,40,52362100,2006-09-26 21:42:46.767158721,37,16,8,6,7
4275,2,17,150,52529351,2006-09-26 22:02:05.055369252,133,36,33,33,31
4274,1,1,30,52530436,2006-09-26 22:02:12.564818953,29,6,7,7,9
4273,1,5,30,52538110,2006-09-26 22:03:05.712807798,25,6,6,6,7
4276,1,5,30,52538122,2006-09-26 22:03:05.794583407,25,6,6,6,7
4277,1,4,30,52542812,2006-09-26 22:03:38.275878672,26,8,6,6,6
4278,1,1,10,52625907,2006-09-26 22:13:13.746487586,9,1,2,2,4
4279,1,1,10,52671528,2006-09-26 22:18:29.688912822,9,3,2,2,2
4283,1,18,140,52779619,2006-09-26 22:30:58.269052600,122,36,30,30,26
4282,3,10,60,52794452,2006-09-26 22:32:40.997555516,50,17,11,12,10
4284,3,8,60,52799601,2006-09-26 22:33:16.650308057,52,13,13,13,13
4280,3,10,60,52807521,2006-09-26 22:34:11.503548265,50,19,11,11,9
4281,3,8,60,52813340,2006-09-26 22:34:51.802593094,52,14,13,13,12
4285,1,5,50,52826060,2006-09-26 22:36:19.893095867,45,22,5,10,8
4286,1,5,30,52839367,2006-09-26 22:37:52.047288196,25,11,5,5,4
4288,1,3,30,52839672,2006-09-26 22:37:54.164014642,27,5,6,6,10
4287,1,4,30,52839752,2006-09-26 22:37:54.716000000,26,12,4,5,5
