Unnamed: 0.3,Unnamed: 0.2,Unnamed: 0.1,Unnamed: 0,max_concurrent_tasks,aggregation_queries_count,total_queries_count,ts_submit,ts_submit_dt,ts_submit_dt2,standard_queries_count,first_name_queries_count,last_name_queries_count,country_queries_count,other_queries_count,estimated_shards
0,0,0,0,1,1,10,1158705474716,2006-09-19 22:37:54.716,2006-09-19 22:37:54.716000000,9,3,2,2,2,1
1,1,1,1,1,3,20,1158706766716,2006-09-19 22:59:26.716,2006-09-19 22:37:55.120564466,17,6,4,4,3,1
2,2,2,2,4,107,670,1158707924716,2006-09-19 23:18:44.716,2006-09-19 22:37:55.483169461,563,204,121,136,102,1
3,3,3,3,1,1,10,1158710610716,2006-09-20 00:03:30.716,2006-09-19 22:37:56.324237695,9,4,2,2,1,1
4,4,4,4,1,1,10,1158711688716,2006-09-20 00:21:28.716,2006-09-19 22:37:56.661792258,9,1,2,2,4,1
5,5,5,5,1,8,110,1158713930716,2006-09-20 00:58:50.716,2006-09-19 22:37:57.363830597,102,40,23,20,19,1
6,6,6,6,1,6,110,1158714436716,2006-09-20 01:07:16.716,2006-09-19 22:37:57.522274576,104,38,26,22,18,1
7,7,7,7,1,73,410,1158715519716,2006-09-20 01:25:19.716,2006-09-19 22:37:57.861394791,337,141,68,81,47,1
8,8,8,8,1,15,110,1158716678716,2006-09-20 01:44:38.716,2006-09-19 22:37:58.224312916,95,22,23,23,27,1
9,9,9,9,1,3,20,1158788582716,2006-09-20 21:43:02.716,2006-09-19 22:38:20.739640648,17,5,4,4,4,1
10,10,10,10,1,1,10,1158791971716,2006-09-20 22:39:31.716,2006-09-19 22:38:21.800839548,9,2,2,2,3,1
11,11,11,11,1,3,20,1158792853716,2006-09-20 22:54:13.716,2006-09-19 22:38:22.077020554,17,7,4,4,2,1
12,12,12,12,1,3,20,1158796498716,2006-09-20 23:54:58.716,2006-09-19 22:38:23.218380834,17,6,4,4,3,1
13,13,13,13,1,1,20,1158800741716,2006-09-21 01:05:41.716,2006-09-19 22:38:24.546993089,19,8,4,4,3,1
14,14,14,14,1,1,20,1158802331716,2006-09-21 01:32:11.716,2006-09-19 22:38:25.044870413,19,8,4,4,3,1
15,15,15,15,1,1,20,1158805470716,2006-09-21 02:24:30.716,2006-09-19 22:38:26.027786715,19,4,4,4,7,1
16,16,16,16,1,1,20,1158809246716,2006-09-21 03:27:26.716,2006-09-19 22:38:27.210167076,19,6,4,4,5,1
17,17,17,17,1,2,20,1158818369716,2006-09-21 05:59:29.716,2006-09-19 22:38:30.066855646,18,7,4,4,3,1
18,18,18,18,1,2,20,1158860285716,2006-09-21 17:38:05.716,2006-09-19 22:38:43.192029172,18,3,4,4,7,1
19,19,19,19,1,1,20,1158872601716,2006-09-21 21:03:21.716,2006-09-19 22:38:47.048543085,19,6,4,4,5,1
20,20,20,20,1,2,20,1158873525716,2006-09-21 21:18:45.716,2006-09-19 22:38:47.337875567,18,4,4,4,6,1
21,21,21,21,1,1,20,1158874621716,2006-09-21 21:37:01.716,2006-09-19 22:38:47.681066477,19,8,4,4,3,1
22,22,22,22,1,1,10,1158876993716,2006-09-21 22:16:33.716,2006-09-19 22:38:48.423811768,9,1,2,2,4,1
23,23,23,23,1,1,10,1158975004716,2006-09-23 01:30:04.716,2006-09-19 22:39:19.114034654,9,4,2,2,1,1
24,24,24,24,1,2,20,1158975068716,2006-09-23 01:31:08.716,2006-09-19 22:39:19.134074999,18,3,4,4,7,1
25,25,25,25,1,67,400,1159230626716,2006-09-26 00:30:26.716,2006-09-19 22:40:39.157051811,333,114,80,83,56,1
26,26,26,26,1,32,410,1159230987716,2006-09-26 00:36:27.716,2006-09-19 22:40:39.270091883,378,116,94,94,74,1
27,27,27,27,4,83,660,1159296461716,2006-09-26 18:47:41.716,2006-09-19 22:40:59.771991193,577,129,144,144,160,1
28,28,28,28,4,184,1330,1159300075716,2006-09-26 19:47:55.716,2006-09-19 22:41:00.903644431,1146,418,274,271,183,1
29,29,29,29,10,168,2950,1159305652716,2006-09-26 21:20:52.716,2006-09-19 22:41:02.649972629,2782,1118,467,692,505,3
30,30,30,30,1,14,100,1159313258716,2006-09-26 23:27:38.716,2006-09-19 22:41:05.031642393,86,41,9,19,17,1
31,31,31,31,1,7,100,1159314736716,2006-09-26 23:52:16.716,2006-09-19 22:41:05.494449113,93,36,22,21,14,1
32,32,32,32,1,3,60,1159314931716,2006-09-26 23:55:31.716,2006-09-19 22:41:05.555509540,57,19,13,14,11,1
33,33,33,33,1,1,10,1159316836716,2006-09-27 00:27:16.716,2006-09-19 22:41:06.152022937,9,2,2,2,3,1
34,34,34,34,1,1,10,1159321892716,2006-09-27 01:51:32.716,2006-09-19 22:41:07.735210201,9,4,2,2,1,1
35,35,35,35,1,3,20,1159322663716,2006-09-27 02:04:23.716,2006-09-19 22:41:07.976633734,17,3,4,4,6,1
36,36,36,36,1,1,20,1159323697716,2006-09-27 02:21:37.716,2006-09-19 22:41:08.300410559,19,6,4,4,5,1
37,37,37,37,1,1,20,1159381749716,2006-09-27 18:29:09.716,2006-09-19 22:41:26.478256097,19,8,4,4,3,1
38,38,38,38,1,1,10,1159383277716,2006-09-27 18:54:37.716,2006-09-19 22:41:26.956719337,9,2,2,2,3,1
39,39,39,39,1,2,20,1159383444716,2006-09-27 18:57:24.716,2006-09-19 22:41:27.009012112,18,4,4,4,6,1
40,40,40,40,1,1,20,1159383700716,2006-09-27 19:01:40.716,2006-09-19 22:41:27.089173493,19,3,4,4,8,1
41,41,41,41,1,2,20,1159384139716,2006-09-27 19:08:59.716,2006-09-19 22:41:27.226637735,18,4,4,4,6,1
42,42,42,42,1,1,20,1159384351716,2006-09-27 19:12:31.716,2006-09-19 22:41:27.293021378,19,7,4,4,4,1
43,43,43,43,1,3,20,1159384590716,2006-09-27 19:16:30.716,2006-09-19 22:41:27.367859542,17,4,4,4,5,1
44,44,44,44,1,1,10,1159384742716,2006-09-27 19:19:02.716,2006-09-19 22:41:27.415455361,9,4,2,2,1,1
45,45,45,45,1,1,10,1159385146716,2006-09-27 19:25:46.716,2006-09-19 22:41:27.541960040,9,4,2,2,1,1
46,46,46,46,1,1,20,1159385533716,2006-09-27 19:32:13.716,2006-09-19 22:41:27.663141502,19,9,4,3,3,1
47,47,47,47,1,2,20,1159389682716,2006-09-27 20:41:22.716,2006-09-19 22:41:28.962319500,18,6,4,4,4,1
48,48,48,48,1,2,20,1159389959716,2006-09-27 20:45:59.716,2006-09-19 22:41:29.049056618,18,7,4,4,3,1
49,49,49,49,1,1,10,1159390425716,2006-09-27 20:53:45.716,2006-09-19 22:41:29.194975381,9,4,2,2,1,1
50,50,50,50,1,1,10,1159390638716,2006-09-27 20:57:18.716,2006-09-19 22:41:29.261672155,9,3,2,2,2,1
51,51,51,51,1,1,10,1159390847716,2006-09-27 21:00:47.716,2006-09-19 22:41:29.327116407,9,3,2,2,2,1
52,52,52,52,1,3,20,1159391071716,2006-09-27 21:04:31.716,2006-09-19 22:41:29.397257615,17,8,2,4,3,1
53,53,53,53,1,3,20,1159391856716,2006-09-27 21:17:36.716,2006-09-19 22:41:29.643064973,17,6,4,4,3,1
54,54,54,54,1,2,20,1159394259716,2006-09-27 21:57:39.716,2006-09-19 22:41:30.395517306,18,4,4,4,6,1
55,55,55,55,1,3,20,1159394756716,2006-09-27 22:05:56.716,2006-09-19 22:41:30.551143111,17,6,4,4,3,1
56,56,56,56,1,1,20,1159395139716,2006-09-27 22:12:19.716,2006-09-19 22:41:30.671072051,19,4,4,4,7,1
57,57,57,57,1,1,10,1159396201716,2006-09-27 22:30:01.716,2006-09-19 22:41:31.003616527,9,2,2,2,3,1
58,58,58,58,1,1,10,1159396286716,2006-09-27 22:31:26.716,2006-09-19 22:41:31.030232611,9,2,2,2,3,1
59,59,59,59,1,1,10,1159397058716,2006-09-27 22:44:18.716,2006-09-19 22:41:31.271969274,9,2,2,2,3,1
60,60,60,60,1,1,10,1159473907716,2006-09-28 20:05:07.716,2006-09-19 22:41:55.335726797,9,2,2,2,3,1
61,61,61,61,1,1,10,1159473981716,2006-09-28 20:06:21.716,2006-09-19 22:41:55.358898446,9,4,2,2,1,1
62,62,62,62,1,1,10,1159474295716,2006-09-28 20:11:35.716,2006-09-19 22:41:55.457221389,9,2,2,2,3,1
63,63,63,63,1,2,20,1159481923716,2006-09-28 22:18:43.716,2006-09-19 22:41:57.845780022,18,7,4,4,3,1
64,64,64,64,1,1,10,1159486844716,2006-09-28 23:40:44.716,2006-09-19 22:41:59.386694683,9,3,2,2,2,1
65,65,65,65,1,1,10,1159486908716,2006-09-28 23:41:48.716,2006-09-19 22:41:59.406735028,9,2,2,2,3,1
66,66,66,66,1,1,10,1159488026716,2006-09-29 00:00:26.716,2006-09-19 22:41:59.756814807,9,2,2,2,3,1
67,67,67,67,1,3,20,1159489659716,2006-09-29 00:27:39.716,2006-09-19 22:42:00.268156737,17,6,4,4,3,1
68,68,68,68,1,1,10,1159489813716,2006-09-29 00:30:13.716,2006-09-19 22:42:00.316378818,9,2,2,2,3,1
69,69,69,69,1,3,20,1159489834716,2006-09-29 00:30:34.716,2006-09-19 22:42:00.322954556,17,4,4,4,5,1
70,70,70,70,1,1,10,1159489868716,2006-09-29 00:31:08.716,2006-09-19 22:42:00.333600989,9,2,2,2,3,1
71,71,71,71,1,1,20,1159491286716,2006-09-29 00:54:46.716,2006-09-19 22:42:00.777619886,19,6,4,4,5,1
72,72,72,72,1,1,10,1159492851716,2006-09-29 01:20:51.716,2006-09-19 22:42:01.267668950,9,2,2,2,3,1
73,73,73,73,1,18,110,1159492911716,2006-09-29 01:21:51.716,2006-09-19 22:42:01.286456773,92,33,23,21,15,1
74,74,74,74,8,366,2350,1159493418716,2006-09-29 01:30:18.716,2006-09-19 22:42:01.445213882,1984,691,485,491,317,2
75,75,75,75,1,1,10,1159493524716,2006-09-29 01:32:04.716,2006-09-19 22:42:01.478405704,9,1,2,2,4,1
76,76,76,76,8,389,2350,1159494988716,2006-09-29 01:56:28.716,2006-09-19 22:42:01.936828598,1961,729,460,432,340,2
77,77,77,77,8,143,2350,1159550716716,2006-09-29 17:25:16.716,2006-09-19 22:42:19.386959104,2207,657,551,551,448,2
78,78,78,78,1,38,370,1159556254716,2006-09-29 18:57:34.716,2006-09-19 22:42:21.121075217,332,125,70,79,58,1
79,79,79,79,1,1,20,1159558058716,2006-09-29 19:27:38.716,2006-09-19 22:42:21.685962445,19,7,4,4,4,1
80,80,80,80,6,174,970,1159560254716,2006-09-29 20:04:14.716,2006-09-19 22:42:22.373596786,796,173,199,199,225,1
81,81,81,81,1,2,20,1159562840716,2006-09-29 20:47:20.716,2006-09-19 22:42:23.183351981,18,7,4,4,3,1
82,82,82,82,1,1,10,1159573510716,2006-09-29 23:45:10.716,2006-09-19 22:42:26.524453268,9,1,2,2,4,1
83,83,83,83,1,3,60,1159574743716,2006-09-30 00:05:43.716,2006-09-19 22:42:26.910543041,57,17,14,14,12,1
84,84,84,84,8,227,2350,1159576364716,2006-09-30 00:32:44.716,2006-09-19 22:42:27.418127407,2123,944,353,464,362,2
85,85,85,85,1,1,20,1159578773716,2006-09-30 01:12:53.716,2006-09-19 22:42:28.172458523,19,5,4,4,6,1
86,86,86,86,1,15,100,1159578982716,2006-09-30 01:16:22.716,2006-09-19 22:42:28.237902775,85,35,12,21,17,1
87,87,87,87,1,1,10,1159579756716,2006-09-30 01:29:16.716,2006-09-19 22:42:28.480265698,9,4,2,2,1,1
88,88,88,88,1,71,390,1159581133716,2006-09-30 01:52:13.716,2006-09-19 22:42:28.911446249,319,97,79,79,64,1
89,89,89,89,1,49,410,1159811059716,2006-10-02 17:44:19.716,2006-09-19 22:43:40.908264844,361,106,90,90,75,1
90,90,90,90,12,116,1710,1159811515716,2006-10-02 17:51:55.716,2006-09-19 22:43:41.051052303,1594,606,394,280,314,4
91,91,91,91,1,1,10,1159815549716,2006-10-02 18:59:09.716,2006-09-19 22:43:42.314220306,9,2,2,2,3,1
92,92,92,92,1,67,410,1159815654716,2006-10-02 19:00:54.716,2006-09-19 22:43:42.347098997,343,170,60,72,41,1
93,93,93,93,1,1,10,1159815836716,2006-10-02 19:03:56.716,2006-09-19 22:43:42.404088728,9,3,2,2,2,1
94,94,94,94,1,3,20,1159816208716,2006-10-02 19:10:08.716,2006-09-19 22:43:42.520573234,17,3,4,4,6,1
95,95,95,95,1,2,20,1159816592716,2006-10-02 19:16:32.716,2006-09-19 22:43:42.640815305,18,6,4,4,4,1
96,96,96,96,1,2,20,1159816924716,2006-10-02 19:22:04.716,2006-09-19 22:43:42.744774595,18,4,4,4,6,1
97,97,97,97,1,1,10,1159817259716,2006-10-02 19:27:39.716,2006-09-19 22:43:42.849673276,9,1,2,2,4,1
98,98,98,98,1,1,10,1159817433716,2006-10-02 19:30:33.716,2006-09-19 22:43:42.904157965,9,4,2,2,1,1
99,99,99,99,14,136,2060,1159818473716,2006-10-02 19:47:53.716,2006-09-19 22:43:43.229813573,1924,886,234,443,361,6
100,100,100,100,1,1,20,1159819830716,2006-10-02 20:10:30.716,2006-09-19 22:43:43.654731515,19,7,4,4,4,1
101,101,101,101,1,2,20,1159820002716,2006-10-02 20:13:22.716,2006-09-19 22:43:43.708589943,18,5,4,4,5,1
102,102,102,102,1,1,20,1159820214716,2006-10-02 20:16:54.716,2006-09-19 22:43:43.774973586,19,6,4,4,5,1
103,103,103,103,1,1,10,1159820627716,2006-10-02 20:23:47.716,2006-09-19 22:43:43.904296438,9,4,2,2,1,1
104,104,104,104,1,1,10,1159832513716,2006-10-02 23:41:53.716,2006-09-19 22:43:47.626164282,9,2,2,2,3,1
105,105,105,105,1,1,20,1159837754716,2006-10-03 01:09:14.716,2006-09-19 22:43:49.267280668,19,5,4,4,6,1
106,106,106,106,1,1,10,1159840320716,2006-10-03 01:52:00.716,2006-09-19 22:43:50.070773255,9,3,2,2,2,1
107,107,107,107,1,1,10,1159840428716,2006-10-03 01:53:48.716,2006-09-19 22:43:50.104591337,9,1,2,2,4,1
108,108,108,108,1,1,10,1159841885716,2006-10-03 02:18:05.716,2006-09-19 22:43:50.560822319,9,3,2,2,2,1
109,109,109,109,1,1,10,1159842665716,2006-10-03 02:31:05.716,2006-09-19 22:43:50.805064025,9,1,2,2,4,1
110,110,110,110,1,1,10,1159904979716,2006-10-03 19:49:39.716,2006-09-19 22:44:10.317471295,9,3,2,2,2,1
111,111,111,111,1,1,20,1159907163716,2006-10-03 20:26:03.716,2006-09-19 22:44:11.001348072,19,8,4,4,3,1
112,112,112,112,1,3,20,1159907592716,2006-10-03 20:33:12.716,2006-09-19 22:44:11.135681010,17,5,4,4,4,1
113,113,113,113,1,1,10,1159909127716,2006-10-03 20:58:47.716,2006-09-19 22:44:11.616336162,9,1,2,2,4,1
114,114,114,114,1,1,10,1159909327716,2006-10-03 21:02:07.716,2006-09-19 22:44:11.678962241,9,1,2,2,4,1
115,115,115,115,1,3,20,1159910044716,2006-10-03 21:14:04.716,2006-09-19 22:44:11.903476732,17,4,4,4,5,1
116,116,116,116,1,1,10,1159912187716,2006-10-03 21:49:47.716,2006-09-19 22:44:12.574515163,9,3,2,2,2,1
117,117,117,117,1,1,10,1159912770716,2006-10-03 21:59:30.716,2006-09-19 22:44:12.757070182,9,3,2,2,2,1
118,118,118,118,1,1,10,1159915296716,2006-10-03 22:41:36.716,2006-09-19 22:44:13.548037553,9,2,2,2,3,1
119,119,119,119,5,106,810,1159916135716,2006-10-03 22:55:35.716,2006-09-19 22:44:13.810753952,704,242,172,158,132,1
120,120,120,120,1,1,10,1159918173716,2006-10-03 23:29:33.716,2006-09-19 22:44:14.448913692,9,3,2,2,2,1
121,121,121,121,5,145,790,1159919683716,2006-10-03 23:54:43.716,2006-09-19 22:44:14.921740584,645,143,161,161,180,1
122,122,122,122,1,1,10,1159921566716,2006-10-04 00:26:06.716,2006-09-19 22:44:15.511365113,9,2,2,2,3,1
123,123,123,123,1,1,10,1159922942716,2006-10-04 00:49:02.716,2006-09-19 22:44:15.942232533,9,2,2,2,3,1
124,124,124,124,1,1,10,1159923251716,2006-10-04 00:54:11.716,2006-09-19 22:44:16.038989824,9,4,2,2,1,1
125,125,125,125,1,1,10,1159925165716,2006-10-04 01:26:05.716,2006-09-19 22:44:16.638321395,9,1,2,2,4,1
126,126,126,126,1,1,10,1159925240716,2006-10-04 01:27:20.716,2006-09-19 22:44:16.661806175,9,3,2,2,2,1
127,127,127,127,1,1,10,1159925790716,2006-10-04 01:36:30.716,2006-09-19 22:44:16.834027890,9,3,2,2,2,1
128,128,128,128,1,1,10,1159940496716,2006-10-04 05:41:36.716,2006-09-19 22:44:21.438923441,9,4,2,2,1,1
129,129,129,129,1,2,20,1159941362716,2006-10-04 05:56:02.716,2006-09-19 22:44:21.710094360,18,9,2,4,3,1
130,130,130,130,1,1,10,1159985916716,2006-10-04 18:18:36.716,2006-09-19 22:44:35.661305862,9,4,2,2,1,1
131,131,131,131,1,1,10,1159987291716,2006-10-04 18:41:31.716,2006-09-19 22:44:36.091860151,9,1,2,2,4,1
132,132,132,132,1,2,40,1159987647716,2006-10-04 18:47:27.716,2006-09-19 22:44:36.203334571,38,10,9,9,10,1
133,133,133,133,1,4,40,1159988156716,2006-10-04 18:55:56.716,2006-09-19 22:44:36.362717941,36,11,9,9,7,1
134,134,134,134,1,1,10,1159988953716,2006-10-04 19:09:13.716,2006-09-19 22:44:36.612282863,9,3,2,2,2,1
135,135,135,135,1,10,110,1159989135716,2006-10-04 19:12:15.716,2006-09-19 22:44:36.669272595,100,26,25,25,24,1
136,136,136,136,1,14,110,1159989875716,2006-10-04 19:24:35.716,2006-09-19 22:44:36.900989085,96,31,24,24,17,1
137,137,137,137,1,17,110,1159990360716,2006-10-04 19:32:40.716,2006-09-19 22:44:37.052857325,93,46,9,20,18,1
138,138,138,138,1,5,50,1159992590716,2006-10-04 20:09:50.716,2006-09-19 22:44:37.751138100,45,15,10,11,9,1
139,139,139,139,1,1,10,1159994002716,2006-10-04 20:33:22.716,2006-09-19 22:44:38.193278214,9,3,2,2,2,1
140,140,140,140,1,1,10,1159994814716,2006-10-04 20:46:54.716,2006-09-19 22:44:38.447540093,9,2,2,2,3,1
141,141,141,141,1,9,110,1159996566716,2006-10-04 21:16:06.716,2006-09-19 22:44:38.996144540,101,47,10,25,19,1
142,142,142,142,1,6,50,1159997468716,2006-10-04 21:31:08.716,2006-09-19 22:44:39.278588154,44,20,10,6,8,1
143,143,143,143,1,10,110,1160000161716,2006-10-04 22:16:01.716,2006-09-19 22:44:40.121848301,100,40,20,23,17,1
144,144,144,144,1,4,50,1160000426716,2006-10-04 22:20:26.716,2006-09-19 22:44:40.204827855,46,20,9,11,6,1
145,145,145,145,1,12,220,1160000499716,2006-10-04 22:21:39.716,2006-09-19 22:44:40.227686374,208,60,52,52,44,1
146,146,146,146,1,1,10,1160000709716,2006-10-04 22:25:09.716,2006-09-19 22:44:40.293443756,9,2,2,2,3,1
147,147,147,147,1,13,110,1160000859716,2006-10-04 22:27:39.716,2006-09-19 22:44:40.340413315,97,48,16,23,10,1
148,148,148,148,1,1,10,1160001258716,2006-10-04 22:34:18.716,2006-09-19 22:44:40.465352341,9,3,2,2,2,1
149,149,149,149,1,1,10,1160001538716,2006-10-04 22:38:58.716,2006-09-19 22:44:40.553028851,9,4,2,2,1,1
150,150,150,150,1,1,10,1160001579716,2006-10-04 22:39:39.716,2006-09-19 22:44:40.565867197,9,1,2,2,4,1
151,151,151,151,1,1,10,1160001632716,2006-10-04 22:40:32.716,2006-09-19 22:44:40.582463108,9,3,2,2,2,1
152,152,152,152,1,1,10,1160002910716,2006-10-04 23:01:50.716,2006-09-19 22:44:40.982643750,9,2,2,2,3,1
153,153,153,153,1,13,110,1160003343716,2006-10-04 23:09:03.716,2006-09-19 22:44:41.118229210,97,19,24,24,30,1
154,154,154,154,1,1,10,1160003787716,2006-10-04 23:16:27.716,2006-09-19 22:44:41.257259104,9,1,2,2,4,1
155,155,155,155,1,1,10,1160005190716,2006-10-04 23:39:50.716,2006-09-19 22:44:41.696581044,9,1,2,2,4,1
156,156,156,156,1,1,10,1160005493716,2006-10-04 23:44:53.716,2006-09-19 22:44:41.791459553,9,3,2,2,2,1
157,157,157,157,1,1,10,1160005596716,2006-10-04 23:46:36.716,2006-09-19 22:44:41.823711984,9,2,2,2,3,1
158,158,158,158,1,1,20,1160008462716,2006-10-05 00:34:22.716,2006-09-19 22:44:42.721143688,19,3,4,4,8,1
159,159,159,159,1,1,10,1160010287716,2006-10-05 01:04:47.716,2006-09-19 22:44:43.292606654,9,4,2,2,1,1
160,160,160,160,1,1,10,1160010372716,2006-10-05 01:06:12.716,2006-09-19 22:44:43.319222737,9,1,2,2,4,1
161,161,161,161,1,15,110,1160010946716,2006-10-05 01:15:46.716,2006-09-19 22:44:43.498959583,95,27,23,23,22,1
162,162,162,162,1,1,10,1160011188716,2006-10-05 01:19:48.716,2006-09-19 22:44:43.574737138,9,3,2,2,2,1
163,163,163,163,1,1,10,1160011874716,2006-10-05 01:31:14.716,2006-09-19 22:44:43.789544587,9,3,2,2,2,1
164,164,164,164,1,1,10,1160012502716,2006-10-05 01:41:42.716,2006-09-19 22:44:43.986190473,9,2,2,2,3,1
165,165,165,165,1,1,10,1160013296716,2006-10-05 01:54:56.716,2006-09-19 22:44:44.234816005,9,4,2,2,1,1
166,166,166,166,1,1,10,1160013428716,2006-10-05 01:57:08.716,2006-09-19 22:44:44.276149217,9,3,2,2,2,1
167,167,167,167,1,1,10,1160013501716,2006-10-05 01:58:21.716,2006-09-19 22:44:44.299007735,9,1,2,2,4,1
168,168,168,168,1,6,110,1160013575716,2006-10-05 01:59:35.716,2006-09-19 22:44:44.322179384,104,52,24,17,11,1
169,169,169,169,1,15,110,1160013860716,2006-10-05 02:04:20.716,2006-09-19 22:44:44.411421546,95,30,23,23,19,1
170,170,170,170,1,1,10,1160037124716,2006-10-05 08:32:04.716,2006-09-19 22:44:51.696086994,9,4,2,2,1,1
171,171,171,171,1,2,50,1160037167716,2006-10-05 08:32:47.716,2006-09-19 22:44:51.709551601,48,23,9,7,9,1
172,172,172,172,1,31,250,1160037281716,2006-10-05 08:34:41.716,2006-09-19 22:44:51.745248466,219,94,44,54,27,1
173,173,173,173,1,51,610,1160038140716,2006-10-05 08:49:00.716,2006-09-19 22:44:52.014227473,559,162,139,139,119,1
174,174,174,174,1,1,10,1160072660716,2006-10-05 18:24:20.716,2006-09-19 22:45:02.823488617,9,4,2,2,1,1
175,175,175,175,1,8,110,1160074010716,2006-10-05 18:46:50.716,2006-09-19 22:45:03.246214647,102,49,14,20,19,1
176,176,176,176,1,1,10,1160076483716,2006-10-05 19:28:03.716,2006-09-19 22:45:04.020586107,9,3,2,2,2,1
177,177,177,177,1,65,610,1160090983716,2006-10-05 23:29:43.716,2006-09-19 22:45:08.560976797,545,221,115,116,93,1
178,178,178,178,1,1,10,1160092149716,2006-10-05 23:49:09.716,2006-09-19 22:45:08.926086834,9,3,2,2,2,1
179,179,179,179,1,1,10,1160092166716,2006-10-05 23:49:26.716,2006-09-19 22:45:08.931410051,9,1,2,2,4,1
180,180,180,180,1,5,50,1160092321716,2006-10-05 23:52:01.716,2006-09-19 22:45:08.979945262,45,10,11,11,13,1
181,181,181,181,1,1,20,1160092477716,2006-10-05 23:54:37.716,2006-09-19 22:45:09.028793603,19,4,4,4,7,1
182,182,182,182,1,20,110,1160092976716,2006-10-06 00:02:56.716,2006-09-19 22:45:09.185045669,90,45,9,18,18,1
183,183,183,183,1,110,610,1160093142716,2006-10-06 00:05:42.716,2006-09-19 22:45:09.237025314,500,228,65,108,99,1
184,184,184,184,1,9,110,1160093539716,2006-10-06 00:12:19.716,2006-09-19 22:45:09.361338079,101,40,25,21,15,1
185,185,185,185,1,16,110,1160094627716,2006-10-06 00:30:27.716,2006-09-19 22:45:09.702023946,94,40,16,22,16,1
186,186,186,186,1,3,20,1160095173716,2006-10-06 00:39:33.716,2006-09-19 22:45:09.872993141,17,5,4,4,4,1
187,187,187,187,1,1,10,1160095359716,2006-10-06 00:42:39.716,2006-09-19 22:45:09.931235394,9,4,2,2,1,1
188,188,188,188,1,1,10,1160095513716,2006-10-06 00:45:13.716,2006-09-19 22:45:09.979457474,9,3,2,2,2,1
189,189,189,189,1,1,10,1160095989716,2006-10-06 00:53:09.716,2006-09-19 22:45:10.128507541,9,1,2,2,4,1
190,190,190,190,1,1,10,1160096048716,2006-10-06 00:54:08.716,2006-09-19 22:45:10.146982234,9,3,2,2,2,1
191,191,191,191,1,1,10,1160096132716,2006-10-06 00:55:32.716,2006-09-19 22:45:10.173285187,9,2,2,2,3,1
192,192,192,192,1,1,10,1160096252716,2006-10-06 00:57:32.716,2006-09-19 22:45:10.210860834,9,4,2,2,1,1
193,193,193,193,1,1,10,1160096304716,2006-10-06 00:58:24.716,2006-09-19 22:45:10.227143614,9,1,2,2,4,1
194,194,194,194,1,1,10,1160096950716,2006-10-06 01:09:10.716,2006-09-19 22:45:10.429425848,9,4,2,2,1,1
195,195,195,195,1,1,10,1160097102716,2006-10-06 01:11:42.716,2006-09-19 22:45:10.477021667,9,2,2,2,3,1
196,196,196,196,1,1,10,1160097750716,2006-10-06 01:22:30.716,2006-09-19 22:45:10.679930162,9,2,2,2,3,1
197,197,197,197,13,717,3890,1160098064716,2006-10-06 01:27:44.716,2006-09-19 22:45:10.778253105,3173,1540,716,522,395,5
198,198,198,198,1,3,20,1160098123716,2006-10-06 01:28:43.716,2006-09-19 22:45:10.796727798,17,3,4,4,6,1
199,199,199,199,1,3,20,1160098257716,2006-10-06 01:30:57.716,2006-09-19 22:45:10.838687271,17,3,4,4,6,1
200,200,200,200,1,2,20,1160098506716,2006-10-06 01:35:06.716,2006-09-19 22:45:10.916656738,18,6,4,4,4,1
201,201,201,201,13,243,3890,1160099128716,2006-10-06 01:45:28.716,2006-09-19 22:45:11.111423842,3647,915,911,911,910,5
202,202,202,202,1,15,210,1160099562716,2006-10-06 01:52:42.716,2006-09-19 22:45:11.247322433,195,44,48,48,55,1
203,203,203,203,1,1,10,1160102680716,2006-10-06 02:44:40.716,2006-09-19 22:45:12.223662996,9,4,2,2,1,1
204,204,204,204,1,1,10,1160103473716,2006-10-06 02:57:53.716,2006-09-19 22:45:12.471975397,9,1,2,2,4,1
205,205,205,205,1,1,10,1160103881716,2006-10-06 03:04:41.716,2006-09-19 22:45:12.599732597,9,3,2,2,2,1
206,206,206,206,1,1,10,1160104008716,2006-10-06 03:06:48.716,2006-09-19 22:45:12.639500157,9,4,2,2,1,1
207,207,207,207,1,1,10,1160104240716,2006-10-06 03:10:40.716,2006-09-19 22:45:12.712146408,9,4,2,2,1,1
208,208,208,208,1,1,10,1160104827716,2006-10-06 03:20:27.716,2006-09-19 22:45:12.895953948,9,3,2,2,2,1
209,209,209,209,1,1,10,1160105349716,2006-10-06 03:29:09.716,2006-09-19 22:45:13.059408013,9,4,2,2,1,1
210,210,210,210,1,1,10,1160105460716,2006-10-06 03:31:00.716,2006-09-19 22:45:13.094165487,9,3,2,2,2,1
211,211,211,211,1,1,10,1160105731716,2006-10-06 03:35:31.716,2006-09-19 22:45:13.179023823,9,2,2,2,3,1
212,212,212,212,1,1,10,1160106067716,2006-10-06 03:41:07.716,2006-09-19 22:45:13.284235635,9,3,2,2,2,1
213,213,213,213,1,1,10,1160106200716,2006-10-06 03:43:20.716,2006-09-19 22:45:13.325881977,9,3,2,2,2,1
214,214,214,214,1,1,10,1160106299716,2006-10-06 03:44:59.716,2006-09-19 22:45:13.356881886,9,3,2,2,2,1
215,215,215,215,1,1,10,1160106404716,2006-10-06 03:46:44.716,2006-09-19 22:45:13.389760577,9,4,2,2,1,1
216,216,216,216,1,1,20,1160106559716,2006-10-06 03:49:19.716,2006-09-19 22:45:13.438295788,19,9,4,3,3,1
217,217,217,217,1,3,20,1160106748716,2006-10-06 03:52:28.716,2006-09-19 22:45:13.497477432,17,3,4,4,6,1
218,218,218,218,1,2,20,1160106968716,2006-10-06 03:56:08.716,2006-09-19 22:45:13.566366119,18,9,3,4,2,1
219,219,219,219,1,72,410,1160107157716,2006-10-06 03:59:17.716,2006-09-19 22:45:13.625547763,338,67,84,84,103,1
220,220,220,220,1,23,160,1160107700716,2006-10-06 04:08:20.716,2006-09-19 22:45:13.795577566,137,37,34,34,32,1
221,221,221,221,1,55,410,1160108168716,2006-10-06 04:16:08.716,2006-09-19 22:45:13.942122589,355,162,58,81,54,1
222,222,222,222,1,9,150,1160108938716,2006-10-06 04:28:58.716,2006-09-19 22:45:14.183232991,141,50,34,34,23,1
223,223,223,223,1,15,150,1160109617716,2006-10-06 04:40:17.716,2006-09-19 22:45:14.395848528,135,61,20,30,24,1
224,224,224,224,1,13,150,1160109834716,2006-10-06 04:43:54.716,2006-09-19 22:45:14.463797823,137,42,34,34,27,1
225,225,225,225,1,12,150,1160110380716,2006-10-06 04:53:00.716,2006-09-19 22:45:14.634767017,138,52,33,29,24,1
226,226,226,226,1,37,190,1160110758716,2006-10-06 04:59:18.716,2006-09-19 22:45:14.753130306,153,31,38,38,46,1
227,227,227,227,1,22,210,1160110938716,2006-10-06 05:02:18.716,2006-09-19 22:45:14.809493776,188,37,47,47,57,1
228,228,228,228,1,75,410,1160111218716,2006-10-06 05:06:58.716,2006-09-19 22:45:14.897170286,335,114,82,76,63,1
229,229,229,229,1,59,410,1160112681716,2006-10-06 05:31:21.716,2006-09-19 22:45:15.355280050,351,106,87,87,71,1
230,230,230,230,1,27,160,1160113329716,2006-10-06 05:42:09.716,2006-09-19 22:45:15.558188544,133,57,25,33,18,1
231,231,231,231,1,23,190,1160113812716,2006-10-06 05:50:12.716,2006-09-19 22:45:15.709430524,167,67,28,41,31,1
232,232,232,232,1,28,210,1160114155716,2006-10-06 05:55:55.716,2006-09-19 22:45:15.816834248,182,55,45,45,37,1
233,233,233,233,1,50,410,1160114585716,2006-10-06 06:03:05.716,2006-09-19 22:45:15.951480317,360,95,90,90,85,1
234,234,234,234,1,1,10,1160115231716,2006-10-06 06:13:51.716,2006-09-19 22:45:16.153762551,9,2,2,2,3,1
235,235,235,235,1,3,20,1160115653716,2006-10-06 06:20:53.716,2006-09-19 22:45:16.285903576,17,3,4,4,6,1
236,236,236,236,1,1,20,1160116304716,2006-10-06 06:31:44.716,2006-09-19 22:45:16.489751462,19,6,4,4,5,1
237,237,237,237,1,1,20,1160116820716,2006-10-06 06:40:20.716,2006-09-19 22:45:16.651326744,19,5,4,4,6,1
238,238,238,238,1,2,20,1160117209716,2006-10-06 06:46:49.716,2006-09-19 22:45:16.773134467,18,3,4,4,7,1
239,239,239,239,1,1,20,1160117378716,2006-10-06 06:49:38.716,2006-09-19 22:45:16.826053503,19,6,4,4,5,1
240,240,240,240,1,3,20,1160117549716,2006-10-06 06:52:29.716,2006-09-19 22:45:16.879598800,17,8,3,3,3,1
241,241,241,241,1,79,410,1160117928716,2006-10-06 06:58:48.716,2006-09-19 22:45:16.998275219,331,154,63,72,42,1
242,242,242,242,1,76,410,1160119125716,2006-10-06 07:18:45.716,2006-09-19 22:45:17.373092299,334,158,44,79,53,1
243,243,243,243,1,24,230,1160119764716,2006-10-06 07:29:24.716,2006-09-19 22:45:17.573182619,206,58,51,51,46,1
244,244,244,244,1,15,290,1160120136716,2006-10-06 07:35:36.716,2006-09-19 22:45:17.689667125,275,120,66,49,40,1
245,245,245,245,1,54,290,1160121510716,2006-10-06 07:58:30.716,2006-09-19 22:45:18.119908284,236,107,58,56,15,1
246,246,246,246,1,1,10,1160122155716,2006-10-06 08:09:15.716,2006-09-19 22:45:18.321877387,9,4,2,2,1,1
247,247,247,247,1,3,20,1160122419716,2006-10-06 08:13:39.716,2006-09-19 22:45:18.404543811,17,3,4,4,6,1
248,248,248,248,1,3,20,1160122823716,2006-10-06 08:20:23.716,2006-09-19 22:45:18.531048489,17,8,2,4,3,1
249,249,249,249,1,51,290,1160123284716,2006-10-06 08:28:04.716,2006-09-19 22:45:18.675401600,239,94,58,47,40,1
250,250,250,250,1,1,20,1160124360716,2006-10-06 08:46:00.716,2006-09-19 22:45:19.012329903,19,9,3,4,3,1
251,251,251,251,1,2,20,1160126579716,2006-10-06 09:22:59.716,2006-09-19 22:45:19.707166243,18,3,4,4,7,1
252,252,252,252,1,1,10,1160127821716,2006-10-06 09:43:41.716,2006-09-19 22:45:20.096074191,9,4,2,2,1,1
253,253,253,253,1,1,20,1160129300716,2006-10-06 10:08:20.716,2006-09-19 22:45:20.559194041,19,3,4,4,8,1
254,254,254,254,1,1,10,1160155780716,2006-10-06 17:29:40.716,2006-09-19 22:45:28.850886831,9,4,2,2,1,1
255,255,255,255,1,54,410,1160156126716,2006-10-06 17:35:26.716,2006-09-19 22:45:28.959229946,356,146,71,89,50,1
256,256,256,256,3,85,450,1160156542716,2006-10-06 17:42:22.716,2006-09-19 22:45:29.089492190,365,182,48,67,68,1
257,257,257,257,1,63,410,1160159776716,2006-10-06 18:36:16.716,2006-09-19 22:45:30.102155879,347,170,72,43,62,1
258,258,258,258,1,1,10,1160162032716,2006-10-06 19:13:52.716,2006-09-19 22:45:30.808578044,9,3,2,2,2,1
259,259,259,259,1,3,50,1160162120716,2006-10-06 19:15:20.716,2006-09-19 22:45:30.836133518,47,19,9,10,9,1
260,260,260,260,1,7,50,1160163130716,2006-10-06 19:32:10.716,2006-09-19 22:45:31.152395215,43,21,4,10,8,1
261,261,261,261,1,21,110,1160163754716,2006-10-06 19:42:34.716,2006-09-19 22:45:31.347788579,89,44,20,8,17,1
262,262,262,262,1,7,110,1160164654716,2006-10-06 19:57:34.716,2006-09-19 22:45:31.629605933,103,24,25,25,29,1
263,263,263,263,1,52,410,1160164797716,2006-10-06 19:59:57.716,2006-09-19 22:45:31.674383579,358,131,82,76,69,1
264,264,264,264,1,19,110,1160165733716,2006-10-06 20:15:33.716,2006-09-19 22:45:31.967473626,91,21,22,22,26,1
265,265,265,265,1,17,110,1160166663716,2006-10-06 20:31:03.716,2006-09-19 22:45:32.258684891,93,20,23,23,27,1
266,266,266,266,1,1,10,1160167496716,2006-10-06 20:44:56.716,2006-09-19 22:45:32.519522508,9,4,2,2,1,1
267,267,267,267,11,245,1580,1160167552716,2006-10-06 20:45:52.716,2006-09-19 22:45:32.537057810,1335,315,333,333,354,4
268,268,268,268,13,202,1950,1160170943716,2006-10-06 21:42:23.716,2006-09-19 22:45:33.598882970,1748,860,118,432,338,5
269,269,269,269,1,33,360,1160173176716,2006-10-06 22:19:36.716,2006-09-19 22:45:34.298103136,327,156,54,80,37,1
270,270,270,270,1,3,20,1160173653716,2006-10-06 22:27:33.716,2006-09-19 22:45:34.447466333,17,8,2,4,3,1
271,271,271,271,7,295,1720,1160173950716,2006-10-06 22:32:30.716,2006-09-19 22:45:34.540466060,1425,290,356,356,423,2
272,272,272,272,1,73,410,1160175148716,2006-10-06 22:52:28.716,2006-09-19 22:45:34.915596270,337,165,80,65,27,1
273,273,273,273,1,179,960,1160180502716,2006-10-07 00:21:42.716,2006-09-19 22:45:36.592096391,781,192,195,195,199,1
274,274,274,274,1,243,1920,1160182806716,2006-10-07 01:00:06.716,2006-09-19 22:45:37.313548815,1677,614,401,372,290,1
275,275,275,275,1,62,500,1160187064716,2006-10-07 02:11:04.716,2006-09-19 22:45:38.646858025,438,181,95,107,55,1
276,276,276,276,1,10,60,1160188424716,2006-10-07 02:33:44.716,2006-09-19 22:45:39.072715359,50,13,12,12,13,1
277,277,277,277,1,42,290,1160188739716,2006-10-07 02:38:59.716,2006-09-19 22:45:39.171351433,248,111,46,42,49,1
278,278,278,278,1,32,210,1160189632716,2006-10-07 02:53:52.716,2006-09-19 22:45:39.450976873,178,37,44,44,53,1
279,279,279,279,1,35,210,1160190209716,2006-10-07 03:03:29.716,2006-09-19 22:45:39.631653109,175,52,43,43,37,1
280,280,280,280,3,368,2010,1160190891716,2006-10-07 03:14:51.716,2006-09-19 22:45:39.845208037,1642,608,401,399,234,1
281,281,281,281,1,2,20,1160204698716,2006-10-07 07:04:58.716,2006-09-19 22:45:44.168599364,18,8,4,3,3,1
282,282,282,282,3,213,2010,1160253070716,2006-10-07 20:31:10.716,2006-09-19 22:45:59.315342704,1797,646,389,424,338,1
283,283,283,283,3,128,2010,1160288100716,2006-10-08 06:15:00.716,2006-09-19 22:46:10.284300349,1882,530,470,470,412,1
284,284,284,284,1,16,120,1160289622716,2006-10-08 06:40:22.716,2006-09-19 22:46:10.760884806,104,21,26,26,31,1
285,285,285,285,1,1,10,1160290286716,2006-10-08 06:51:26.716,2006-09-19 22:46:10.968803386,9,2,2,2,3,1
286,286,286,286,1,1,10,1160291204716,2006-10-08 07:06:44.716,2006-09-19 22:46:11.256257087,9,1,2,2,4,1
287,287,287,287,1,1,10,1160291464716,2006-10-08 07:11:04.716,2006-09-19 22:46:11.337670989,9,4,2,2,1,1
288,288,288,288,1,26,290,1160291968716,2006-10-08 07:19:28.716,2006-09-19 22:46:11.495488706,264,84,62,66,52,1
289,289,289,289,1,40,290,1160295185716,2006-10-08 08:13:05.716,2006-09-19 22:46:12.502829179,250,92,61,53,44,1
290,290,290,290,1,1,10,1160296680716,2006-10-08 08:38:00.716,2006-09-19 22:46:12.970959115,9,1,2,2,4,1
291,291,291,291,3,31,570,1160332719716,2006-10-08 18:38:39.716,2006-09-19 22:46:24.255865326,539,132,134,134,139,1
292,292,292,292,3,185,1070,1160336662716,2006-10-08 19:44:22.716,2006-09-19 22:46:25.490538463,885,189,221,221,254,1
293,293,293,293,3,111,1070,1160337647716,2006-10-08 20:00:47.716,2006-09-19 22:46:25.798971899,959,226,239,239,255,1
294,294,294,294,3,73,1070,1160338500716,2006-10-08 20:15:00.716,2006-09-19 22:46:26.066072124,997,371,197,230,199,1
295,295,295,295,3,137,1070,1160339298716,2006-10-08 20:28:18.716,2006-09-19 22:46:26.315950177,933,449,208,231,45,1
296,296,296,296,3,177,1070,1160340114716,2006-10-08 20:41:54.716,2006-09-19 22:46:26.571464577,893,320,199,197,177,1
297,297,297,297,1,1,10,1160343404716,2006-10-08 21:36:44.716,2006-09-19 22:46:27.601663568,9,2,2,2,3,1
298,298,298,298,1,1,10,1160379403716,2006-10-09 07:36:43.716,2006-09-19 22:46:38.874044563,9,4,2,2,1,1
299,299,299,299,1,1,10,1160380729716,2006-10-09 07:58:49.716,2006-09-19 22:46:39.289255463,9,3,2,2,2,1
300,300,300,300,3,61,1070,1160405749716,2006-10-09 14:55:49.716,2006-09-19 22:46:47.123777880,1009,251,252,252,254,1
301,301,301,301,3,138,1070,1160407400716,2006-10-09 15:23:20.716,2006-09-19 22:46:47.640756158,932,338,232,197,165,1
302,302,302,302,3,140,1070,1160409032716,2006-10-09 15:50:32.716,2006-09-19 22:46:48.151784958,930,243,232,232,223,1
303,303,303,303,1,1,10,1160410267716,2006-10-09 16:11:07.716,2006-09-19 22:46:48.538500993,9,2,2,2,3,1
304,304,304,304,3,170,1070,1160410449716,2006-10-09 16:14:09.716,2006-09-19 22:46:48.595490724,900,359,177,189,175,1
305,305,305,305,1,1,10,1160411548716,2006-10-09 16:32:28.716,2006-09-19 22:46:48.939621025,9,3,2,2,2,1
306,306,306,306,3,67,530,1160412172716,2006-10-09 16:42:52.716,2006-09-19 22:46:49.135014390,463,145,113,113,92,1
307,307,307,307,1,1,10,1160412742716,2006-10-09 16:52:22.716,2006-09-19 22:46:49.313498714,9,1,2,2,4,1
308,308,308,308,3,340,2010,1160414343716,2006-10-09 17:19:03.716,2006-09-19 22:46:49.814820472,1670,597,374,408,291,1
309,309,309,309,3,61,680,1160414933716,2006-10-09 17:28:53.716,2006-09-19 22:46:49.999567404,619,230,116,153,120,1
310,310,310,310,1,1,10,1160415212716,2006-10-09 17:33:32.716,2006-09-19 22:46:50.086930783,9,2,2,2,3,1
311,311,311,311,3,71,1160,1160415475716,2006-10-09 17:37:55.716,2006-09-19 22:46:50.169284076,1089,263,272,272,282,1
312,312,312,312,1,1,10,1160415805716,2006-10-09 17:43:25.716,2006-09-19 22:46:50.272617106,9,3,2,2,2,1
313,313,313,313,13,756,3890,1160415952716,2006-10-09 17:45:52.716,2006-09-19 22:46:50.318647273,3134,1448,700,667,319,5
314,314,314,314,1,1,10,1160417601716,2006-10-09 18:13:21.716,2006-09-19 22:46:50.834999290,9,4,2,2,1,1
315,315,315,315,13,600,3890,1160418191716,2006-10-09 18:23:11.716,2006-09-19 22:46:51.019746222,3290,926,822,822,720,5
316,316,316,316,1,3,30,1160419360716,2006-10-09 18:42:40.716,2006-09-19 22:46:51.385795651,27,6,6,6,9,1
317,317,317,317,13,295,3890,1160419587716,2006-10-09 18:46:27.716,2006-09-19 22:46:51.456876250,3595,1354,729,822,690,5
318,318,318,318,13,271,3690,1160420993716,2006-10-09 19:09:53.716,2006-09-19 22:46:51.897137581,3419,1339,662,797,621,5
319,319,319,319,1,2,30,1160421255716,2006-10-09 19:14:15.716,2006-09-19 22:46:51.979177744,28,7,7,7,7,1
320,320,320,320,1,3,30,1160421846716,2006-10-09 19:24:06.716,2006-09-19 22:46:52.164237806,27,11,6,5,5,1
321,321,321,321,1,4,30,1160422842716,2006-10-09 19:40:42.716,2006-09-19 22:46:52.476115677,26,9,6,6,5,1
322,322,322,322,1,4,30,1160423305716,2006-10-09 19:48:25.716,2006-09-19 22:46:52.621095048,26,11,6,4,5,1
323,323,323,323,1,1,20,1160424247716,2006-10-09 20:04:07.716,2006-09-19 22:46:52.916063878,19,6,4,4,5,1
324,324,324,324,13,529,2740,1160424554716,2006-10-09 20:09:14.716,2006-09-19 22:46:53.012194909,2211,1082,192,552,385,5
325,325,325,325,1,1,10,1160424605716,2006-10-09 20:10:05.716,2006-09-19 22:46:53.028164559,9,1,2,2,4,1
326,326,326,326,1,3,30,1160425084716,2006-10-09 20:18:04.716,2006-09-19 22:46:53.178154017,27,6,6,6,9,1
327,327,327,327,1,4,30,1160425472716,2006-10-09 20:24:32.716,2006-09-19 22:46:53.299648609,26,10,6,5,5,1
328,328,328,328,1,3,30,1160426001716,2006-10-09 20:33:21.716,2006-09-19 22:46:53.465294586,27,12,4,6,5,1
329,329,329,329,1,1,10,1160427404716,2006-10-09 20:56:44.716,2006-09-19 22:46:53.904616527,9,1,2,2,4,1
330,330,330,330,1,3,30,1160427821716,2006-10-09 21:03:41.716,2006-09-19 22:46:54.035191900,27,5,6,6,10,1
331,331,331,331,1,4,30,1160428320716,2006-10-09 21:12:00.716,2006-09-19 22:46:54.191443966,26,11,6,4,5,1
332,332,332,332,3,104,2010,1160432357716,2006-10-09 22:19:17.716,2006-09-19 22:46:55.455551360,1906,627,424,475,380,1
333,333,333,333,3,67,1000,1160432986716,2006-10-09 22:29:46.716,2006-09-19 22:46:55.652510377,933,329,221,218,165,1
334,334,334,334,3,114,2010,1160433404716,2006-10-09 22:36:44.716,2006-09-19 22:46:55.783398881,1896,663,457,465,311,1
335,335,335,335,3,112,2010,1160434258716,2006-10-09 22:50:58.716,2006-09-19 22:46:56.050812236,1898,425,474,474,525,1
336,336,336,336,3,358,2010,1160435002716,2006-10-09 23:03:22.716,2006-09-19 22:46:56.283781248,1652,826,176,381,269,1
337,337,337,337,3,312,2010,1160435777716,2006-10-09 23:16:17.716,2006-09-19 22:46:56.526457302,1698,838,300,364,196,1
338,338,338,338,3,152,1260,1160441432716,2006-10-10 00:50:32.716,2006-09-19 22:46:58.297209671,1108,438,261,235,174,1
339,339,339,339,3,49,770,1160442025716,2006-10-10 01:00:25.716,2006-09-19 22:46:58.482895994,721,228,175,177,141,1
340,340,340,340,1,3,30,1160444789716,2006-10-10 01:46:29.716,2006-09-19 22:46:59.348388398,27,5,6,6,10,1
341,341,341,341,1,7,60,1160445559716,2006-10-10 01:59:19.716,2006-09-19 22:46:59.589498800,53,14,13,13,13,1
342,342,342,342,1,4,60,1160446551716,2006-10-10 02:15:51.716,2006-09-19 22:46:59.900124149,56,20,12,13,11,1
343,343,343,343,1,28,250,1160448630716,2006-10-10 02:50:30.716,2006-09-19 22:47:00.551122235,222,77,49,54,42,1
344,344,344,344,1,1,10,1160450804716,2006-10-10 03:26:44.716,2006-09-19 22:47:01.231867708,9,2,2,2,3,1
345,345,345,345,1,37,260,1160453851716,2006-10-10 04:17:31.716,2006-09-19 22:47:02.185976014,223,62,55,55,51,1
346,346,346,346,1,56,390,1160505600716,2006-10-10 18:40:00.716,2006-09-19 22:47:18.390160688,334,123,62,83,66,1
347,347,347,347,1,22,390,1160506601716,2006-10-10 18:56:41.716,2006-09-19 22:47:18.703604211,368,141,74,83,70,1
348,348,348,348,1,1,10,1160511210716,2006-10-10 20:13:30.716,2006-09-19 22:47:20.146822189,9,4,2,2,1,1
349,349,349,349,1,1,10,1160511491716,2006-10-10 20:18:11.716,2006-09-19 22:47:20.234811830,9,4,2,2,1,1
350,350,350,350,1,48,390,1160511558716,2006-10-10 20:19:18.716,2006-09-19 22:47:20.255791566,342,147,43,84,68,1
351,351,351,351,1,69,390,1160512096716,2006-10-10 20:28:16.716,2006-09-19 22:47:20.424255717,321,155,53,75,38,1
352,352,352,352,1,59,400,1160512657716,2006-10-10 20:37:37.716,2006-09-19 22:47:20.599921867,341,151,60,73,57,1
353,353,353,353,1,29,390,1160513725716,2006-10-10 20:55:25.716,2006-09-19 22:47:20.934345126,361,121,80,88,72,1
354,354,354,354,1,23,390,1160514798716,2006-10-10 21:13:18.716,2006-09-19 22:47:21.270334037,367,105,91,91,80,1
355,355,355,355,1,8,60,1160515619716,2006-10-10 21:26:59.716,2006-09-19 22:47:21.527414089,52,20,13,12,7,1
356,356,356,356,1,21,390,1160516228716,2006-10-10 21:37:08.716,2006-09-19 22:47:21.718110498,369,139,65,92,73,1
357,357,357,357,1,53,390,1160517446716,2006-10-10 21:57:26.716,2006-09-19 22:47:22.099503316,337,99,84,84,70,1
358,358,358,358,1,63,330,1160520282716,2006-10-10 22:44:42.716,2006-09-19 22:47:22.987541109,267,92,65,58,52,1
359,359,359,359,8,222,1630,1160520725716,2006-10-10 22:52:05.716,2006-09-19 22:47:23.126257873,1408,533,276,340,259,2
360,360,360,360,1,2,20,1160522627716,2006-10-10 23:23:47.716,2006-09-19 22:47:23.721831879,18,3,4,4,7,1
361,361,361,361,1,2,20,1160523081716,2006-10-10 23:31:21.716,2006-09-19 22:47:23.863993077,18,4,4,4,6,1
362,362,362,362,1,2,20,1160524063716,2006-10-10 23:47:43.716,2006-09-19 22:47:24.171487123,18,7,4,4,3,1
363,363,363,363,1,1,10,1160524321716,2006-10-10 23:52:01.716,2006-09-19 22:47:24.252274764,9,2,2,2,3,1
364,364,364,364,1,32,170,1160526791716,2006-10-11 00:33:11.716,2006-09-19 22:47:25.025706833,138,36,34,34,34,1
365,365,365,365,4,70,650,1160532163716,2006-10-11 02:02:43.716,2006-09-19 22:47:26.707843301,580,205,143,117,115,1
366,366,366,366,1,1,10,1160599378716,2006-10-11 20:42:58.716,2006-09-19 22:47:47.754902624,9,3,2,2,2,1
367,367,367,367,1,3,20,1160599649716,2006-10-11 20:47:29.716,2006-09-19 22:47:47.839760960,17,3,4,4,6,1
368,368,368,368,1,1,10,1160608057716,2006-10-11 23:07:37.716,2006-09-19 22:47:50.472561299,9,3,2,2,2,1
369,369,369,369,1,1,10,1160608703716,2006-10-11 23:18:23.716,2006-09-19 22:47:50.674843532,9,4,2,2,1,1
370,370,370,370,1,1,10,1160608904716,2006-10-11 23:21:44.716,2006-09-19 22:47:50.737782741,9,2,2,2,3,1
371,371,371,371,1,1,10,1160608991716,2006-10-11 23:23:11.716,2006-09-19 22:47:50.765025085,9,1,2,2,4,1
372,372,372,372,1,1,10,1160609080716,2006-10-11 23:24:40.716,2006-09-19 22:47:50.792893690,9,2,2,2,3,1
373,373,373,373,1,1,10,1160610343716,2006-10-11 23:45:43.716,2006-09-19 22:47:51.188377376,9,1,2,2,4,1
374,374,374,374,1,1,10,1160613995716,2006-10-12 00:46:35.716,2006-09-19 22:47:52.331929569,9,3,2,2,2,1
375,375,375,375,1,1,10,1160614349716,2006-10-12 00:52:29.716,2006-09-19 22:47:52.442777728,9,1,2,2,4,1
376,376,376,376,1,1,10,1160614533716,2006-10-12 00:55:33.716,2006-09-19 22:47:52.500393720,9,4,2,2,1,1
377,377,377,377,1,1,10,1160614766716,2006-10-12 00:59:26.716,2006-09-19 22:47:52.573353101,9,4,2,2,1,1
378,378,378,378,1,1,10,1160614844716,2006-10-12 01:00:44.716,2006-09-19 22:47:52.597777272,9,1,2,2,4,1
379,379,379,379,1,1,10,1160615095716,2006-10-12 01:04:55.716,2006-09-19 22:47:52.676373000,9,1,2,2,4,1
380,380,380,380,1,1,10,1160615162716,2006-10-12 01:06:02.716,2006-09-19 22:47:52.697352737,9,1,2,2,4,1
381,381,381,381,1,1,10,1160615322716,2006-10-12 01:08:42.716,2006-09-19 22:47:52.747453599,9,1,2,2,4,1
382,382,382,382,1,14,100,1160616109716,2006-10-12 01:21:49.716,2006-09-19 22:47:52.993887218,86,20,21,21,24,1
383,383,383,383,1,18,100,1160616683716,2006-10-12 01:31:23.716,2006-09-19 22:47:53.173624064,82,25,20,20,17,1
384,384,384,384,1,8,50,1160618184716,2006-10-12 01:56:24.716,2006-09-19 22:47:53.643632782,42,12,10,10,10,1
385,385,385,385,1,35,210,1160618595716,2006-10-12 02:03:15.716,2006-09-19 22:47:53.772329374,175,43,43,43,46,1
386,386,386,386,1,74,810,1160619887716,2006-10-12 02:24:47.716,2006-09-19 22:47:54.176893841,736,298,170,155,113,1
387,387,387,387,1,1,10,1160625331716,2006-10-12 03:55:31.716,2006-09-19 22:47:55.881575697,9,1,2,2,4,1
388,388,388,388,7,330,2030,1160625442716,2006-10-12 03:57:22.716,2006-09-19 22:47:55.916333170,1700,438,425,425,412,2
389,389,389,389,1,1,10,1160675376716,2006-10-12 17:49:36.716,2006-09-19 22:48:11.552186183,9,4,2,2,1,1
390,390,390,390,1,1,10,1160676626716,2006-10-12 18:10:26.716,2006-09-19 22:48:11.943599173,9,4,2,2,1,1
391,391,391,391,7,117,1050,1160680298716,2006-10-12 19:11:38.716,2006-09-19 22:48:13.093413974,933,281,233,233,186,2
392,392,392,392,1,11,110,1160681759716,2006-10-12 19:35:59.716,2006-09-19 22:48:13.550897477,99,42,20,23,14,1
393,393,393,393,1,24,150,1160684477716,2006-10-12 20:21:17.716,2006-09-19 22:48:14.401985884,126,56,18,30,22,1
394,394,394,394,1,15,150,1160684880716,2006-10-12 20:28:00.716,2006-09-19 22:48:14.528177432,135,39,33,33,30,1
395,395,395,395,1,3,20,1160684871716,2006-10-12 20:27:51.716,2006-09-19 22:48:14.525359258,17,3,4,4,6,1
396,396,396,396,1,48,270,1160685235716,2006-10-12 20:33:55.716,2006-09-19 22:48:14.639338721,222,73,50,55,44,1
397,397,397,397,1,30,270,1160694404716,2006-10-12 23:06:44.716,2006-09-19 22:48:17.510431289,240,109,42,56,33,1
398,398,398,398,1,4,30,1160698997716,2006-10-13 00:23:17.716,2006-09-19 22:48:18.948639181,26,13,6,4,3,1
399,399,399,399,1,44,270,1160699258716,2006-10-13 00:27:38.716,2006-09-19 22:48:19.030366213,226,63,56,56,51,1
400,400,400,400,1,1,10,1160700166716,2006-10-13 00:42:46.716,2006-09-19 22:48:19.314688609,9,1,2,2,4,1
401,401,401,401,1,50,270,1160700274716,2006-10-13 00:44:34.716,2006-09-19 22:48:19.348506692,220,55,55,55,55,1
402,402,402,402,1,33,270,1160701073716,2006-10-13 00:57:53.716,2006-09-19 22:48:19.598697875,237,107,42,52,36,1
403,403,403,403,7,353,2030,1160702620716,2006-10-13 01:23:40.716,2006-09-19 22:48:20.083110592,1677,599,394,376,308,2
404,404,404,404,1,1,10,1160707294716,2006-10-13 02:41:34.716,2006-09-19 22:48:21.546682046,9,2,2,2,3,1
405,405,405,405,1,49,270,1160707372716,2006-10-13 02:42:52.716,2006-09-19 22:48:21.571106217,221,95,45,51,30,1
406,406,406,406,1,29,270,1160710721716,2006-10-13 03:38:41.716,2006-09-19 22:48:22.619779901,241,63,60,60,58,1
407,407,407,407,1,13,270,1160711315716,2006-10-13 03:48:35.716,2006-09-19 22:48:22.805779354,257,119,57,41,40,1
408,408,408,408,1,20,110,1160717669716,2006-10-13 05:34:29.716,2006-09-19 22:48:24.795409867,90,42,11,21,16,1
409,409,409,409,1,7,110,1160719023716,2006-10-13 05:57:03.716,2006-09-19 22:48:25.219388418,103,40,21,22,20,1
410,410,410,410,1,4,50,1160719726716,2006-10-13 06:08:46.716,2006-09-19 22:48:25.439519084,46,15,11,11,9,1
411,411,411,411,1,9,50,1160720586716,2006-10-13 06:23:06.716,2006-09-19 22:48:25.708811222,41,16,9,8,8,1
412,412,412,412,1,9,50,1160721051716,2006-10-13 06:30:51.716,2006-09-19 22:48:25.854416854,41,12,10,10,9,1
413,413,413,413,1,6,50,1160721836716,2006-10-13 06:43:56.716,2006-09-19 22:48:26.100224212,44,17,9,10,8,1
414,414,414,414,1,1,10,1160764878716,2006-10-13 18:41:18.716,2006-09-19 22:48:39.577982560,9,2,2,2,3,1
415,415,415,415,1,1,10,1160765238716,2006-10-13 18:47:18.716,2006-09-19 22:48:39.690709501,9,3,2,2,2,1
416,416,416,416,1,1,10,1160765352716,2006-10-13 18:49:12.716,2006-09-19 22:48:39.726406366,9,2,2,2,3,1
417,417,417,417,1,1,10,1160765407716,2006-10-13 18:50:07.716,2006-09-19 22:48:39.743628538,9,1,2,2,4,1
418,418,418,418,1,1,10,1160765646716,2006-10-13 18:54:06.716,2006-09-19 22:48:39.818466702,9,3,2,2,2,1
419,419,419,419,1,3,20,1160768491716,2006-10-13 19:41:31.716,2006-09-19 22:48:40.709322668,17,7,3,4,3,1
420,420,420,420,1,1,10,1160770930716,2006-10-13 20:22:10.716,2006-09-19 22:48:41.473047695,9,3,2,2,2,1
421,421,421,421,1,1,10,1160776859716,2006-10-13 22:00:59.716,2006-09-19 22:48:43.329597791,9,2,2,2,3,1
422,422,422,422,1,1,20,1160777410716,2006-10-13 22:10:10.716,2006-09-19 22:48:43.502132637,19,9,4,3,3,1
423,423,423,423,1,2,20,1160777687716,2006-10-13 22:14:47.716,2006-09-19 22:48:43.588869756,18,4,4,4,6,1
424,424,424,424,1,1,20,1160778603716,2006-10-13 22:30:03.716,2006-09-19 22:48:43.875697195,19,4,4,4,7,1
425,425,425,425,1,2,20,1160779309716,2006-10-13 22:41:49.716,2006-09-19 22:48:44.096767252,18,6,4,4,4,1
426,426,426,426,1,1,10,1160779857716,2006-10-13 22:50:57.716,2006-09-19 22:48:44.268362707,9,1,2,2,4,1
427,427,427,427,1,3,20,1160780378716,2006-10-13 22:59:38.716,2006-09-19 22:48:44.431503642,17,7,4,3,3,1
428,428,428,428,1,2,20,1160780952716,2006-10-13 23:09:12.716,2006-09-19 22:48:44.611240487,18,8,3,4,3,1
429,429,429,429,1,1,20,1160781339716,2006-10-13 23:15:39.716,2006-09-19 22:48:44.732421949,19,4,4,4,7,1
430,430,430,430,1,10,150,1160781820716,2006-10-13 23:23:40.716,2006-09-19 22:48:44.883037668,140,36,35,35,34,1
431,431,431,431,1,1,10,1160782152716,2006-10-13 23:29:12.716,2006-09-19 22:48:44.986996958,9,2,2,2,3,1
432,432,432,432,1,4,30,1160782289716,2006-10-13 23:31:29.716,2006-09-19 22:48:45.029895822,26,6,6,6,8,1
433,433,433,433,1,1,10,1160782960716,2006-10-13 23:42:40.716,2006-09-19 22:48:45.240006315,9,1,2,2,4,1
434,434,434,434,1,1,10,1160783195716,2006-10-13 23:46:35.716,2006-09-19 22:48:45.313591957,9,1,2,2,4,1
435,435,435,435,1,1,10,1160783261716,2006-10-13 23:47:41.716,2006-09-19 22:48:45.334258563,9,1,2,2,4,1
436,436,436,436,1,9,150,1160783937716,2006-10-13 23:58:57.716,2006-09-19 22:48:45.545934708,141,65,31,24,21,1
437,437,437,437,1,17,100,1160784085716,2006-10-14 00:01:25.716,2006-09-19 22:48:45.592278006,83,31,20,16,16,1
438,438,438,438,1,42,270,1160784302716,2006-10-14 00:05:02.716,2006-09-19 22:48:45.660227302,228,61,57,57,53,1
439,439,439,439,1,1,20,1160785600716,2006-10-14 00:26:40.716,2006-09-19 22:48:46.066670551,19,9,3,4,3,1
440,440,440,440,1,5,90,1160786396716,2006-10-14 00:39:56.716,2006-09-19 22:48:46.315922343,85,41,18,12,14,1
441,441,441,441,1,53,270,1160786741716,2006-10-14 00:45:41.716,2006-09-19 22:48:46.423952329,217,78,47,52,40,1
442,442,442,442,1,1,10,1160787124716,2006-10-14 00:52:04.716,2006-09-19 22:48:46.543881269,9,3,2,2,2,1
443,443,443,443,1,1,10,1160787244716,2006-10-14 00:54:04.716,2006-09-19 22:48:46.581456916,9,3,2,2,2,1
444,444,444,444,1,1,10,1160787452716,2006-10-14 00:57:32.716,2006-09-19 22:48:46.646588038,9,1,2,2,4,1
445,445,445,445,1,1,10,1160787622716,2006-10-14 01:00:22.716,2006-09-19 22:48:46.699820204,9,4,2,2,1,1
446,446,446,446,1,1,10,1160787661716,2006-10-14 01:01:01.716,2006-09-19 22:48:46.712032290,9,2,2,2,3,1
447,447,447,447,1,1,10,1160787788716,2006-10-14 01:03:08.716,2006-09-19 22:48:46.751799849,9,3,2,2,2,1
448,448,448,448,1,1,10,1160787872716,2006-10-14 01:04:32.716,2006-09-19 22:48:46.778102802,9,3,2,2,2,1
449,449,449,449,1,1,10,1160788188716,2006-10-14 01:09:48.716,2006-09-19 22:48:46.877052006,9,2,2,2,3,1
450,450,450,450,1,3,20,1160788487716,2006-10-14 01:14:47.716,2006-09-19 22:48:46.970677994,17,4,4,4,5,1
451,451,451,451,1,1,10,1160788792716,2006-10-14 01:19:52.716,2006-09-19 22:48:47.066182763,9,3,2,2,2,1
452,452,452,452,1,1,10,1160788914716,2006-10-14 01:21:54.716,2006-09-19 22:48:47.104384671,9,3,2,2,2,1
453,453,453,453,1,5,30,1160789577716,2006-10-14 01:32:57.716,2006-09-19 22:48:47.311990121,25,10,6,4,5,1
454,454,454,454,1,2,30,1160790273716,2006-10-14 01:44:33.716,2006-09-19 22:48:47.529928874,28,6,7,7,8,1
455,455,455,455,1,2,20,1160790516716,2006-10-14 01:48:36.716,2006-09-19 22:48:47.606019560,18,6,4,4,4,1
456,456,456,456,1,1,20,1160790752716,2006-10-14 01:52:32.716,2006-09-19 22:48:47.679918332,19,8,4,4,3,1
457,457,457,457,1,3,30,1160791012716,2006-10-14 01:56:52.716,2006-09-19 22:48:47.761332234,27,8,6,6,7,1
458,458,458,458,1,1,30,1160791657716,2006-10-14 02:07:37.716,2006-09-19 22:48:47.963301337,29,12,5,7,5,1
459,459,459,459,1,2,30,1160792005716,2006-10-14 02:13:25.716,2006-09-19 22:48:48.072270714,28,13,3,7,5,1
460,460,460,460,1,2,30,1160792348716,2006-10-14 02:19:08.716,2006-09-19 22:48:48.179674439,28,7,7,7,7,1
461,461,461,461,1,4,30,1160792487716,2006-10-14 02:21:27.716,2006-09-19 22:48:48.223199563,26,13,5,3,5,1
462,462,462,462,1,4,30,1160793020716,2006-10-14 02:30:20.716,2006-09-19 22:48:48.390098062,26,13,2,6,5,1
463,463,463,463,1,1,10,1160797621716,2006-10-14 03:47:01.716,2006-09-19 22:48:49.830810997,9,2,2,2,3,1
464,464,464,464,1,5,30,1160797762716,2006-10-14 03:49:22.716,2006-09-19 22:48:49.874962383,25,9,6,6,4,1
465,465,465,465,1,3,30,1160799473716,2006-10-14 04:17:53.716,2006-09-19 22:48:50.410728484,27,9,6,6,6,1
466,466,466,466,1,25,270,1160945639716,2006-10-15 20:53:59.716,2006-09-19 22:49:36.179745415,245,84,53,61,47,1
467,467,467,467,1,48,270,1160948763716,2006-10-15 21:46:03.716,2006-09-19 22:49:37.157964761,222,63,55,55,49,1
468,468,468,468,1,22,270,1160962020716,2006-10-16 01:27:00.716,2006-09-19 22:49:41.309134372,248,105,49,59,35,1
469,469,469,469,1,1,10,1160963082716,2006-10-16 01:44:42.716,2006-09-19 22:49:41.641678849,9,1,2,2,4,1
470,470,470,470,1,1,10,1160966177716,2006-10-16 02:36:17.716,2006-09-19 22:49:42.610817413,9,1,2,2,4,1
471,471,471,471,1,1,10,1160967327716,2006-10-16 02:55:27.716,2006-09-19 22:49:42.970917364,9,2,2,2,3,1
472,472,472,472,1,1,10,1160967480716,2006-10-16 02:58:00.716,2006-09-19 22:49:43.018826314,9,3,2,2,2,1
473,473,473,473,1,49,270,1160967896716,2006-10-16 03:04:56.716,2006-09-19 22:49:43.149088558,221,74,48,55,44,1
474,474,474,474,1,3,30,1161020609716,2006-10-16 17:43:29.716,2006-09-19 22:49:59.655130930,27,9,6,6,6,1
475,475,475,475,1,1,10,1161026403716,2006-10-16 19:20:03.716,2006-09-19 22:50:01.469408424,9,2,2,2,3,1
476,476,476,476,1,1,10,1161027548716,2006-10-16 19:39:08.716,2006-09-19 22:50:01.827942723,9,2,2,2,3,1
477,477,477,477,1,2,20,1161027978716,2006-10-16 19:46:18.716,2006-09-19 22:50:01.962588792,18,5,4,4,5,1
478,478,478,478,1,1,10,1161029625716,2006-10-16 20:13:45.716,2006-09-19 22:50:02.478314548,9,4,2,2,1,1
479,479,479,479,1,34,270,1161030668716,2006-10-16 20:31:08.716,2006-09-19 22:50:02.804909547,236,103,37,58,38,1
480,480,480,480,1,1,10,1161031363716,2006-10-16 20:42:43.716,2006-09-19 22:50:03.022535170,9,4,2,2,1,1
481,481,481,481,1,1,10,1161031627716,2006-10-16 20:47:07.716,2006-09-19 22:50:03.105201594,9,4,2,2,1,1
482,482,482,482,1,2,20,1161031891716,2006-10-16 20:51:31.716,2006-09-19 22:50:03.187868017,18,8,4,4,2,1
483,483,483,483,1,21,150,1161032320716,2006-10-16 20:58:40.716,2006-09-19 22:50:03.322200955,129,52,24,29,24,1
484,484,484,484,1,1,10,1161032853716,2006-10-16 21:07:33.716,2006-09-19 22:50:03.489099455,9,4,2,2,1,1
485,485,485,485,1,1,10,1161033239716,2006-10-16 21:13:59.716,2006-09-19 22:50:03.609967786,9,4,2,2,1,1
486,486,486,486,1,1,10,1161033291716,2006-10-16 21:14:51.716,2006-09-19 22:50:03.626250566,9,2,2,2,3,1
487,487,487,487,1,24,270,1161033453716,2006-10-16 21:17:33.716,2006-09-19 22:50:03.676977690,246,56,61,61,68,1
488,488,488,488,1,1,10,1161033743716,2006-10-16 21:22:23.716,2006-09-19 22:50:03.767785504,9,2,2,2,3,1
489,489,489,489,1,1,10,1161033838716,2006-10-16 21:23:58.716,2006-09-19 22:50:03.797532891,9,4,2,2,1,1
490,490,490,490,1,1,10,1161033977716,2006-10-16 21:26:17.716,2006-09-19 22:50:03.841058016,9,2,2,2,3,1
491,491,491,491,1,1,10,1161034056716,2006-10-16 21:27:36.716,2006-09-19 22:50:03.865795317,9,4,2,2,1,1
492,492,492,492,1,1,20,1161043583716,2006-10-17 00:06:23.716,2006-09-19 22:50:06.848988565,19,6,4,4,5,1
493,493,493,493,1,21,270,1161045709716,2006-10-17 00:41:49.716,2006-09-19 22:50:07.514703779,249,89,52,62,46,1
494,494,494,494,1,32,270,1161047088716,2006-10-17 01:04:48.716,2006-09-19 22:50:07.946510590,238,73,59,59,47,1
495,495,495,495,1,27,270,1161051485716,2006-10-17 02:18:05.716,2006-09-19 22:50:09.323344925,243,110,41,52,40,1
496,496,496,496,1,1,10,1161110452716,2006-10-17 18:40:52.716,2006-09-19 22:50:27.787704772,9,1,2,2,4,1
497,497,497,497,1,16,270,1161111246716,2006-10-17 18:54:06.716,2006-09-19 22:50:28.036330303,254,126,42,51,35,1
498,498,498,498,1,52,270,1161111928716,2006-10-17 19:05:28.716,2006-09-19 22:50:28.249885231,218,71,54,52,41,1
499,499,499,499,1,29,150,1161112769716,2006-10-17 19:19:29.716,2006-09-19 22:50:28.513227891,121,29,30,30,32,1
500,500,500,500,1,41,270,1161113256716,2006-10-17 19:27:36.716,2006-09-19 22:50:28.665722392,229,113,38,34,44,1
501,501,501,501,1,35,270,1161114533716,2006-10-17 19:48:53.716,2006-09-19 22:50:29.065589903,235,56,58,58,63,1
502,502,502,502,1,2,30,1161115034716,2006-10-17 19:57:14.716,2006-09-19 22:50:29.222468230,28,12,5,7,4,1
503,503,503,503,1,46,270,1161115214716,2006-10-17 20:00:14.716,2006-09-19 22:50:29.278831700,224,48,56,56,64,1
504,504,504,504,1,4,30,1161115802716,2006-10-17 20:10:02.716,2006-09-19 22:50:29.462952371,26,11,4,6,5,1
505,505,505,505,1,20,270,1161115988716,2006-10-17 20:13:08.716,2006-09-19 22:50:29.521194624,250,114,41,59,36,1
506,506,506,506,1,50,270,1161116303716,2006-10-17 20:18:23.716,2006-09-19 22:50:29.619830698,220,92,39,49,40,1
507,507,507,507,1,46,270,1161116763716,2006-10-17 20:26:03.716,2006-09-19 22:50:29.763870678,224,69,55,56,44,1
508,508,508,508,1,51,270,1161117212716,2006-10-17 20:33:32.716,2006-09-19 22:50:29.904466224,219,101,47,44,27,1
509,509,509,509,1,42,270,1161117722716,2006-10-17 20:42:02.716,2006-09-19 22:50:30.064162724,228,77,50,56,45,1
510,510,510,510,1,38,270,1161119919716,2006-10-17 21:18:39.716,2006-09-19 22:50:30.752110196,232,46,58,58,70,1
511,511,511,511,1,1,10,1161123641716,2006-10-17 22:20:41.716,2006-09-19 22:50:31.917581517,9,1,2,2,4,1
512,512,512,512,1,28,150,1161127881716,2006-10-17 23:31:21.716,2006-09-19 22:50:33.245254380,122,29,30,30,33,1
513,513,513,513,1,48,270,1161127989716,2006-10-17 23:33:09.716,2006-09-19 22:50:33.279072463,222,48,55,55,64,1
514,514,514,514,1,1,10,1161128390716,2006-10-17 23:39:50.716,2006-09-19 22:50:33.404637750,9,2,2,2,3,1
515,515,515,515,1,1,10,1161129939716,2006-10-18 00:05:39.716,2006-09-19 22:50:33.889676728,9,3,2,2,2,1
516,516,516,516,1,1,10,1161130413716,2006-10-18 00:13:33.716,2006-09-19 22:50:34.038100534,9,1,2,2,4,1
517,517,517,517,1,1,10,1161130701716,2006-10-18 00:18:21.716,2006-09-19 22:50:34.128282087,9,3,2,2,2,1
518,518,518,518,1,29,150,1161130898716,2006-10-18 00:21:38.716,2006-09-19 22:50:34.189968774,121,60,27,14,20,1
519,519,519,519,1,1,20,1161131024716,2006-10-18 00:23:44.716,2006-09-19 22:50:34.229423204,19,4,4,4,7,1
520,520,520,520,1,1,10,1161131094716,2006-10-18 00:24:54.716,2006-09-19 22:50:34.251342331,9,2,2,2,3,1
521,521,521,521,1,1,10,1161131785716,2006-10-18 00:36:25.716,2006-09-19 22:50:34.467715432,9,3,2,2,2,1
522,522,522,522,1,1,10,1161132278716,2006-10-18 00:44:38.716,2006-09-19 22:50:34.622088716,9,1,2,2,4,1
523,523,523,523,1,47,270,1161132429716,2006-10-18 00:47:09.716,2006-09-19 22:50:34.669371405,223,44,55,55,69,1
524,524,524,524,1,47,270,1161133799716,2006-10-18 01:09:59.716,2006-09-19 22:50:35.098360042,223,94,42,55,32,1
525,525,525,525,1,18,150,1161134359716,2006-10-18 01:19:19.716,2006-09-19 22:50:35.273713062,132,29,33,33,37,1
526,526,526,526,12,210,1880,1161134708716,2006-10-18 01:25:08.716,2006-09-19 22:50:35.382995569,1670,779,173,411,307,4
527,527,527,527,1,2,30,1161134941716,2006-10-18 01:29:01.716,2006-09-19 22:50:35.455954950,28,12,6,6,4,1
528,528,528,528,1,13,230,1161135463716,2006-10-18 01:37:43.716,2006-09-19 22:50:35.619409015,217,76,49,54,38,1
529,529,529,529,1,32,180,1161135948716,2006-10-18 01:45:48.716,2006-09-19 22:50:35.771277256,148,31,37,37,43,1
530,530,530,530,1,46,270,1161136221716,2006-10-18 01:50:21.716,2006-09-19 22:50:35.856761853,224,93,42,45,44,1
531,531,531,531,1,1,10,1161194329716,2006-10-18 17:58:49.716,2006-09-19 22:50:54.052142692,9,2,2,2,3,1
532,532,532,532,1,1,10,1161195518716,2006-10-18 18:18:38.716,2006-09-19 22:50:54.424454729,9,4,2,2,1,1
533,533,533,533,1,1,10,1161195640716,2006-10-18 18:20:40.716,2006-09-19 22:50:54.462656637,9,1,2,2,4,1
534,534,534,534,1,1,10,1161196836716,2006-10-18 18:40:36.716,2006-09-19 22:50:54.837160586,9,2,2,2,3,1
535,535,535,535,1,1,10,1161197041716,2006-10-18 18:44:01.716,2006-09-19 22:50:54.901352316,9,2,2,2,3,1
536,536,536,536,1,1,10,1161208155716,2006-10-18 21:49:15.716,2006-09-19 22:50:58.381483497,9,3,2,2,2,1
537,537,537,537,1,1,10,1161208335716,2006-10-18 21:52:15.716,2006-09-19 22:50:58.437846968,9,1,2,2,4,1
538,538,538,538,1,1,10,1161209101716,2006-10-18 22:05:01.716,2006-09-19 22:50:58.677704848,9,1,2,2,4,1
539,539,539,539,1,1,10,1161210587716,2006-10-18 22:29:47.716,2006-09-19 22:50:59.143016611,9,4,2,2,1,1
540,540,540,540,1,1,10,1161213375716,2006-10-18 23:16:15.716,2006-09-19 22:51:00.016024145,9,3,2,2,2,1
541,541,541,541,1,1,10,1161214798716,2006-10-18 23:39:58.716,2006-09-19 22:51:00.461608694,9,3,2,2,2,1
542,542,542,542,1,1,20,1161215204716,2006-10-18 23:46:44.716,2006-09-19 22:51:00.588739633,19,9,3,4,3,1
543,543,543,543,1,3,20,1161215344716,2006-10-18 23:49:04.716,2006-09-19 22:51:00.632577888,17,7,3,4,3,1
544,544,544,544,1,1,10,1161215541716,2006-10-18 23:52:21.716,2006-09-19 22:51:00.694264575,9,2,2,2,3,1
545,545,545,545,1,1,10,1161215605716,2006-10-18 23:53:25.716,2006-09-19 22:51:00.714304920,9,2,2,2,3,1
546,546,546,546,1,1,10,1161215720716,2006-10-18 23:55:20.716,2006-09-19 22:51:00.750314915,9,3,2,2,2,1
547,547,547,547,1,1,10,1161216040716,2006-10-19 00:00:40.716,2006-09-19 22:51:00.850516641,9,3,2,2,2,1
548,548,548,548,1,1,10,1161216177716,2006-10-19 00:02:57.716,2006-09-19 22:51:00.893415505,9,3,2,2,2,1
549,549,549,549,1,44,270,1161216378716,2006-10-19 00:06:18.716,2006-09-19 22:51:00.956354714,226,82,54,46,44,1
550,550,550,550,1,2,20,1161216465716,2006-10-19 00:07:45.716,2006-09-19 22:51:00.983597058,18,8,4,4,2,1
551,551,551,551,1,1,10,1161216728716,2006-10-19 00:12:08.716,2006-09-19 22:51:01.065950351,9,2,2,2,3,1
552,552,552,552,1,35,270,1161216870716,2006-10-19 00:14:30.716,2006-09-19 22:51:01.110414867,235,76,56,58,45,1
553,553,553,553,1,30,230,1161217178716,2006-10-19 00:19:38.716,2006-09-19 22:51:01.206859028,200,73,40,47,40,1
554,554,554,554,1,5,30,1161217729716,2006-10-19 00:28:49.716,2006-09-19 22:51:01.379393874,25,10,4,6,5,1
555,555,555,555,1,3,30,1161218172716,2006-10-19 00:36:12.716,2006-09-19 22:51:01.518110638,27,12,6,5,4,1
556,556,556,556,1,18,270,1161218525716,2006-10-19 00:42:05.716,2006-09-19 22:51:01.628645666,252,100,55,51,46,1
557,557,557,557,1,14,270,1161218966716,2006-10-19 00:49:26.716,2006-09-19 22:51:01.766736169,256,79,63,64,50,1
558,558,558,558,2,83,510,1161219331716,2006-10-19 00:55:31.716,2006-09-19 22:51:01.881028762,427,158,94,94,81,1
559,559,559,559,1,2,20,1161224979716,2006-10-19 02:29:39.716,2006-09-19 22:51:03.649589218,18,4,4,4,6,1
560,560,560,560,1,3,20,1161225662716,2006-10-19 02:41:02.716,2006-09-19 22:51:03.863457276,17,8,2,4,3,1
561,561,561,561,1,1,10,1161283667716,2006-10-19 18:47:47.716,2006-09-19 22:51:22.026585686,9,2,2,2,3,1
562,562,562,562,1,1,20,1161283908716,2006-10-19 18:51:48.716,2006-09-19 22:51:22.102050110,19,7,4,4,4,1
563,563,563,563,1,1,10,1161284096716,2006-10-19 18:54:56.716,2006-09-19 22:51:22.160918624,9,2,2,2,3,1
564,564,564,564,2,32,320,1161284198716,2006-10-19 18:56:38.716,2006-09-19 22:51:22.192857924,288,99,70,64,55,1
565,565,565,565,2,44,320,1161285404716,2006-10-19 19:16:44.716,2006-09-19 22:51:22.570493177,276,77,69,69,61,1
566,566,566,566,2,35,330,1161286212716,2006-10-19 19:30:12.716,2006-09-19 22:51:22.823502534,295,113,65,72,45,1
567,567,567,567,1,1,10,1161287682716,2006-10-19 19:54:42.716,2006-09-19 22:51:23.283804211,9,3,2,2,2,1
568,568,568,568,15,406,2190,1161288680716,2006-10-19 20:11:20.716,2006-09-19 22:51:23.596308342,1784,729,396,310,349,7
569,569,569,569,1,2,20,1161289473716,2006-10-19 20:24:33.716,2006-09-19 22:51:23.844620744,18,6,4,4,4,1
570,570,570,570,1,34,270,1161289549716,2006-10-19 20:25:49.716,2006-09-19 22:51:23.868418653,236,50,59,59,68,1
571,571,571,571,18,432,2580,1161289933716,2006-10-19 20:32:13.716,2006-09-19 22:51:23.988660724,2148,709,499,528,412,7
572,572,572,572,5,84,770,1161290370716,2006-10-19 20:39:30.716,2006-09-19 22:51:24.125498706,686,197,171,171,147,1
573,573,573,573,18,369,2580,1161290429716,2006-10-19 20:40:29.716,2006-09-19 22:51:24.143973399,2211,1075,192,520,424,7
574,574,574,574,1,3,20,1161290460716,2006-10-19 20:41:00.716,2006-09-19 22:51:24.153680441,17,7,3,4,3,1
575,575,575,575,1,1,10,1161290653716,2006-10-19 20:44:13.716,2006-09-19 22:51:24.214114607,9,2,2,2,3,1
576,576,576,576,1,1,20,1161290817716,2006-10-19 20:46:57.716,2006-09-19 22:51:24.265467991,19,6,4,4,5,1
577,577,577,577,1,1,10,1161290917716,2006-10-19 20:48:37.716,2006-09-19 22:51:24.296781030,9,2,2,2,3,1
578,578,578,578,1,1,10,1161296969716,2006-10-19 22:29:29.716,2006-09-19 22:51:26.191846165,9,1,2,2,4,1
579,579,579,579,1,1,10,1161297805716,2006-10-19 22:43:25.716,2006-09-19 22:51:26.453623173,9,2,2,2,3,1
580,580,580,580,1,17,150,1161300314716,2006-10-19 23:25:14.716,2006-09-19 22:51:27.239267327,133,46,33,28,26,1
581,581,581,581,1,19,100,1161306614716,2006-10-20 01:10:14.716,2006-09-19 22:51:29.211988799,81,20,20,20,21,1
582,582,582,582,1,33,270,1161307891716,2006-10-20 01:31:31.716,2006-09-19 22:51:29.611856310,237,58,59,59,61,1
583,583,583,583,1,1,20,1161308064716,2006-10-20 01:34:24.716,2006-09-19 22:51:29.666027868,19,4,4,4,7,1
584,584,584,584,1,39,270,1161308286716,2006-10-20 01:38:06.716,2006-09-19 22:51:29.735542815,231,91,38,56,46,1
585,585,585,585,1,30,350,1161310215716,2006-10-20 02:10:15.716,2006-09-19 22:51:30.339571342,320,141,60,67,52,1
586,586,586,586,1,7,120,1161310868716,2006-10-20 02:21:08.716,2006-09-19 22:51:30.544045488,113,48,23,28,14,1
587,587,587,587,1,1,10,1161310907716,2006-10-20 02:21:47.716,2006-09-19 22:51:30.556257574,9,3,2,2,2,1
588,588,588,588,1,18,270,1161311168716,2006-10-20 02:26:08.716,2006-09-19 22:51:30.637984606,252,105,63,44,40,1
589,589,589,589,1,3,50,1161311629716,2006-10-20 02:33:49.716,2006-09-19 22:51:30.782337717,47,23,11,8,5,1
590,590,590,590,1,19,270,1161311946716,2006-10-20 02:39:06.716,2006-09-19 22:51:30.881600051,251,75,62,62,52,1
591,591,591,591,1,39,270,1161312373716,2006-10-20 02:46:13.716,2006-09-19 22:51:31.015306729,231,81,47,57,46,1
592,592,592,592,1,30,390,1161313053716,2006-10-20 02:57:33.716,2006-09-19 22:51:31.228235396,360,79,90,90,101,1
593,593,593,593,1,33,330,1161313904716,2006-10-20 03:11:44.716,2006-09-19 22:51:31.494709360,297,110,68,74,45,1
594,594,594,594,1,97,530,1161314458716,2006-10-20 03:20:58.716,2006-09-19 22:51:31.668183597,433,212,82,74,65,1
595,595,595,595,1,1,10,1161365859716,2006-10-20 17:37:39.716,2006-09-19 22:51:47.763398895,9,2,2,2,3,1
596,596,596,596,1,1,10,1161366705716,2006-10-20 17:51:45.716,2006-09-19 22:51:48.028307207,9,2,2,2,3,1
597,597,597,597,1,1,10,1161367048716,2006-10-20 17:57:28.716,2006-09-19 22:51:48.135710931,9,4,2,2,1,1
598,598,598,598,1,3,50,1161367953716,2006-10-20 18:12:33.716,2006-09-19 22:51:48.419093937,47,15,11,11,10,1
599,599,599,599,1,1,10,1161368438716,2006-10-20 18:20:38.716,2006-09-19 22:51:48.570962177,9,2,2,2,3,1
600,600,600,600,1,1,10,1161369000716,2006-10-20 18:30:00.716,2006-09-19 22:51:48.746941457,9,4,2,2,1,1
601,601,601,601,1,1,10,1161369273716,2006-10-20 18:34:33.716,2006-09-19 22:51:48.832426054,9,2,2,2,3,1
602,602,602,602,1,1,20,1161369737716,2006-10-20 18:42:17.716,2006-09-19 22:51:48.977718557,19,7,4,4,4,1
603,603,603,603,1,25,400,1161370269716,2006-10-20 18:51:09.716,2006-09-19 22:51:49.144303925,375,100,93,93,89,1
604,604,604,604,1,26,390,1161370801716,2006-10-20 19:00:01.716,2006-09-19 22:51:49.310889294,364,85,91,91,97,1
605,605,605,605,1,47,400,1161371228716,2006-10-20 19:07:08.716,2006-09-19 22:51:49.444595972,353,128,85,76,64,1
606,606,606,606,1,31,390,1161372878716,2006-10-20 19:34:38.716,2006-09-19 22:51:49.961261119,359,73,89,89,108,1
607,607,607,607,1,40,390,1161373035716,2006-10-20 19:37:15.716,2006-09-19 22:51:50.010422591,350,92,87,87,84,1
608,608,608,608,1,1,10,1161375116716,2006-10-20 20:11:56.716,2006-09-19 22:51:50.662046937,9,2,2,2,3,1
609,609,609,609,1,61,400,1161375256716,2006-10-20 20:14:16.716,2006-09-19 22:51:50.705885192,339,84,84,84,87,1
610,610,610,610,1,22,400,1161376895716,2006-10-20 20:41:35.716,2006-09-19 22:51:51.219105905,378,112,94,94,78,1
611,611,611,611,14,662,3900,1161376940716,2006-10-20 20:42:20.716,2006-09-19 22:51:51.233196773,3238,1385,767,453,633,6
612,612,612,612,1,77,540,1161377194716,2006-10-20 20:46:34.716,2006-09-19 22:51:51.312731892,463,210,73,97,83,1
613,613,613,613,1,1,10,1161377334716,2006-10-20 20:48:54.716,2006-09-19 22:51:51.356570147,9,3,2,2,2,1
614,614,614,614,1,72,400,1161377496716,2006-10-20 20:51:36.716,2006-09-19 22:51:51.407297271,328,121,76,72,59,1
615,615,615,615,1,1,10,1161377962716,2006-10-20 20:59:22.716,2006-09-19 22:51:51.553216034,9,2,2,2,3,1
616,616,616,616,1,1,10,1161378248716,2006-10-20 21:04:08.716,2006-09-19 22:51:51.642771326,9,2,2,2,3,1
617,617,617,617,1,1,10,1161378703716,2006-10-20 21:11:43.716,2006-09-19 22:51:51.785245654,9,2,2,2,3,1
618,618,618,618,1,1,10,1161379120716,2006-10-20 21:18:40.716,2006-09-19 22:51:51.915821028,9,4,2,2,1,1
619,619,619,619,1,1,10,1161379793716,2006-10-20 21:29:53.716,2006-09-19 22:51:52.126557782,9,1,2,2,4,1
620,620,620,620,1,1,10,1161380079716,2006-10-20 21:34:39.716,2006-09-19 22:51:52.216113074,9,1,2,2,4,1
621,621,621,621,1,1,10,1161380237716,2006-10-20 21:37:17.716,2006-09-19 22:51:52.265587676,9,1,2,2,4,1
622,622,622,622,1,1,10,1161380346716,2006-10-20 21:39:06.716,2006-09-19 22:51:52.299718889,9,4,2,2,1,1
623,623,623,623,1,1,10,1161380430716,2006-10-20 21:40:30.716,2006-09-19 22:51:52.326021842,9,1,2,2,4,1
624,624,624,624,1,1,10,1161380665716,2006-10-20 21:44:25.716,2006-09-19 22:51:52.399607484,9,4,2,2,1,1
625,625,625,625,1,1,10,1161382639716,2006-10-20 22:17:19.716,2006-09-19 22:51:53.017726879,9,2,2,2,3,1
626,626,626,626,1,1,10,1161385069716,2006-10-20 22:57:49.716,2006-09-19 22:51:53.778633732,9,3,2,2,2,1
627,627,627,627,1,1,10,1161385301716,2006-10-20 23:01:41.716,2006-09-19 22:51:53.851279983,9,1,2,2,4,1
628,628,628,628,1,1,10,1161385426716,2006-10-20 23:03:46.716,2006-09-19 22:51:53.890421282,9,1,2,2,4,1
629,629,629,629,1,1,10,1161385525716,2006-10-20 23:05:25.716,2006-09-19 22:51:53.921421191,9,2,2,2,3,1
630,630,630,630,1,3,20,1161386645716,2006-10-20 23:24:05.716,2006-09-19 22:51:54.272127231,17,6,4,4,3,1
631,631,631,631,1,18,100,1161388535716,2006-10-20 23:55:35.716,2006-09-19 22:51:54.863943672,82,30,17,19,16,1
632,632,632,632,1,67,530,1161388835716,2006-10-21 00:00:35.716,2006-09-19 22:51:54.957882790,463,99,115,115,134,1
633,633,633,633,1,12,100,1161389481716,2006-10-21 00:11:21.716,2006-09-19 22:51:55.160165023,88,24,22,22,20,1
634,634,634,634,1,6,100,1161390718716,2006-10-21 00:31:58.716,2006-09-19 22:51:55.547507319,94,34,22,22,16,1
635,635,635,635,1,11,100,1161391362716,2006-10-21 00:42:42.716,2006-09-19 22:51:55.749163291,89,26,22,22,19,1
636,636,636,636,1,51,400,1161392485716,2006-10-21 01:01:25.716,2006-09-19 22:51:56.100808722,349,109,84,87,69,1
637,637,637,637,1,1,20,1161392884716,2006-10-21 01:08:04.716,2006-09-19 22:51:56.225747749,19,8,4,4,3,1
638,638,638,638,1,9,100,1161393224716,2006-10-21 01:13:44.716,2006-09-19 22:51:56.332212082,91,37,15,21,18,1
639,639,639,639,3,93,880,1161393210716,2006-10-21 01:13:30.716,2006-09-19 22:51:56.327828257,787,340,152,182,113,1
640,640,640,640,1,5,100,1161393507716,2006-10-21 01:18:27.716,2006-09-19 22:51:56.420827983,95,24,23,23,25,1
641,641,641,641,1,1,20,1161394022716,2006-10-21 01:27:02.716,2006-09-19 22:51:56.582090135,19,7,4,4,4,1
642,642,642,642,1,1,10,1161394511716,2006-10-21 01:35:11.716,2006-09-19 22:51:56.735210897,9,1,2,2,4,1
643,643,643,643,1,1,10,1161567717716,2006-10-23 01:41:57.716,2006-09-19 22:52:50.971273637,9,1,2,2,4,1
644,644,644,644,1,1,10,1161570293716,2006-10-23 02:24:53.716,2006-09-19 22:52:51.777897528,9,1,2,2,4,1
645,645,645,645,1,3,20,1161571148716,2006-10-23 02:39:08.716,2006-09-19 22:52:52.045624013,17,8,2,4,3,1
646,646,646,646,1,2,20,1161572360716,2006-10-23 02:59:20.716,2006-09-19 22:52:52.425138049,18,8,4,3,3,1
647,647,647,647,1,3,20,1161574693716,2006-10-23 03:38:13.716,2006-09-19 22:52:53.155671254,17,6,4,4,3,1
648,648,648,648,1,1,10,1161574848716,2006-10-23 03:40:48.716,2006-09-19 22:52:53.204206465,9,2,2,2,3,1
649,649,649,649,1,6,50,1161575145716,2006-10-23 03:45:45.716,2006-09-19 22:52:53.297206192,44,18,7,11,8,1
650,650,650,650,1,2,40,1161575729716,2006-10-23 03:55:29.716,2006-09-19 22:52:53.480074341,38,13,9,9,7,1
651,651,651,651,1,1,10,1161575992716,2006-10-23 03:59:52.716,2006-09-19 22:52:53.562427634,9,3,2,2,2,1
652,652,652,652,1,6,50,1161576079716,2006-10-23 04:01:19.716,2006-09-19 22:52:53.589669978,44,10,11,11,12,1
653,653,653,653,1,8,50,1161577055716,2006-10-23 04:17:35.716,2006-09-19 22:52:53.895285241,42,15,9,10,8,1
654,654,654,654,1,2,20,1161577417716,2006-10-23 04:23:37.716,2006-09-19 22:52:54.008638443,18,6,4,4,4,1
655,655,655,655,1,1,20,1161577607716,2006-10-23 04:26:47.716,2006-09-19 22:52:54.068133218,19,9,4,4,2,1
656,656,656,656,1,1,20,1161577784716,2006-10-23 04:29:44.716,2006-09-19 22:52:54.123557297,19,6,4,4,5,1
657,657,657,657,1,5,50,1161577953716,2006-10-23 04:32:33.716,2006-09-19 22:52:54.176476333,45,20,7,11,7,1
658,658,658,658,1,7,50,1161578922716,2006-10-23 04:48:42.716,2006-09-19 22:52:54.479899684,43,13,10,10,10,1
659,659,659,659,1,5,40,1161579717716,2006-10-23 05:01:57.716,2006-09-19 22:52:54.728838346,35,12,8,8,7,1
660,660,660,660,1,2,20,1161628658716,2006-10-23 18:37:38.716,2006-09-19 22:53:10.053752878,18,3,4,4,7,1
661,661,661,661,1,1,10,1161628904716,2006-10-23 18:41:44.716,2006-09-19 22:53:10.130782955,9,2,2,2,3,1
662,662,662,662,1,1,10,1161629001716,2006-10-23 18:43:21.716,2006-09-19 22:53:10.161156603,9,4,2,2,1,1
663,663,663,663,1,5,60,1161630743716,2006-10-23 19:12:23.716,2006-09-19 22:53:10.706629746,55,16,13,13,13,1
664,664,664,664,1,26,410,1161635266716,2006-10-23 20:27:46.716,2006-09-19 22:53:12.122918511,384,126,94,89,75,1
665,665,665,665,1,29,400,1161636494716,2006-10-23 20:48:14.716,2006-09-19 22:53:12.507442633,371,152,63,89,67,1
666,666,666,666,1,1,10,1161647264716,2006-10-23 23:47:44.716,2006-09-19 22:53:15.879856959,9,2,2,2,3,1
667,667,667,667,21,229,3100,1161651074716,2006-10-24 00:51:14.716,2006-09-19 22:53:17.072883754,2871,1008,615,678,570,7
668,668,668,668,1,1,10,1161651539716,2006-10-24 00:58:59.716,2006-09-19 22:53:17.218489386,9,2,2,2,3,1
669,669,669,669,1,1,20,1161652599716,2006-10-24 01:16:39.716,2006-09-19 22:53:17.550407602,19,4,4,4,7,1
670,670,670,670,1,3,40,1161653802716,2006-10-24 01:36:42.716,2006-09-19 22:53:17.927103464,37,12,9,9,7,1
671,671,671,671,1,1,10,1161654391716,2006-10-24 01:46:31.716,2006-09-19 22:53:18.111537265,9,4,2,2,1,1
672,672,672,672,1,1,10,1161654458716,2006-10-24 01:47:38.716,2006-09-19 22:53:18.132517001,9,3,2,2,2,1
673,673,673,673,1,5,40,1161655893716,2006-10-24 02:11:33.716,2006-09-19 22:53:18.581859114,35,10,8,8,9,1
674,674,674,674,1,1,10,1161656008716,2006-10-24 02:13:28.716,2006-09-19 22:53:18.617869110,9,1,2,2,4,1
675,675,675,675,1,1,10,1161656723716,2006-10-24 02:25:23.716,2006-09-19 22:53:18.841757340,9,4,2,2,1,1
676,676,676,676,1,2,40,1161658210716,2006-10-24 02:50:10.716,2006-09-19 22:53:19.307382234,38,7,9,9,13,1
677,677,677,677,1,1,10,1161658343716,2006-10-24 02:52:23.716,2006-09-19 22:53:19.349028576,9,4,2,2,1,1
678,678,678,678,1,76,390,1161660616716,2006-10-24 03:30:16.716,2006-09-19 22:53:20.060773958,314,108,66,78,62,1
679,679,679,679,1,10,60,1161720421716,2006-10-24 20:07:01.716,2006-09-19 22:53:38.787537073,50,19,10,12,9,1
680,680,680,680,1,10,60,1161720768716,2006-10-24 20:12:48.716,2006-09-19 22:53:38.896193319,50,15,12,12,11,1
681,681,681,681,1,1,10,1161721657716,2006-10-24 20:27:37.716,2006-09-19 22:53:39.174566238,9,1,2,2,4,1
682,682,682,682,1,58,770,1161721924716,2006-10-24 20:32:04.716,2006-09-19 22:53:39.258172053,712,267,135,171,139,1
683,683,683,683,1,1,10,1161722171716,2006-10-24 20:36:11.716,2006-09-19 22:53:39.335515260,9,1,2,2,4,1
684,684,684,684,1,1,10,1161722279716,2006-10-24 20:37:59.716,2006-09-19 22:53:39.369333342,9,3,2,2,2,1
685,685,685,685,1,1,10,1161722483716,2006-10-24 20:41:23.716,2006-09-19 22:53:39.433211942,9,3,2,2,2,1
686,686,686,686,1,5,40,1161722906716,2006-10-24 20:48:26.716,2006-09-19 22:53:39.565666098,35,7,8,8,12,1
687,687,687,687,1,15,170,1161723017716,2006-10-24 20:50:17.716,2006-09-19 22:53:39.600423572,155,36,38,38,43,1
688,688,688,688,1,6,40,1161723556716,2006-10-24 20:59:16.716,2006-09-19 22:53:39.769200853,34,7,8,8,11,1
689,689,689,689,1,1,10,1161723953716,2006-10-24 21:05:53.716,2006-09-19 22:53:39.893513619,9,4,2,2,1,1
690,690,690,690,1,3,40,1161724130716,2006-10-24 21:08:50.716,2006-09-19 22:53:39.948937698,37,16,9,6,6,1
691,691,691,691,1,60,530,1161724552716,2006-10-24 21:15:52.716,2006-09-19 22:53:40.081078724,470,223,48,112,87,1
692,692,692,692,1,49,390,1161728703716,2006-10-24 22:25:03.716,2006-09-19 22:53:41.380882983,341,69,85,85,102,1
693,693,693,693,1,45,530,1161729490716,2006-10-24 22:38:10.716,2006-09-19 22:53:41.627316601,485,180,87,121,97,1
694,694,694,694,1,10,160,1161735671716,2006-10-25 00:21:11.716,2006-09-19 22:53:43.562775557,150,66,25,29,30,1
695,695,695,695,1,8,60,1161736309716,2006-10-25 00:31:49.716,2006-09-19 22:53:43.762552747,52,18,13,13,8,1
696,696,696,696,1,46,500,1161739616716,2006-10-25 01:26:56.716,2006-09-19 22:53:44.798074955,454,127,113,113,101,1
697,697,697,697,2,80,590,1161740495716,2006-10-25 01:41:35.716,2006-09-19 22:53:45.073316569,510,195,116,113,86,1
698,698,698,698,1,28,390,1161742039716,2006-10-25 02:07:19.716,2006-09-19 22:53:45.556789895,362,140,89,88,45,1
699,699,699,699,1,25,210,1161743693716,2006-10-25 02:34:53.716,2006-09-19 22:53:46.074707564,185,80,39,42,24,1
700,700,700,700,1,100,770,1161745262716,2006-10-25 03:01:02.716,2006-09-19 22:53:46.566009150,670,250,129,165,126,1
701,701,701,701,1,12,210,1161746132716,2006-10-25 03:15:32.716,2006-09-19 22:53:46.838432591,198,72,49,40,37,1
702,702,702,702,1,6,60,1161747046716,2006-10-25 03:30:46.716,2006-09-19 22:53:47.124633770,54,12,13,13,16,1
703,703,703,703,1,14,210,1161747283716,2006-10-25 03:34:43.716,2006-09-19 22:53:47.198845673,196,39,49,49,59,1
704,704,704,704,2,36,610,1161748720716,2006-10-25 03:58:40.716,2006-09-19 22:53:47.648814047,574,153,143,143,135,1
705,705,705,705,1,77,390,1161750011716,2006-10-25 04:20:11.716,2006-09-19 22:53:48.053065383,313,125,69,64,55,1
706,706,706,706,1,75,770,1161752569716,2006-10-25 05:02:49.716,2006-09-19 22:53:48.854052927,695,149,173,173,200,1
707,707,707,707,1,1,10,1161752831716,2006-10-25 05:07:11.716,2006-09-19 22:53:48.936093090,9,1,2,2,4,1
708,708,708,708,1,3,40,1161754396716,2006-10-25 05:33:16.716,2006-09-19 22:53:49.426142154,37,11,9,9,8,1
709,709,709,709,1,1,10,1161754692716,2006-10-25 05:38:12.716,2006-09-19 22:53:49.518828750,9,2,2,2,3,1
710,710,710,710,1,6,40,1161754759716,2006-10-25 05:39:19.716,2006-09-19 22:53:49.539808486,34,17,8,5,4,1
711,711,711,711,1,5,40,1161755092716,2006-10-25 05:44:52.716,2006-09-19 22:53:49.644080907,35,11,8,8,8,1
712,712,712,712,1,1,10,1161755319716,2006-10-25 05:48:39.716,2006-09-19 22:53:49.715161506,9,1,2,2,4,1
713,713,713,713,1,4,40,1161755420716,2006-10-25 05:50:20.716,2006-09-19 22:53:49.746787676,36,11,9,9,7,1
714,714,714,714,1,6,60,1161756861716,2006-10-25 06:14:21.716,2006-09-19 22:53:50.198008571,54,23,9,13,9,1
715,715,715,715,1,107,570,1161759696716,2006-10-25 07:01:36.716,2006-09-19 22:53:51.085733233,463,223,74,98,68,1
716,716,716,716,1,17,100,1161797872716,2006-10-25 17:37:52.716,2006-09-19 22:54:03.039799092,83,33,20,19,11,1
717,717,717,717,1,1,10,1161802644716,2006-10-25 18:57:24.716,2006-09-19 22:54:04.534057325,9,4,2,2,1,1
718,718,718,718,1,1,20,1161803703716,2006-10-25 19:15:03.716,2006-09-19 22:54:04.865662410,19,5,4,4,6,1
719,719,719,719,1,9,60,1161804387716,2006-10-25 19:26:27.716,2006-09-19 22:54:05.079843599,51,22,12,7,10,1
720,720,720,720,1,11,60,1161804839716,2006-10-25 19:33:59.716,2006-09-19 22:54:05.221378536,49,15,12,12,10,1
721,721,721,721,1,4,60,1161805078716,2006-10-25 19:37:58.716,2006-09-19 22:54:05.296216700,56,25,6,14,11,1
722,722,722,722,1,1,10,1161805136716,2006-10-25 19:38:56.716,2006-09-19 22:54:05.314378262,9,1,2,2,4,1
723,723,723,723,1,64,400,1161805390716,2006-10-25 19:43:10.716,2006-09-19 22:54:05.393913382,336,83,84,84,85,1
724,724,724,724,1,53,390,1161805748716,2006-10-25 19:49:08.716,2006-09-19 22:54:05.506014063,337,163,69,39,66,1
725,725,725,725,1,37,210,1161806471716,2006-10-25 20:01:11.716,2006-09-19 22:54:05.732407336,173,47,43,43,40,1
726,726,726,726,2,40,570,1161807137716,2006-10-25 20:12:17.716,2006-09-19 22:54:05.940952178,530,158,132,132,108,1
727,727,727,727,1,6,40,1161807413716,2006-10-25 20:16:53.716,2006-09-19 22:54:06.027376166,34,13,8,7,6,1
728,728,728,728,1,3,40,1161808892716,2006-10-25 20:41:32.716,2006-09-19 22:54:06.490496016,37,13,8,9,7,1
729,729,729,729,1,2,40,1161809044716,2006-10-25 20:44:04.716,2006-09-19 22:54:06.538091836,38,12,9,9,8,1
730,730,730,730,1,2,40,1161809383716,2006-10-25 20:49:43.716,2006-09-19 22:54:06.644243039,38,12,9,9,8,1
731,731,731,731,1,10,60,1161809563716,2006-10-25 20:52:43.716,2006-09-19 22:54:06.700606509,50,12,12,12,14,1
732,732,732,732,1,8,60,1161809635716,2006-10-25 20:53:55.716,2006-09-19 22:54:06.723151898,52,16,13,13,10,1
733,733,733,733,1,5,40,1161810316716,2006-10-25 21:05:16.716,2006-09-19 22:54:06.936393695,35,9,8,8,10,1
734,734,734,734,1,40,390,1161810456716,2006-10-25 21:07:36.716,2006-09-19 22:54:06.980231950,350,141,66,87,56,1
735,735,735,735,1,9,50,1161810823716,2006-10-25 21:13:43.716,2006-09-19 22:54:07.095150804,41,20,3,10,8,1
736,736,736,736,1,1,10,1161812658716,2006-10-25 21:44:18.716,2006-09-19 22:54:07.669745074,9,4,2,2,1,1
737,737,737,737,1,1,10,1161814675716,2006-10-25 22:17:55.716,2006-09-19 22:54:08.301329075,9,2,2,2,3,1
738,738,738,738,1,6,60,1161816373716,2006-10-25 22:46:13.716,2006-09-19 22:54:08.833024481,54,16,13,13,12,1
739,739,739,739,1,56,530,1161816758716,2006-10-25 22:52:38.716,2006-09-19 22:54:08.953579682,474,131,118,118,107,1
740,740,740,740,1,7,60,1161817992716,2006-10-25 23:13:12.716,2006-09-19 22:54:09.339982587,53,10,13,13,17,1
741,741,741,741,1,5,60,1161818604716,2006-10-25 23:23:24.716,2006-09-19 22:54:09.531618387,55,15,13,13,14,1
742,742,742,742,1,4,30,1161819121716,2006-10-25 23:32:01.716,2006-09-19 22:54:09.693506800,26,11,4,6,5,1
743,743,743,743,1,48,390,1161819340716,2006-10-25 23:35:40.716,2006-09-19 22:54:09.762082356,342,135,75,65,67,1
744,744,744,744,2,48,570,1161819583716,2006-10-25 23:39:43.716,2006-09-19 22:54:09.838173041,522,113,130,130,149,1
745,745,745,745,1,7,40,1161820020716,2006-10-25 23:47:00.716,2006-09-19 22:54:09.975011022,33,10,8,8,7,1
746,746,746,746,1,6,60,1161820205716,2006-10-25 23:50:05.716,2006-09-19 22:54:10.032940145,54,19,12,13,10,1
747,747,747,747,2,69,530,1161820342716,2006-10-25 23:52:22.716,2006-09-19 22:54:10.075839009,461,209,82,90,80,1
748,748,748,748,1,7,40,1161820386716,2006-10-25 23:53:06.716,2006-09-19 22:54:10.089616746,33,9,8,8,8,1
749,749,749,749,1,15,110,1161820689716,2006-10-25 23:58:09.716,2006-09-19 22:54:10.184495255,95,31,23,23,18,1
750,750,750,750,1,31,470,1161821866716,2006-10-26 00:17:46.716,2006-09-19 22:54:10.553049727,439,101,109,109,120,1
751,751,751,751,1,74,390,1161822873716,2006-10-26 00:34:33.716,2006-09-19 22:54:10.868372032,316,91,79,79,67,1
752,752,752,752,1,66,460,1161822896716,2006-10-26 00:34:56.716,2006-09-19 22:54:10.875574031,394,85,98,98,113,1
753,753,753,753,1,11,110,1161823138716,2006-10-26 00:38:58.716,2006-09-19 22:54:10.951351586,99,23,24,24,28,1
754,754,754,754,1,33,470,1161823653716,2006-10-26 00:47:33.716,2006-09-19 22:54:11.112613738,437,133,109,109,86,1
755,755,755,755,1,6,40,1161824509716,2006-10-26 01:01:49.716,2006-09-19 22:54:11.380653354,34,7,8,8,11,1
756,756,756,756,2,81,570,1161825174716,2006-10-26 01:12:54.716,2006-09-19 22:54:11.588885065,489,191,114,122,62,1
757,757,757,757,2,80,620,1161825775716,2006-10-26 01:22:55.716,2006-09-19 22:54:11.777076430,540,133,135,135,137,1
758,758,758,758,1,11,60,1161826153716,2006-10-26 01:29:13.716,2006-09-19 22:54:11.895439719,49,19,11,10,9,1
759,759,759,759,1,6,40,1161826555716,2006-10-26 01:35:55.716,2006-09-19 22:54:12.021318136,34,9,8,8,9,1
760,760,760,760,1,7,100,1161827151716,2006-10-26 01:45:51.716,2006-09-19 22:54:12.207943850,93,28,23,23,19,1
761,761,761,761,1,51,530,1161827636716,2006-10-26 01:53:56.716,2006-09-19 22:54:12.359812091,479,168,104,117,90,1
762,762,762,762,1,5,60,1161828689716,2006-10-26 02:11:29.716,2006-09-19 22:54:12.689538394,55,16,13,13,13,1
763,763,763,763,10,286,1770,1161829271716,2006-10-26 02:21:11.716,2006-09-19 22:54:12.871780282,1484,495,344,363,282,3
764,764,764,764,10,97,1770,1161830343716,2006-10-26 02:39:03.716,2006-09-19 22:54:13.207456063,1673,679,287,415,292,3
765,765,765,765,1,5,40,1161830986716,2006-10-26 02:49:46.716,2006-09-19 22:54:13.408798905,35,16,8,5,6,1
766,766,766,766,1,26,160,1161831893716,2006-10-26 03:04:53.716,2006-09-19 22:54:13.692808171,134,50,25,33,26,1
767,767,767,767,1,7,40,1161832313716,2006-10-26 03:11:53.716,2006-09-19 22:54:13.824322936,33,13,8,6,6,1
768,768,768,768,1,1,10,1161833320716,2006-10-26 03:28:40.716,2006-09-19 22:54:14.139645241,9,4,2,2,1,1
769,769,769,769,1,27,160,1161834696716,2006-10-26 03:51:36.716,2006-09-19 22:54:14.570512661,133,62,19,32,20,1
770,770,770,770,1,2,40,1161834778716,2006-10-26 03:52:58.716,2006-09-19 22:54:14.596189353,38,16,6,9,7,1
771,771,771,771,1,7,40,1161835371716,2006-10-26 04:02:51.716,2006-09-19 22:54:14.781875676,33,15,4,8,6,1
772,772,772,772,1,2,30,1161835886716,2006-10-26 04:11:26.716,2006-09-19 22:54:14.943137828,28,10,6,7,5,1
773,773,773,773,1,3,30,1161836128716,2006-10-26 04:15:28.716,2006-09-19 22:54:15.018915383,27,12,4,6,5,1
774,774,774,774,3,83,490,1161855512716,2006-10-26 09:38:32.716,2006-09-19 22:54:21.088634908,407,166,69,97,75,1
775,775,775,775,1,1,10,1161855733716,2006-10-26 09:42:13.716,2006-09-19 22:54:21.157836725,9,1,2,2,4,1
776,776,776,776,1,1,10,1161856109716,2006-10-26 09:48:29.716,2006-09-19 22:54:21.275573752,9,2,2,2,3,1
777,777,777,777,1,1,10,1161856230716,2006-10-26 09:50:30.716,2006-09-19 22:54:21.313462530,9,1,2,2,4,1
778,778,778,778,1,1,10,1161856621716,2006-10-26 09:57:01.716,2006-09-19 22:54:21.435896513,9,1,2,2,4,1
779,779,779,779,1,1,10,1161857137716,2006-10-26 10:05:37.716,2006-09-19 22:54:21.597471796,9,2,2,2,3,1
780,780,780,780,1,1,10,1161857316716,2006-10-26 10:08:36.716,2006-09-19 22:54:21.653522136,9,2,2,2,3,1
781,781,781,781,1,1,10,1161857574716,2006-10-26 10:12:54.716,2006-09-19 22:54:21.734309777,9,4,2,2,1,1
782,782,782,782,1,1,10,1161857740716,2006-10-26 10:15:40.716,2006-09-19 22:54:21.786289422,9,2,2,2,3,1
783,783,783,783,1,1,10,1161858122716,2006-10-26 10:22:02.716,2006-09-19 22:54:21.905905232,9,3,2,2,2,1
784,784,784,784,3,37,490,1161858337716,2006-10-26 10:25:37.716,2006-09-19 22:54:21.973228267,453,146,104,113,90,1
785,785,785,785,1,1,10,1161858817716,2006-10-26 10:33:37.716,2006-09-19 22:54:22.123530855,9,3,2,2,2,1
786,786,786,786,1,1,10,1161859015716,2006-10-26 10:36:55.716,2006-09-19 22:54:22.185530673,9,2,2,2,3,1
787,787,787,787,1,1,10,1161859248716,2006-10-26 10:40:48.716,2006-09-19 22:54:22.258490054,9,3,2,2,2,1
788,788,788,788,1,1,10,1161859406716,2006-10-26 10:43:26.716,2006-09-19 22:54:22.307964656,9,3,2,2,2,1
789,789,789,789,1,3,20,1161859568716,2006-10-26 10:46:08.716,2006-09-19 22:54:22.358691780,17,7,3,4,3,1
790,790,790,790,1,12,170,1161888094716,2006-10-26 18:41:34.716,2006-09-19 22:54:31.291049352,158,39,39,39,41,1
791,791,791,791,1,8,60,1161889935716,2006-10-26 19:12:15.716,2006-09-19 22:54:31.867522405,52,18,12,13,9,1
792,792,792,792,1,1,10,1161890188716,2006-10-26 19:16:28.716,2006-09-19 22:54:31.946744394,9,1,2,2,4,1
793,793,793,793,1,11,80,1161890501716,2006-10-26 19:21:41.716,2006-09-19 22:54:32.044754207,69,33,15,16,5,1
794,794,794,794,10,93,1770,1161890715716,2006-10-26 19:25:15.716,2006-09-19 22:54:32.111764111,1677,625,360,408,284,3
795,795,795,795,1,10,60,1161895955716,2006-10-26 20:52:35.716,2006-09-19 22:54:33.752567367,50,18,11,11,10,1
796,796,796,796,1,11,60,1161896146716,2006-10-26 20:55:46.716,2006-09-19 22:54:33.812375272,49,14,12,12,11,1
797,797,797,797,1,12,90,1161896349716,2006-10-26 20:59:09.716,2006-09-19 22:54:33.875940741,78,16,19,19,24,1
798,798,798,798,10,273,1770,1161899093716,2006-10-26 21:44:53.716,2006-09-19 22:54:34.735170538,1497,689,344,326,138,3
799,799,799,799,1,1,10,1161899941716,2006-10-26 21:59:01.716,2006-09-19 22:54:35.000705111,9,3,2,2,2,1
800,800,800,800,1,1,10,1161900241716,2006-10-26 22:04:01.716,2006-09-19 22:54:35.094644228,9,1,2,2,4,1
801,801,801,801,1,1,10,1161900453716,2006-10-26 22:07:33.716,2006-09-19 22:54:35.161027872,9,4,2,2,1,1
802,802,802,802,1,1,10,1161900602716,2006-10-26 22:10:02.716,2006-09-19 22:54:35.207684300,9,3,2,2,2,1
803,803,803,803,1,1,10,1161901116716,2006-10-26 22:18:36.716,2006-09-19 22:54:35.368633322,9,3,2,2,2,1
804,804,804,804,1,5,50,1161901266716,2006-10-26 22:21:06.716,2006-09-19 22:54:35.415602881,45,20,7,11,7,1
805,805,805,805,1,8,50,1161901464716,2006-10-26 22:24:24.716,2006-09-19 22:54:35.477602698,42,13,10,10,9,1
806,806,806,806,1,9,50,1161901776716,2006-10-26 22:29:36.716,2006-09-19 22:54:35.575299381,41,15,8,10,8,1
807,807,807,807,1,32,170,1161903327716,2006-10-26 22:55:27.716,2006-09-19 22:54:36.060964619,138,33,34,34,37,1
808,808,808,808,1,2,20,1161903717716,2006-10-26 23:01:57.716,2006-09-19 22:54:36.183085472,18,6,4,4,4,1
809,809,809,809,1,1,10,1161903750716,2006-10-26 23:02:30.716,2006-09-19 22:54:36.193418775,9,2,2,2,3,1
810,810,810,810,1,11,60,1161903814716,2006-10-26 23:03:34.716,2006-09-19 22:54:36.213459120,49,13,12,12,12,1
811,811,811,811,10,311,1770,1161904184716,2006-10-26 23:09:44.716,2006-09-19 22:54:36.329317366,1459,634,330,232,263,3
812,812,812,812,1,1,20,1161904297716,2006-10-26 23:11:37.716,2006-09-19 22:54:36.364701100,19,9,3,4,3,1
813,813,813,813,1,1,10,1161904369716,2006-10-26 23:12:49.716,2006-09-19 22:54:36.387246488,9,2,2,2,3,1
814,814,814,814,1,1,10,1161904655716,2006-10-26 23:17:35.716,2006-09-19 22:54:36.476801780,9,2,2,2,3,1
815,815,815,815,1,6,50,1161904973716,2006-10-26 23:22:53.716,2006-09-19 22:54:36.576377245,44,19,7,10,8,1
816,816,816,816,1,6,50,1161904984716,2006-10-26 23:23:04.716,2006-09-19 22:54:36.579821679,44,8,11,11,14,1
817,817,817,817,1,6,60,1161906640716,2006-10-26 23:50:40.716,2006-09-19 22:54:37.098365609,54,16,13,13,12,1
818,818,818,818,1,3,60,1161906836716,2006-10-26 23:53:56.716,2006-09-19 22:54:37.159739166,57,27,8,11,11,1
819,819,819,819,1,1,10,1161906889716,2006-10-26 23:54:49.716,2006-09-19 22:54:37.176335077,9,1,2,2,4,1
820,820,820,820,1,10,60,1161907154716,2006-10-26 23:59:14.716,2006-09-19 22:54:37.259314631,50,13,12,12,13,1
821,821,821,821,1,3,60,1161907749716,2006-10-27 00:09:09.716,2006-09-19 22:54:37.445627214,57,18,14,14,11,1
822,822,822,822,1,6,60,1161907915716,2006-10-27 00:11:55.716,2006-09-19 22:54:37.497606859,54,26,11,7,10,1
823,823,823,823,1,8,80,1161908013716,2006-10-27 00:13:33.716,2006-09-19 22:54:37.528293638,72,26,16,18,12,1
824,824,824,824,1,7,60,1161908143716,2006-10-27 00:15:43.716,2006-09-19 22:54:37.569000589,53,26,11,8,8,1
825,825,825,825,1,15,80,1161908732716,2006-10-27 00:25:32.716,2006-09-19 22:54:37.753434390,65,30,6,16,13,1
826,826,826,826,1,1,10,1161910314716,2006-10-27 00:51:54.716,2006-09-19 22:54:38.248806671,9,2,2,2,3,1
827,827,827,827,1,1,10,1161910994716,2006-10-27 01:03:14.716,2006-09-19 22:54:38.461735338,9,3,2,2,2,1
828,828,828,828,1,9,60,1161911623716,2006-10-27 01:13:43.716,2006-09-19 22:54:38.658694354,51,24,6,12,9,1
829,829,829,829,10,208,1770,1161914019716,2006-10-27 01:53:39.716,2006-09-19 22:54:39.408954774,1562,424,390,390,358,3
830,830,830,830,1,4,50,1161916635716,2006-10-27 02:37:15.716,2006-09-19 22:54:40.228103881,46,10,11,11,14,1
831,831,831,831,1,1,10,1161930030716,2006-10-27 06:20:30.716,2006-09-19 22:54:44.422485487,9,2,2,2,3,1
832,832,832,832,1,1,10,1161930353716,2006-10-27 06:25:53.716,2006-09-19 22:54:44.523626603,9,2,2,2,3,1
833,833,833,833,1,3,40,1161931392716,2006-10-27 06:43:12.716,2006-09-19 22:54:44.848969081,37,9,9,9,10,1
834,834,834,834,1,6,50,1161931534716,2006-10-27 06:45:34.716,2006-09-19 22:54:44.893433597,44,22,6,8,8,1
835,835,835,835,1,5,50,1161931867716,2006-10-27 06:51:07.716,2006-09-19 22:54:44.997706017,45,16,9,11,9,1
836,836,836,836,1,1,10,1161932151716,2006-10-27 06:55:51.716,2006-09-19 22:54:45.086635049,9,3,2,2,2,1
837,837,837,837,3,53,510,1161934426716,2006-10-27 07:33:46.716,2006-09-19 22:54:45.799006691,457,193,61,113,90,1
838,838,838,838,1,8,60,1161935161716,2006-10-27 07:46:01.716,2006-09-19 22:54:46.029157530,52,19,12,12,9,1
839,839,839,839,1,1,10,1161935727716,2006-10-27 07:55:27.716,2006-09-19 22:54:46.206389332,9,2,2,2,3,1
840,840,840,840,1,3,60,1161936170716,2006-10-27 08:02:50.716,2006-09-19 22:54:46.345106096,57,11,14,14,18,1
841,841,841,841,1,58,390,1161937126716,2006-10-27 08:18:46.716,2006-09-19 22:54:46.644458751,332,152,58,73,49,1
842,842,842,842,1,4,60,1161937269716,2006-10-27 08:21:09.716,2006-09-19 22:54:46.689236397,56,17,14,14,11,1
843,843,843,843,1,1,10,1161975840716,2006-10-27 19:04:00.716,2006-09-19 22:54:58.766988761,9,1,2,2,4,1
844,844,844,844,1,1,10,1161976090716,2006-10-27 19:08:10.716,2006-09-19 22:54:58.845271359,9,4,2,2,1,1
845,845,845,845,1,1,10,1161976790716,2006-10-27 19:19:50.716,2006-09-19 22:54:59.064462634,9,1,2,2,4,1
846,846,846,846,1,6,100,1161978952716,2006-10-27 19:55:52.716,2006-09-19 22:54:59.741450542,94,42,17,19,16,1
847,847,847,847,1,1,10,1161979615716,2006-10-27 20:06:55.716,2006-09-19 22:54:59.949055992,9,4,2,2,1,1
848,848,848,848,1,12,100,1161979706716,2006-10-27 20:08:26.716,2006-09-19 22:54:59.977550858,88,39,20,19,10,1
849,849,849,849,1,13,100,1161980105716,2006-10-27 20:15:05.716,2006-09-19 22:55:00.102489884,87,38,19,17,13,1
850,850,850,850,1,1,10,1161980293716,2006-10-27 20:18:13.716,2006-09-19 22:55:00.161358398,9,3,2,2,2,1
851,851,851,851,1,1,10,1161980632716,2006-10-27 20:23:52.716,2006-09-19 22:55:00.267509601,9,3,2,2,2,1
852,852,852,852,1,1,10,1161980779716,2006-10-27 20:26:19.716,2006-09-19 22:55:00.313539769,9,1,2,2,4,1
853,853,853,853,1,1,10,1161980886716,2006-10-27 20:28:06.716,2006-09-19 22:55:00.347044721,9,4,2,2,1,1
854,854,854,854,1,8,100,1161980986716,2006-10-27 20:29:46.716,2006-09-19 22:55:00.378357760,92,32,20,22,18,1
855,855,855,855,1,1,10,1161981720716,2006-10-27 20:42:00.716,2006-09-19 22:55:00.608195468,9,4,2,2,1,1
856,856,856,856,1,5,100,1161982426716,2006-10-27 20:53:46.716,2006-09-19 22:55:00.829265525,95,42,18,21,14,1
857,857,857,857,1,12,100,1161982578716,2006-10-27 20:56:18.716,2006-09-19 22:55:00.876861345,88,27,22,22,17,1
858,858,858,858,1,1,10,1161983114716,2006-10-27 21:05:14.716,2006-09-19 22:55:01.044699235,9,4,2,2,1,1
859,859,859,859,1,1,10,1161983347716,2006-10-27 21:09:07.716,2006-09-19 22:55:01.117658616,9,4,2,2,1,1
860,860,860,860,1,1,10,1161984571716,2006-10-27 21:29:31.716,2006-09-19 22:55:01.500930217,9,4,2,2,1,1
861,861,861,861,1,1,10,1161985606716,2006-10-27 21:46:46.716,2006-09-19 22:55:01.825020173,9,1,2,2,4,1
862,862,862,862,1,1,10,1161986096716,2006-10-27 21:54:56.716,2006-09-19 22:55:01.978454065,9,2,2,2,3,1
863,863,863,863,1,3,30,1161986872716,2006-10-27 22:07:52.716,2006-09-19 22:55:02.221443249,27,9,6,6,6,1
864,864,864,864,1,1,10,1161988119716,2006-10-27 22:28:39.716,2006-09-19 22:55:02.611916849,9,2,2,2,3,1
865,865,865,865,1,8,60,1161988348716,2006-10-27 22:32:28.716,2006-09-19 22:55:02.683623709,52,25,5,12,10,1
866,866,866,866,10,129,1770,1161989173716,2006-10-27 22:46:13.716,2006-09-19 22:55:02.941956282,1641,657,252,404,328,3
867,867,867,867,1,6,90,1161991995716,2006-10-27 23:33:15.716,2006-09-19 22:55:03.825610250,84,38,13,19,14,1
868,868,868,868,1,17,100,1161992677716,2006-10-27 23:44:37.716,2006-09-19 22:55:04.039165177,83,31,20,18,14,1
869,869,869,869,10,339,1770,1161996970716,2006-10-28 00:56:10.716,2006-09-19 22:55:05.383433952,1431,321,357,357,396,3
870,870,870,870,1,1,10,1161997701716,2006-10-28 01:08:21.716,2006-09-19 22:55:05.612332268,9,1,2,2,4,1
871,871,871,871,1,20,230,1161998915716,2006-10-28 01:28:35.716,2006-09-19 22:55:05.992472565,210,101,32,36,41,1
872,872,872,872,1,1,10,1161999188716,2006-10-28 01:33:08.716,2006-09-19 22:55:06.077957162,9,1,2,2,4,1
873,873,873,873,1,6,60,1161999719716,2006-10-28 01:41:59.716,2006-09-19 22:55:06.244229400,54,24,11,12,7,1
874,874,874,874,10,95,1770,1162000482716,2006-10-28 01:54:42.716,2006-09-19 22:55:06.483147890,1675,345,418,418,494,3
875,875,875,875,1,1,10,1162000806716,2006-10-28 02:00:06.716,2006-09-19 22:55:06.584602137,9,2,2,2,3,1
876,876,876,876,1,1,10,1162001098716,2006-10-28 02:04:58.716,2006-09-19 22:55:06.676036211,9,3,2,2,2,1
877,877,877,877,1,1,10,1162002148716,2006-10-28 02:22:28.716,2006-09-19 22:55:07.004823123,9,2,2,2,3,1
878,878,878,878,1,1,10,1162002283716,2006-10-28 02:24:43.716,2006-09-19 22:55:07.047095726,9,3,2,2,2,1
879,879,879,879,1,1,10,1162002548716,2006-10-28 02:29:08.716,2006-09-19 22:55:07.130075280,9,3,2,2,2,1
880,880,880,880,1,1,10,1162002779716,2006-10-28 02:32:59.716,2006-09-19 22:55:07.202408401,9,3,2,2,2,1
881,881,881,881,10,266,1770,1162002850716,2006-10-28 02:34:10.716,2006-09-19 22:55:07.224640659,1504,695,152,361,296,3
882,882,882,882,1,1,10,1162002923716,2006-10-28 02:35:23.716,2006-09-19 22:55:07.247499177,9,1,2,2,4,1
883,883,883,883,1,1,10,1162003048716,2006-10-28 02:37:28.716,2006-09-19 22:55:07.286640476,9,2,2,2,3,1
884,884,884,884,1,1,10,1162003106716,2006-10-28 02:38:26.716,2006-09-19 22:55:07.304802039,9,4,2,2,1,1
885,885,885,885,1,1,10,1162003239716,2006-10-28 02:40:39.716,2006-09-19 22:55:07.346448381,9,2,2,2,3,1
886,886,886,886,1,1,10,1162003406716,2006-10-28 02:43:26.716,2006-09-19 22:55:07.398741157,9,1,2,2,4,1
887,887,887,887,9,190,2220,1162003948716,2006-10-28 02:52:28.716,2006-09-19 22:55:07.568457830,2030,631,506,498,395,3
888,888,888,888,1,1,10,1162004219716,2006-10-28 02:56:59.716,2006-09-19 22:55:07.653316166,9,3,2,2,2,1
889,889,889,889,1,1,10,1162004479716,2006-10-28 03:01:19.716,2006-09-19 22:55:07.734730068,9,4,2,2,1,1
890,890,890,890,1,1,10,1162006759716,2006-10-28 03:39:19.716,2006-09-19 22:55:08.448667362,9,2,2,2,3,1
891,891,891,891,1,1,10,1162007958716,2006-10-28 03:59:18.716,2006-09-19 22:55:08.824110703,9,2,2,2,3,1
892,892,892,892,1,1,10,1162011732716,2006-10-28 05:02:12.716,2006-09-19 22:55:10.005864804,9,4,2,2,1,1
893,893,893,893,1,1,10,1162015328716,2006-10-28 06:02:08.716,2006-09-19 22:55:11.131881695,9,4,2,2,1,1
894,894,894,894,1,1,10,1162027515716,2006-10-28 09:25:15.716,2006-09-19 22:55:14.948001786,9,1,2,2,4,1
895,895,895,895,1,1,10,1162027643716,2006-10-28 09:27:23.716,2006-09-19 22:55:14.988082477,9,2,2,2,3,1
896,896,896,896,1,1,10,1162027927716,2006-10-28 09:32:07.716,2006-09-19 22:55:15.077011508,9,2,2,2,3,1
897,897,897,897,1,1,10,1162028053716,2006-10-28 09:34:13.716,2006-09-19 22:55:15.116465938,9,4,2,2,1,1
898,898,898,898,1,1,10,1162031555716,2006-10-28 10:32:35.716,2006-09-19 22:55:16.213048572,9,3,2,2,2,1
899,899,899,899,1,1,10,1162031631716,2006-10-28 10:33:51.716,2006-09-19 22:55:16.236846481,9,2,2,2,3,1
900,900,900,900,1,1,10,1162031800716,2006-10-28 10:36:40.716,2006-09-19 22:55:16.289765518,9,3,2,2,2,1
901,901,901,901,1,1,10,1162031926716,2006-10-28 10:38:46.716,2006-09-19 22:55:16.329219947,9,4,2,2,1,1
902,902,902,902,1,1,10,1162033808716,2006-10-28 11:10:08.716,2006-09-19 22:55:16.918531346,9,4,2,2,1,1
903,903,903,903,1,1,10,1162033960716,2006-10-28 11:12:40.716,2006-09-19 22:55:16.966127165,9,1,2,2,4,1
904,904,904,904,1,1,10,1162100076716,2006-10-29 05:34:36.716,2006-09-19 22:55:37.669056187,9,2,2,2,3,1
905,905,905,905,1,1,10,1162100161716,2006-10-29 05:36:01.716,2006-09-19 22:55:37.695672270,9,3,2,2,2,1
906,906,906,906,1,1,10,1162100627716,2006-10-29 05:43:47.716,2006-09-19 22:55:37.841591033,9,1,2,2,4,1
907,907,907,907,1,9,90,1162100707716,2006-10-29 05:45:07.716,2006-09-19 22:55:37.866641465,81,29,16,20,16,1
908,908,908,908,10,157,1770,1162100856716,2006-10-29 05:47:36.716,2006-09-19 22:55:37.913297893,1613,361,403,403,446,3
909,909,909,909,1,3,30,1162152388716,2006-10-29 20:06:28.716,2006-09-19 22:55:54.049533272,27,6,6,6,9,1
910,910,910,910,1,1,10,1162153578716,2006-10-29 20:26:18.716,2006-09-19 22:55:54.422158439,9,1,2,2,4,1
911,911,911,911,1,1,10,1162154079716,2006-10-29 20:34:39.716,2006-09-19 22:55:54.579036766,9,1,2,2,4,1
912,912,912,912,1,1,10,1162154598716,2006-10-29 20:43:18.716,2006-09-19 22:55:54.741551440,9,3,2,2,2,1
913,913,913,913,1,1,10,1162154873716,2006-10-29 20:47:53.716,2006-09-19 22:55:54.827662297,9,1,2,2,4,1
914,914,914,914,6,116,880,1162155061716,2006-10-29 20:51:01.716,2006-09-19 22:55:54.886530811,764,173,191,191,209,1
915,915,915,915,1,1,10,1162155768716,2006-10-29 21:02:48.716,2006-09-19 22:55:55.107913999,9,3,2,2,2,1
916,916,916,916,1,1,10,1162156302716,2006-10-29 21:11:42.716,2006-09-19 22:55:55.275125628,9,2,2,2,3,1
917,917,917,917,1,23,120,1162157254716,2006-10-29 21:27:34.716,2006-09-19 22:55:55.573225762,97,22,24,24,27,1
918,918,918,918,1,31,190,1162158001716,2006-10-29 21:40:01.716,2006-09-19 22:55:55.807134165,159,56,34,38,31,1
919,919,919,919,1,1,10,1162158020716,2006-10-29 21:40:20.716,2006-09-19 22:55:55.813083642,9,1,2,2,4,1
920,920,920,920,1,1,10,1162162030716,2006-10-29 22:47:10.716,2006-09-19 22:55:57.068736516,9,2,2,2,3,1
921,921,921,921,1,1,10,1162172331716,2006-10-30 01:38:51.716,2006-09-19 22:56:00.294292687,9,3,2,2,2,1
922,922,922,922,1,22,120,1162173691716,2006-10-30 02:01:31.716,2006-09-19 22:56:00.720150021,98,23,24,24,27,1
923,923,923,923,1,1,10,1162175046716,2006-10-30 02:24:06.716,2006-09-19 22:56:01.144441703,9,3,2,2,2,1
924,924,924,924,1,1,10,1162175374716,2006-10-30 02:29:34.716,2006-09-19 22:56:01.247148471,9,2,2,2,3,1
925,925,925,925,1,1,10,1162175946716,2006-10-30 02:39:06.716,2006-09-19 22:56:01.426259056,9,2,2,2,3,1
926,926,926,926,1,1,10,1162176151716,2006-10-30 02:42:31.716,2006-09-19 22:56:01.490450786,9,4,2,2,1,1
927,927,927,927,1,27,210,1162176359716,2006-10-30 02:45:59.716,2006-09-19 22:56:01.555581908,183,56,45,45,37,1
928,928,928,928,1,56,390,1162176762716,2006-10-30 02:52:42.716,2006-09-19 22:56:01.681773456,334,107,81,80,66,1
929,929,929,929,10,156,1770,1162176878716,2006-10-30 02:54:38.716,2006-09-19 22:56:01.718096581,1614,743,179,386,306,3
930,930,930,930,1,2,40,1162177485716,2006-10-30 03:04:45.716,2006-09-19 22:56:01.908166730,38,11,9,9,9,1
931,931,931,931,1,1,10,1162178109716,2006-10-30 03:15:09.716,2006-09-19 22:56:02.103560094,9,1,2,2,4,1
932,932,932,932,1,1,10,1162178591716,2006-10-30 03:23:11.716,2006-09-19 22:56:02.254488944,9,2,2,2,3,1
933,933,933,933,1,1,10,1162179189716,2006-10-30 03:33:09.716,2006-09-19 22:56:02.441740918,9,2,2,2,3,1
934,934,934,934,1,1,10,1162180601716,2006-10-30 03:56:41.716,2006-09-19 22:56:02.883881032,9,4,2,2,1,1
935,935,935,935,1,4,50,1162180771716,2006-10-30 03:59:31.716,2006-09-19 22:56:02.937113199,46,15,11,11,9,1
936,936,936,936,1,1,10,1162181093716,2006-10-30 04:04:53.716,2006-09-19 22:56:03.037941185,9,1,2,2,4,1
937,937,937,937,1,1,10,1162181459716,2006-10-30 04:10:59.716,2006-09-19 22:56:03.152546909,9,2,2,2,3,1
938,938,938,938,1,8,120,1162181670716,2006-10-30 04:14:30.716,2006-09-19 22:56:03.218617422,112,43,23,26,20,1
939,939,939,939,1,1,10,1162182164716,2006-10-30 04:22:44.716,2006-09-19 22:56:03.373303835,9,1,2,2,4,1
940,940,940,940,1,1,10,1162182296716,2006-10-30 04:24:56.716,2006-09-19 22:56:03.414637047,9,3,2,2,2,1
941,941,941,941,10,235,1770,1162182254716,2006-10-30 04:24:14.716,2006-09-19 22:56:03.401485571,1535,440,383,383,329,3
942,942,942,942,1,1,10,1162182554716,2006-10-30 04:29:14.716,2006-09-19 22:56:03.495424689,9,3,2,2,2,1
943,943,943,943,1,1,10,1162182935716,2006-10-30 04:35:35.716,2006-09-19 22:56:03.614727368,9,4,2,2,1,1
944,944,944,944,1,1,10,1162183954716,2006-10-30 04:52:34.716,2006-09-19 22:56:03.933807238,9,2,2,2,3,1
945,945,945,945,1,1,10,1162184391716,2006-10-30 04:59:51.716,2006-09-19 22:56:04.070645219,9,4,2,2,1,1
946,946,946,946,1,1,10,1162190889716,2006-10-30 06:48:09.716,2006-09-19 22:56:06.105366509,9,1,2,2,4,1
947,947,947,947,1,1,10,1162191115716,2006-10-30 06:51:55.716,2006-09-19 22:56:06.176133978,9,1,2,2,4,1
948,948,948,948,1,1,10,1162191292716,2006-10-30 06:54:52.716,2006-09-19 22:56:06.231558057,9,1,2,2,4,1
949,949,949,949,1,1,10,1162191386716,2006-10-30 06:56:26.716,2006-09-19 22:56:06.260992314,9,3,2,2,2,1
950,950,950,950,1,1,10,1162192315716,2006-10-30 07:11:55.716,2006-09-19 22:56:06.551890448,9,2,2,2,3,1
951,951,951,951,1,1,10,1162192491716,2006-10-30 07:14:51.716,2006-09-19 22:56:06.607001397,9,1,2,2,4,1
952,952,952,952,1,3,50,1162192724716,2006-10-30 07:18:44.716,2006-09-19 22:56:06.679960779,47,9,11,11,16,1
953,953,953,953,1,87,470,1162233589716,2006-10-30 18:39:49.716,2006-09-19 22:56:19.476034263,383,101,95,95,92,1
954,954,954,954,1,1,10,1162235943716,2006-10-30 19:19:03.716,2006-09-19 22:56:20.213143207,9,1,2,2,4,1
955,955,955,955,1,1,10,1162236032716,2006-10-30 19:20:32.716,2006-09-19 22:56:20.241011811,9,4,2,2,1,1
956,956,956,956,1,5,40,1162236215716,2006-10-30 19:23:35.716,2006-09-19 22:56:20.298314673,35,16,5,8,6,1
957,957,957,957,1,11,210,1162236534716,2006-10-30 19:28:54.716,2006-09-19 22:56:20.398203268,199,92,29,39,39,1
958,958,958,958,1,29,390,1162236846716,2006-10-30 19:34:06.716,2006-09-19 22:56:20.495899951,361,122,81,89,69,1
959,959,959,959,4,184,1150,1162237574716,2006-10-30 19:46:14.716,2006-09-19 22:56:20.723858877,966,474,86,233,173,1
960,960,960,960,1,1,10,1162237839716,2006-10-30 19:50:39.716,2006-09-19 22:56:20.806838430,9,3,2,2,2,1
961,961,961,961,1,1,10,1162238965716,2006-10-30 20:09:25.716,2006-09-19 22:56:21.159423252,9,4,2,2,1,1
962,962,962,962,1,6,70,1162241837716,2006-10-30 20:57:17.716,2006-09-19 22:56:22.058733739,64,22,14,16,12,1
963,963,963,963,1,2,20,1162242297716,2006-10-30 21:04:57.716,2006-09-19 22:56:22.202773720,18,5,4,4,5,1
964,964,964,964,1,1,10,1162242628716,2006-10-30 21:10:28.716,2006-09-19 22:56:22.306419880,9,3,2,2,2,1
965,965,965,965,1,1,10,1162243653716,2006-10-30 21:27:33.716,2006-09-19 22:56:22.627378532,9,4,2,2,1,1
966,966,966,966,1,6,40,1162245051716,2006-10-30 21:50:51.716,2006-09-19 22:56:23.065134820,34,8,8,8,10,1
967,967,967,967,1,4,50,1162245802716,2006-10-30 22:03:22.716,2006-09-19 22:56:23.300295745,46,14,11,11,10,1
968,968,968,968,1,1,10,1162246563716,2006-10-30 22:16:03.716,2006-09-19 22:56:23.538587973,9,2,2,2,3,1
969,969,969,969,1,25,210,1162247210716,2006-10-30 22:26:50.716,2006-09-19 22:56:23.741183337,185,91,34,44,16,1
970,970,970,970,1,31,210,1162247579716,2006-10-30 22:32:59.716,2006-09-19 22:56:23.856728452,179,56,44,44,35,1
971,971,971,971,1,40,210,1162252495716,2006-10-30 23:54:55.716,2006-09-19 22:56:25.396077461,170,38,42,42,48,1
972,972,972,972,1,7,50,1162253903716,2006-10-31 00:18:23.716,2006-09-19 22:56:25.836965053,43,15,10,10,8,1
973,973,973,973,1,17,210,1162254088716,2006-10-31 00:21:28.716,2006-09-19 22:56:25.894894176,193,70,46,42,35,1
974,974,974,974,1,11,210,1162254673716,2006-10-31 00:31:13.716,2006-09-19 22:56:26.078075456,199,85,45,48,21,1
975,975,975,975,1,1,10,1162257872716,2006-10-31 01:24:32.716,2006-09-19 22:56:27.079779581,9,3,2,2,2,1
976,976,976,976,1,29,210,1162258705716,2006-10-31 01:38:25.716,2006-09-19 22:56:27.340617198,181,87,29,41,24,1
977,977,977,977,1,22,390,1162259525716,2006-10-31 01:52:05.716,2006-09-19 22:56:27.597384119,368,179,49,68,72,1
978,978,978,978,1,48,390,1162260669716,2006-10-31 02:11:09.716,2006-09-19 22:56:27.955605288,342,140,57,84,61,1
979,979,979,979,1,4,30,1162260693716,2006-10-31 02:11:33.716,2006-09-19 22:56:27.963120418,26,5,6,6,9,1
980,980,980,980,1,1,10,1162261563716,2006-10-31 02:26:03.716,2006-09-19 22:56:28.235543859,9,1,2,2,4,1
981,981,981,981,1,1,10,1162262083716,2006-10-31 02:34:43.716,2006-09-19 22:56:28.398371663,9,1,2,2,4,1
982,982,982,982,1,1,10,1162262265716,2006-10-31 02:37:45.716,2006-09-19 22:56:28.455361394,9,1,2,2,4,1
983,983,983,983,1,1,20,1162264842716,2006-10-31 03:20:42.716,2006-09-19 22:56:29.262298416,19,5,4,4,6,1
984,984,984,984,1,1,10,1162267630716,2006-10-31 04:07:10.716,2006-09-19 22:56:30.135305949,9,4,2,2,1,1
985,985,985,985,1,1,10,1162267895716,2006-10-31 04:11:35.716,2006-09-19 22:56:30.218285503,9,2,2,2,3,1
986,986,986,986,1,1,10,1162268275716,2006-10-31 04:17:55.716,2006-09-19 22:56:30.337275053,9,1,2,2,4,1
987,987,987,987,4,120,1050,1162270112716,2006-10-31 04:48:32.716,2006-09-19 22:56:30.912495583,930,224,232,232,242,1
988,988,988,988,1,1,10,1162270894716,2006-10-31 05:01:34.716,2006-09-19 22:56:31.157363550,9,3,2,2,2,1
989,989,989,989,1,1,10,1162271731716,2006-10-31 05:15:31.716,2006-09-19 22:56:31.419453689,9,3,2,2,2,1
990,990,990,990,1,35,210,1162273937716,2006-10-31 05:52:17.716,2006-09-19 22:56:32.110219334,175,84,17,42,32,1
991,991,991,991,1,20,130,1162274435716,2006-10-31 06:00:35.716,2006-09-19 22:56:32.266158270,110,51,15,23,21,1
992,992,992,992,1,22,250,1162274455716,2006-10-31 06:00:55.716,2006-09-19 22:56:32.272420877,228,56,57,57,58,1
993,993,993,993,1,18,130,1162274914716,2006-10-31 06:08:34.716,2006-09-19 22:56:32.416147727,112,40,26,27,19,1
994,994,994,994,1,1,10,1162275287716,2006-10-31 06:14:47.716,2006-09-19 22:56:32.532945364,9,3,2,2,2,1
995,995,995,995,1,8,140,1162275459716,2006-10-31 06:17:39.716,2006-09-19 22:56:32.586803791,132,42,32,32,26,1
996,996,996,996,1,13,70,1162275788716,2006-10-31 06:23:08.716,2006-09-19 22:56:32.689823690,57,27,12,9,9,1
997,997,997,997,1,4,70,1162276101716,2006-10-31 06:28:21.716,2006-09-19 22:56:32.787833503,66,20,16,16,14,1
998,998,998,998,1,55,290,1162276307716,2006-10-31 06:31:47.716,2006-09-19 22:56:32.852338364,235,67,58,58,52,1
999,999,999,999,9,229,1960,1162279703716,2006-10-31 07:28:23.716,2006-09-19 22:56:33.915729177,1731,426,432,432,441,3
1000,1000,1000,1000,1,2,30,1162280990716,2006-10-31 07:49:50.716,2006-09-19 22:56:34.318727991,28,11,5,7,5,1
1001,1001,1001,1001,1,3,30,1162281659716,2006-10-31 08:00:59.716,2006-09-19 22:56:34.528212224,27,10,6,6,5,1
1002,1002,1002,1002,1,72,400,1162282410716,2006-10-31 08:13:30.716,2006-09-19 22:56:34.763373149,328,144,42,77,65,1
1003,1003,1003,1003,1,33,210,1162325261716,2006-10-31 20:07:41.716,2006-09-19 22:56:48.181323592,177,52,44,44,37,1
1004,1004,1004,1004,1,1,10,1162326140716,2006-10-31 20:22:20.716,2006-09-19 22:56:48.456565207,9,1,2,2,4,1
1005,1005,1005,1005,1,1,10,1162326239716,2006-10-31 20:23:59.716,2006-09-19 22:56:48.487565116,9,4,2,2,1,1
1006,1006,1006,1006,1,44,290,1162326610716,2006-10-31 20:30:10.716,2006-09-19 22:56:48.603736491,246,63,61,61,61,1
1007,1007,1007,1007,1,12,70,1162327024716,2006-10-31 20:37:04.716,2006-09-19 22:56:48.733372474,58,19,14,14,11,1
1008,1008,1008,1008,2,48,550,1162328351716,2006-10-31 20:59:11.716,2006-09-19 22:56:49.148896504,502,208,94,114,86,1
1009,1009,1009,1009,1,1,10,1162329485716,2006-10-31 21:18:05.716,2006-09-19 22:56:49.503986369,9,4,2,2,1,1
1010,1010,1010,1010,1,4,60,1162329854716,2006-10-31 21:24:14.716,2006-09-19 22:56:49.619531484,56,20,14,13,9,1
1011,1011,1011,1011,1,1,10,1162330502716,2006-10-31 21:35:02.716,2006-09-19 22:56:49.822439978,9,1,2,2,4,1
1012,1012,1012,1012,9,329,1720,1162330750716,2006-10-31 21:39:10.716,2006-09-19 22:56:49.900096316,1391,684,167,268,272,3
1013,1013,1013,1013,1,11,210,1162333072716,2006-10-31 22:17:52.716,2006-09-19 22:56:50.627185087,199,52,49,49,49,1
1014,1014,1014,1014,1,1,10,1162338620716,2006-10-31 23:50:20.716,2006-09-19 22:56:52.364432504,9,3,2,2,2,1
1015,1015,1015,1015,1,1,10,1162339019716,2006-10-31 23:56:59.716,2006-09-19 22:56:52.489371530,9,1,2,2,4,1
1016,1016,1016,1016,1,3,40,1162339371716,2006-11-01 00:02:51.716,2006-09-19 22:56:52.599593428,37,13,8,9,7,1
1017,1017,1017,1017,1,1,10,1162340202716,2006-11-01 00:16:42.716,2006-09-19 22:56:52.859804784,9,3,2,2,2,1
1018,1018,1018,1018,1,1,10,1162340392716,2006-11-01 00:19:52.716,2006-09-19 22:56:52.919299559,9,4,2,2,1,1
1019,1019,1019,1019,1,1,10,1162340651716,2006-11-01 00:24:11.716,2006-09-19 22:56:53.000400330,9,4,2,2,1,1
1020,1020,1020,1020,1,1,10,1162344355716,2006-11-01 01:25:55.716,2006-09-19 22:56:54.160235304,9,2,2,2,3,1
1021,1021,1021,1021,1,16,170,1162349992716,2006-11-01 02:59:52.716,2006-09-19 22:56:55.925351326,154,52,38,35,29,1
1022,1022,1022,1022,1,1,10,1162415394716,2006-11-01 21:09:54.716,2006-09-19 22:57:16.404705247,9,3,2,2,2,1
1023,1023,1023,1023,1,1,10,1162415740716,2006-11-01 21:15:40.716,2006-09-19 22:57:16.513048363,9,2,2,2,3,1
1024,1024,1024,1024,1,1,10,1162416168716,2006-11-01 21:22:48.716,2006-09-19 22:57:16.647068171,9,4,2,2,1,1
1025,1025,1025,1025,1,49,410,1162417151716,2006-11-01 21:39:11.716,2006-09-19 22:57:16.954875346,361,110,89,90,72,1
1026,1026,1026,1026,20,557,3110,1162417620716,2006-11-01 21:47:00.716,2006-09-19 22:57:17.101733500,2553,911,596,552,494,7
1027,1027,1027,1027,1,5,30,1162418861716,2006-11-01 22:07:41.716,2006-09-19 22:57:17.490328317,25,10,6,6,3,1
1028,1028,1028,1028,1,1,10,1162419068716,2006-11-01 22:11:08.716,2006-09-19 22:57:17.555146309,9,4,2,2,1,1
1029,1029,1029,1029,6,209,1200,1162420042716,2006-11-01 22:27:22.716,2006-09-19 22:57:17.860135311,991,385,205,236,165,1
1030,1030,1030,1030,1,21,390,1162421587716,2006-11-01 22:53:07.716,2006-09-19 22:57:18.343921767,369,75,92,92,110,1
1031,1031,1031,1031,1,54,390,1162423579716,2006-11-01 23:26:19.716,2006-09-19 22:57:18.967677509,336,103,84,83,66,1
1032,1032,1032,1032,1,33,400,1162440311716,2006-11-02 04:05:11.716,2006-09-19 22:57:24.206975234,367,127,82,88,70,1
1033,1033,1033,1033,1,14,210,1162440790716,2006-11-02 04:13:10.716,2006-09-19 22:57:24.356964692,196,77,45,42,32,1
1034,1034,1034,1034,1,1,10,1162441125716,2006-11-02 04:18:45.716,2006-09-19 22:57:24.461863373,9,1,2,2,4,1
1035,1035,1035,1035,1,26,170,1162441213716,2006-11-02 04:20:13.716,2006-09-19 22:57:24.489418848,144,31,36,36,41,1
1036,1036,1036,1036,1,1,10,1162441365716,2006-11-02 04:22:45.716,2006-09-19 22:57:24.537014667,9,1,2,2,4,1
1037,1037,1037,1037,1,26,170,1162441424716,2006-11-02 04:23:44.716,2006-09-19 22:57:24.555489360,144,49,31,36,28,1
1038,1038,1038,1038,1,10,170,1162442657716,2006-11-02 04:44:17.716,2006-09-19 22:57:24.941579134,160,44,40,40,36,1
1039,1039,1039,1039,1,1,10,1162443012716,2006-11-02 04:50:12.716,2006-09-19 22:57:25.052740423,9,2,2,2,3,1
1040,1040,1040,1040,1,1,10,1162444798716,2006-11-02 05:19:58.716,2006-09-19 22:57:25.611991304,9,1,2,2,4,1
1041,1041,1041,1041,1,1,10,1162492333716,2006-11-02 18:32:13.716,2006-09-19 22:57:40.496644505,9,4,2,2,1,1
1042,1042,1042,1042,1,19,200,1162501479716,2006-11-02 21:04:39.716,2006-09-19 22:57:43.360535074,181,80,29,37,35,1
1043,1043,1043,1043,1,58,410,1162502342716,2006-11-02 21:19:02.716,2006-09-19 22:57:43.630766603,352,124,72,87,69,1
1044,1044,1044,1044,1,58,320,1162502377716,2006-11-02 21:19:37.716,2006-09-19 22:57:43.641726166,262,85,65,62,50,1
1045,1045,1045,1045,4,129,910,1162503031716,2006-11-02 21:30:31.716,2006-09-19 22:57:43.846513443,781,168,195,195,223,1
1046,1046,1046,1046,1,1,10,1162503316716,2006-11-02 21:35:16.716,2006-09-19 22:57:43.935755605,9,1,2,2,4,1
1047,1047,1047,1047,1,1,10,1162503460716,2006-11-02 21:37:40.716,2006-09-19 22:57:43.980846381,9,2,2,2,3,1
1048,1048,1048,1048,1,1,10,1162503493716,2006-11-02 21:38:13.716,2006-09-19 22:57:43.991179684,9,4,2,2,1,1
1049,1049,1049,1049,1,10,200,1162503889716,2006-11-02 21:44:49.716,2006-09-19 22:57:44.115179320,190,69,38,47,36,1
1050,1050,1050,1050,1,1,10,1162503982716,2006-11-02 21:46:22.716,2006-09-19 22:57:44.144300446,9,3,2,2,2,1
1051,1051,1051,1051,1,1,10,1162504184716,2006-11-02 21:49:44.716,2006-09-19 22:57:44.207552785,9,2,2,2,3,1
1052,1052,1052,1052,1,1,10,1162504687716,2006-11-02 21:58:07.716,2006-09-19 22:57:44.365057373,9,4,2,2,1,1
1053,1053,1053,1053,1,25,150,1162505283716,2006-11-02 22:08:03.716,2006-09-19 22:57:44.551683086,125,53,29,18,25,1
1054,1054,1054,1054,1,19,100,1162505723716,2006-11-02 22:15:23.716,2006-09-19 22:57:44.689460459,81,36,20,17,8,1
1055,1055,1055,1055,1,1,10,1162505836716,2006-11-02 22:17:16.716,2006-09-19 22:57:44.724844193,9,4,2,2,1,1
1056,1056,1056,1056,1,64,390,1162506702716,2006-11-02 22:31:42.716,2006-09-19 22:57:44.996015113,326,120,71,78,57,1
1057,1057,1057,1057,1,1,10,1162506754716,2006-11-02 22:32:34.716,2006-09-19 22:57:45.012297894,9,2,2,2,3,1
1058,1058,1058,1058,1,1,10,1162507900716,2006-11-02 22:51:40.716,2006-09-19 22:57:45.371145323,9,2,2,2,3,1
1059,1059,1059,1059,1,1,10,1162508815716,2006-11-02 23:06:55.716,2006-09-19 22:57:45.657659632,9,1,2,2,4,1
1060,1060,1060,1060,1,1,10,1162509896716,2006-11-02 23:24:56.716,2006-09-19 22:57:45.996153586,9,3,2,2,2,1
1061,1061,1061,1061,1,1,10,1162510790716,2006-11-02 23:39:50.716,2006-09-19 22:57:46.276092157,9,3,2,2,2,1
1062,1062,1062,1062,1,1,10,1162511395716,2006-11-02 23:49:55.716,2006-09-19 22:57:46.465536045,9,4,2,2,1,1
1063,1063,1063,1063,1,3,30,1162512423716,2006-11-03 00:07:03.716,2006-09-19 22:57:46.787434088,27,9,6,6,6,1
1064,1064,1064,1064,1,20,180,1162512796716,2006-11-03 00:13:16.716,2006-09-19 22:57:46.904231724,160,32,40,40,48,1
1065,1065,1065,1065,1,1,10,1162513145716,2006-11-03 00:19:05.716,2006-09-19 22:57:47.013514231,9,2,2,2,3,1
1066,1066,1066,1066,1,2,30,1162513351716,2006-11-03 00:22:31.716,2006-09-19 22:57:47.078019092,28,5,7,7,9,1
1067,1067,1067,1067,1,1,10,1162513631716,2006-11-03 00:27:11.716,2006-09-19 22:57:47.165695602,9,3,2,2,2,1
1068,1068,1068,1068,1,1,10,1162513701716,2006-11-03 00:28:21.716,2006-09-19 22:57:47.187614729,9,1,2,2,4,1
1069,1069,1069,1069,1,1,10,1162514467716,2006-11-03 00:41:07.716,2006-09-19 22:57:47.427472610,9,2,2,2,3,1
1070,1070,1070,1070,1,1,10,1162514530716,2006-11-03 00:42:10.716,2006-09-19 22:57:47.447199825,9,4,2,2,1,1
1071,1071,1071,1071,1,8,100,1162514702716,2006-11-03 00:45:02.716,2006-09-19 22:57:47.501058252,92,35,19,21,17,1
1072,1072,1072,1072,1,1,10,1162515040716,2006-11-03 00:50:40.716,2006-09-19 22:57:47.606896325,9,2,2,2,3,1
1073,1073,1073,1073,1,1,10,1162515049716,2006-11-03 00:50:49.716,2006-09-19 22:57:47.609714498,9,1,2,2,4,1
1074,1074,1074,1074,1,19,100,1162515606716,2006-11-03 01:00:06.716,2006-09-19 22:57:47.784128127,81,40,20,5,16,1
1075,1075,1075,1075,1,11,100,1162516185716,2006-11-03 01:09:45.716,2006-09-19 22:57:47.965430624,89,37,21,14,17,1
1076,1076,1076,1076,1,8,80,1162516651716,2006-11-03 01:17:31.716,2006-09-19 22:57:48.111349387,72,17,18,18,19,1
1077,1077,1077,1077,1,12,80,1162517444716,2006-11-03 01:30:44.716,2006-09-19 22:57:48.359661788,68,24,16,16,12,1
1078,1078,1078,1078,1,6,80,1162517889716,2006-11-03 01:38:09.716,2006-09-19 22:57:48.499004813,74,18,18,18,20,1
1079,1079,1079,1079,1,1,10,1162519613716,2006-11-03 02:06:53.716,2006-09-19 22:57:49.038841609,9,1,2,2,4,1
1080,1080,1080,1080,1,1,10,1162519669716,2006-11-03 02:07:49.716,2006-09-19 22:57:49.056376911,9,1,2,2,4,1
1081,1081,1081,1081,1,1,10,1162519683716,2006-11-03 02:08:03.716,2006-09-19 22:57:49.060760737,9,3,2,2,2,1
1082,1082,1082,1082,1,4,40,1162520378716,2006-11-03 02:19:38.716,2006-09-19 22:57:49.278386359,36,18,7,9,2,1
1083,1083,1083,1083,1,70,390,1162522809716,2006-11-03 03:00:09.716,2006-09-19 22:57:50.039606343,320,151,35,71,63,1
1084,1084,1084,1084,1,74,390,1162523097716,2006-11-03 03:04:57.716,2006-09-19 22:57:50.129787896,316,87,79,79,71,1
1085,1085,1085,1085,1,1,10,1162524821716,2006-11-03 03:33:41.716,2006-09-19 22:57:50.669624693,9,3,2,2,2,1
1086,1086,1086,1086,1,29,210,1162525192716,2006-11-03 03:39:52.716,2006-09-19 22:57:50.785796068,181,87,16,44,34,1
1087,1087,1087,1087,1,18,240,1162525347716,2006-11-03 03:42:27.716,2006-09-19 22:57:50.834331279,222,63,55,55,49,1
1088,1088,1088,1088,1,3,20,1162525452716,2006-11-03 03:44:12.716,2006-09-19 22:57:50.867209970,17,7,3,4,3,1
1089,1089,1089,1089,1,1,20,1162525625716,2006-11-03 03:47:05.716,2006-09-19 22:57:50.921381528,19,8,4,4,3,1
1090,1090,1090,1090,1,1,10,1162525849716,2006-11-03 03:50:49.716,2006-09-19 22:57:50.991522736,9,1,2,2,4,1
1091,1091,1091,1091,1,1,10,1162526136716,2006-11-03 03:55:36.716,2006-09-19 22:57:51.081391159,9,3,2,2,2,1
1092,1092,1092,1092,1,1,10,1162526435716,2006-11-03 04:00:35.716,2006-09-19 22:57:51.175017146,9,1,2,2,4,1
1093,1093,1093,1093,1,1,10,1162526608716,2006-11-03 04:03:28.716,2006-09-19 22:57:51.229188704,9,2,2,2,3,1
1094,1094,1094,1094,1,1,10,1162526911716,2006-11-03 04:08:31.716,2006-09-19 22:57:51.324067213,9,2,2,2,3,1
1095,1095,1095,1095,1,29,390,1162527525716,2006-11-03 04:18:45.716,2006-09-19 22:57:51.516329274,361,178,77,59,47,1
1096,1096,1096,1096,1,1,10,1162527722716,2006-11-03 04:22:02.716,2006-09-19 22:57:51.578015961,9,1,2,2,4,1
1097,1097,1097,1097,1,1,10,1162528487716,2006-11-03 04:34:47.716,2006-09-19 22:57:51.817560711,9,1,2,2,4,1
1098,1098,1098,1098,1,6,40,1162529454716,2006-11-03 04:50:54.716,2006-09-19 22:57:52.120357800,34,15,7,7,5,1
1099,1099,1099,1099,1,4,40,1162530395716,2006-11-03 05:06:35.716,2006-09-19 22:57:52.415013500,36,11,9,9,7,1
1100,1100,1100,1100,1,2,40,1162530742716,2006-11-03 05:12:22.716,2006-09-19 22:57:52.523669746,38,11,9,9,9,1
1101,1101,1101,1101,1,7,40,1162531139716,2006-11-03 05:18:59.716,2006-09-19 22:57:52.647982512,33,11,8,8,6,1
1102,1102,1102,1102,1,7,40,1162531765716,2006-11-03 05:29:25.716,2006-09-19 22:57:52.844002137,33,12,7,8,6,1
1103,1103,1103,1103,1,15,80,1162572916716,2006-11-03 16:55:16.716,2006-09-19 22:58:05.729630913,65,21,15,16,13,1
1104,1104,1104,1104,1,1,10,1162581839716,2006-11-03 19:23:59.716,2006-09-19 22:58:08.523693404,9,4,2,2,1,1
1105,1105,1105,1105,1,3,50,1162583750716,2006-11-03 19:55:50.716,2006-09-19 22:58:09.122085584,47,18,9,11,9,1
1106,1106,1106,1106,1,21,200,1162584692716,2006-11-03 20:11:32.716,2006-09-19 22:58:09.417054414,179,76,26,43,34,1
1107,1107,1107,1107,1,6,40,1162585018716,2006-11-03 20:16:58.716,2006-09-19 22:58:09.519134922,34,7,8,8,11,1
1108,1108,1108,1108,1,6,40,1162585160716,2006-11-03 20:19:20.716,2006-09-19 22:58:09.563599438,34,6,8,8,12,1
1109,1109,1109,1109,1,2,40,1162585318716,2006-11-03 20:21:58.716,2006-09-19 22:58:09.613074040,38,14,8,9,7,1
1110,1110,1110,1110,1,6,40,1162585533716,2006-11-03 20:25:33.716,2006-09-19 22:58:09.680397074,34,8,8,8,10,1
1111,1111,1111,1111,1,3,40,1162586399716,2006-11-03 20:39:59.716,2006-09-19 22:58:09.951567994,37,12,9,9,7,1
1112,1112,1112,1112,1,3,40,1162586576716,2006-11-03 20:42:56.716,2006-09-19 22:58:10.006992073,37,14,7,9,7,1
1113,1113,1113,1113,1,1,10,1162586866716,2006-11-03 20:47:46.716,2006-09-19 22:58:10.097799887,9,3,2,2,2,1
1114,1114,1114,1114,1,1,10,1162587011716,2006-11-03 20:50:11.716,2006-09-19 22:58:10.143203794,9,1,2,2,4,1
1115,1115,1115,1115,1,1,10,1162587023716,2006-11-03 20:50:23.716,2006-09-19 22:58:10.146961359,9,1,2,2,4,1
1116,1116,1116,1116,1,1,30,1162587051716,2006-11-03 20:50:51.716,2006-09-19 22:58:10.155729010,29,8,7,7,7,1
1117,1117,1117,1117,1,1,10,1162587117716,2006-11-03 20:51:57.716,2006-09-19 22:58:10.176395615,9,2,2,2,3,1
1118,1118,1118,1118,1,1,10,1162587123716,2006-11-03 20:52:03.716,2006-09-19 22:58:10.178274398,9,1,2,2,4,1
1119,1119,1119,1119,1,1,10,1162587211716,2006-11-03 20:53:31.716,2006-09-19 22:58:10.205829872,9,2,2,2,3,1
1120,1120,1120,1120,1,7,40,1162587704716,2006-11-03 21:01:44.716,2006-09-19 22:58:10.360203156,33,16,3,8,6,1
1121,1121,1121,1121,1,7,40,1162587971716,2006-11-03 21:06:11.716,2006-09-19 22:58:10.443808970,33,13,8,8,4,1
1122,1122,1122,1122,1,1,10,1162589569716,2006-11-03 21:32:49.716,2006-09-19 22:58:10.944191337,9,4,2,2,1,1
1123,1123,1123,1123,1,11,70,1162593428716,2006-11-03 22:37:08.716,2006-09-19 22:58:12.152561522,59,19,14,14,12,1
1124,1124,1124,1124,1,2,20,1162594108716,2006-11-03 22:48:28.716,2006-09-19 22:58:12.365490188,18,5,4,4,5,1
1125,1125,1125,1125,1,13,100,1162594747716,2006-11-03 22:59:07.716,2006-09-19 22:58:12.565580509,87,41,9,21,16,1
1126,1126,1126,1126,1,1,20,1162595492716,2006-11-03 23:11:32.716,2006-09-19 22:58:12.798862651,19,4,4,4,7,1
1127,1127,1127,1127,1,1,10,1162595750716,2006-11-03 23:15:50.716,2006-09-19 22:58:12.879650293,9,1,2,2,4,1
1128,1128,1128,1128,1,1,10,1162596246716,2006-11-03 23:24:06.716,2006-09-19 22:58:13.034962967,9,3,2,2,2,1
1129,1129,1129,1129,4,80,910,1162596326716,2006-11-03 23:25:26.716,2006-09-19 22:58:13.060013399,830,205,207,207,211,1
1130,1130,1130,1130,1,11,70,1162596591716,2006-11-03 23:29:51.716,2006-09-19 22:58:13.142992953,59,15,14,14,16,1
1131,1131,1131,1131,1,12,100,1162597014716,2006-11-03 23:36:54.716,2006-09-19 22:58:13.275447109,88,27,22,22,17,1
1132,1132,1132,1132,1,2,40,1162597150716,2006-11-03 23:39:10.716,2006-09-19 22:58:13.318032842,38,17,6,9,6,1
1133,1133,1133,1133,1,1,10,1162597421716,2006-11-03 23:43:41.716,2006-09-19 22:58:13.402891178,9,4,2,2,1,1
1134,1134,1134,1134,1,6,40,1162597546716,2006-11-03 23:45:46.716,2006-09-19 22:58:13.442032477,34,11,8,8,7,1
1135,1135,1135,1135,1,1,10,1162597742716,2006-11-03 23:49:02.716,2006-09-19 22:58:13.503406034,9,4,2,2,1,1
1136,1136,1136,1136,9,303,1710,1162597977716,2006-11-03 23:52:57.716,2006-09-19 22:58:13.576991676,1407,531,248,348,280,3
1137,1137,1137,1137,1,3,30,1162598179716,2006-11-03 23:56:19.716,2006-09-19 22:58:13.640244016,27,6,6,6,9,1
1138,1138,1138,1138,1,3,30,1162598370716,2006-11-03 23:59:30.716,2006-09-19 22:58:13.700051921,27,10,6,6,5,1
1139,1139,1139,1139,1,13,100,1162598483716,2006-11-04 00:01:23.716,2006-09-19 22:58:13.735435655,87,21,21,21,24,1
1140,1140,1140,1140,1,5,30,1162598679716,2006-11-04 00:04:39.716,2006-09-19 22:58:13.796809212,25,8,6,6,5,1
1141,1141,1141,1141,1,40,400,1162598830716,2006-11-04 00:07:10.716,2006-09-19 22:58:13.844091901,360,119,90,83,68,1
1142,1142,1142,1142,1,4,30,1162599428716,2006-11-04 00:17:08.716,2006-09-19 22:58:14.031343876,26,5,6,6,9,1
1143,1143,1143,1143,1,9,70,1162599452716,2006-11-04 00:17:32.716,2006-09-19 22:58:14.038859005,61,29,12,12,8,1
1144,1144,1144,1144,1,1,20,1162600034716,2006-11-04 00:27:14.716,2006-09-19 22:58:14.221100894,19,8,4,4,3,1
1145,1145,1145,1145,1,1,10,1162600223716,2006-11-04 00:30:23.716,2006-09-19 22:58:14.280282538,9,1,2,2,4,1
1146,1146,1146,1146,1,5,30,1162600257716,2006-11-04 00:30:57.716,2006-09-19 22:58:14.290928971,25,7,6,6,6,1
1147,1147,1147,1147,1,1,10,1162600252716,2006-11-04 00:30:52.716,2006-09-19 22:58:14.289363319,9,2,2,2,3,1
1148,1148,1148,1148,1,12,70,1162600393716,2006-11-04 00:33:13.716,2006-09-19 22:58:14.333514704,58,13,14,14,17,1
1149,1149,1149,1149,10,318,1770,1162600745716,2006-11-04 00:39:05.716,2006-09-19 22:58:14.443736603,1452,345,363,363,381,3
1150,1150,1150,1150,1,3,20,1162600790716,2006-11-04 00:39:50.716,2006-09-19 22:58:14.457827470,17,4,4,4,5,1
1151,1151,1151,1151,1,5,30,1162600976716,2006-11-04 00:42:56.716,2006-09-19 22:58:14.516069723,25,12,4,4,5,1
1152,1152,1152,1152,1,3,20,1162601121716,2006-11-04 00:45:21.716,2006-09-19 22:58:14.561473630,17,7,3,4,3,1
1153,1153,1153,1153,1,4,30,1162601245716,2006-11-04 00:47:25.716,2006-09-19 22:58:14.600301799,26,10,6,5,5,1
1154,1154,1154,1154,1,2,20,1162601489716,2006-11-04 00:51:29.716,2006-09-19 22:58:14.676705614,18,6,4,4,4,1
1155,1155,1155,1155,1,4,30,1162601669716,2006-11-04 00:54:29.716,2006-09-19 22:58:14.733069085,26,5,6,6,9,1
1156,1156,1156,1156,1,3,50,1162602199716,2006-11-04 01:03:19.716,2006-09-19 22:58:14.899028193,47,19,10,9,9,1
1157,1157,1157,1157,1,5,30,1162602383716,2006-11-04 01:06:23.716,2006-09-19 22:58:14.956644185,25,9,5,6,5,1
1158,1158,1158,1158,1,9,50,1162602411716,2006-11-04 01:06:51.716,2006-09-19 22:58:14.965411836,41,20,3,10,8,1
1159,1159,1159,1159,1,3,70,1162602652716,2006-11-04 01:10:52.716,2006-09-19 22:58:15.040876261,67,33,14,10,10,1
1160,1160,1160,1160,1,5,30,1162602827716,2006-11-04 01:13:47.716,2006-09-19 22:58:15.095674079,25,11,5,5,4,1
1161,1161,1161,1161,1,2,30,1162603062716,2006-11-04 01:17:42.716,2006-09-19 22:58:15.169259722,28,11,5,7,5,1
1162,1162,1162,1162,1,3,30,1162603342716,2006-11-04 01:22:22.716,2006-09-19 22:58:15.256936232,27,13,5,6,3,1
1163,1163,1163,1163,1,4,30,1162603360716,2006-11-04 01:22:40.716,2006-09-19 22:58:15.262572579,26,11,5,6,4,1
1164,1164,1164,1164,1,2,30,1162603763716,2006-11-04 01:29:23.716,2006-09-19 22:58:15.388764127,28,9,7,7,5,1
1165,1165,1165,1165,1,50,290,1162603846716,2006-11-04 01:30:46.716,2006-09-19 22:58:15.414753949,240,77,56,60,47,1
1166,1166,1166,1166,1,3,20,1162604180716,2006-11-04 01:36:20.716,2006-09-19 22:58:15.519339500,17,4,4,4,5,1
1167,1167,1167,1167,1,16,130,1162604229716,2006-11-04 01:37:09.716,2006-09-19 22:58:15.534682890,114,35,28,28,23,1
1168,1168,1168,1168,1,1,10,1162604448716,2006-11-04 01:40:48.716,2006-09-19 22:58:15.603258445,9,1,2,2,4,1
1169,1169,1169,1169,6,84,910,1162604557716,2006-11-04 01:42:37.716,2006-09-19 22:58:15.637389658,826,385,81,201,159,1
1170,1170,1170,1170,1,14,100,1162604808716,2006-11-04 01:46:48.716,2006-09-19 22:58:15.715985387,86,18,21,21,26,1
1171,1171,1171,1171,1,19,100,1162605137716,2006-11-04 01:52:17.716,2006-09-19 22:58:15.819005286,81,28,18,19,16,1
1172,1172,1172,1172,1,1,10,1162605127716,2006-11-04 01:52:07.716,2006-09-19 22:58:15.815873982,9,1,2,2,4,1
1173,1173,1173,1173,1,1,10,1162605323716,2006-11-04 01:55:23.716,2006-09-19 22:58:15.877247539,9,1,2,2,4,1
1174,1174,1174,1174,1,10,70,1162605570716,2006-11-04 01:59:30.716,2006-09-19 22:58:15.954590746,60,28,12,14,6,1
1175,1175,1175,1175,1,2,20,1162606653716,2006-11-04 02:17:33.716,2006-09-19 22:58:16.293710961,18,4,4,4,6,1
1176,1176,1176,1176,1,16,100,1162608643716,2006-11-04 02:50:43.716,2006-09-19 22:58:16.916840441,84,39,20,11,14,1
1177,1177,1177,1177,1,44,670,1162609159716,2006-11-04 02:59:19.716,2006-09-19 22:58:17.078415724,626,194,153,155,124,1
1178,1178,1178,1178,1,3,20,1162609269716,2006-11-04 03:01:09.716,2006-09-19 22:58:17.112860067,17,4,4,4,5,1
1179,1179,1179,1179,1,1,10,1162613441716,2006-11-04 04:10:41.716,2006-09-19 22:58:18.419240064,9,1,2,2,4,1
1180,1180,1180,1180,1,3,20,1162613755716,2006-11-04 04:15:55.716,2006-09-19 22:58:18.517563007,17,4,4,4,5,1
1181,1181,1181,1181,1,2,20,1162613934716,2006-11-04 04:18:54.716,2006-09-19 22:58:18.573613347,18,9,4,3,2,1
1182,1182,1182,1182,1,1,10,1162614421716,2006-11-04 04:27:01.716,2006-09-19 22:58:18.726107849,9,1,2,2,4,1
1183,1183,1183,1183,1,1,10,1162615075716,2006-11-04 04:37:55.716,2006-09-19 22:58:18.930895125,9,1,2,2,4,1
1184,1184,1184,1184,1,1,10,1162621700716,2006-11-04 06:28:20.716,2006-09-19 22:58:21.005383975,9,2,2,2,3,1
1185,1185,1185,1185,1,40,210,1162626323716,2006-11-04 07:45:23.716,2006-09-19 22:58:22.452985779,170,37,42,42,49,1
1186,1186,1186,1186,1,1,10,1162637710716,2006-11-04 10:55:10.716,2006-09-19 22:58:26.018601556,9,4,2,2,1,1
1187,1187,1187,1187,1,1,10,1162665825716,2006-11-04 18:43:45.716,2006-09-19 22:58:34.822262538,9,4,2,2,1,1
1188,1188,1188,1188,1,15,160,1162667201716,2006-11-04 19:06:41.716,2006-09-19 22:58:35.253129958,145,64,33,22,26,1
1189,1189,1189,1189,1,54,350,1162667653716,2006-11-04 19:14:13.716,2006-09-19 22:58:35.394664895,296,122,57,69,48,1
1190,1190,1190,1190,1,1,10,1162668477716,2006-11-04 19:27:57.716,2006-09-19 22:58:35.652684338,9,2,2,2,3,1
1191,1191,1191,1191,1,21,160,1162669271716,2006-11-04 19:41:11.716,2006-09-19 22:58:35.901309870,139,43,34,34,28,1
1192,1192,1192,1192,1,32,320,1162669848716,2006-11-04 19:50:48.716,2006-09-19 22:58:36.081986106,288,66,72,72,78,1
1193,1193,1193,1193,1,1,10,1162671981716,2006-11-04 20:26:21.716,2006-09-19 22:58:36.749893233,9,2,2,2,3,1
1194,1194,1194,1194,1,1,20,1162672344716,2006-11-04 20:32:24.716,2006-09-19 22:58:36.863559566,19,3,4,4,8,1
1195,1195,1195,1195,1,1,10,1162672586716,2006-11-04 20:36:26.716,2006-09-19 22:58:36.939337121,9,2,2,2,3,1
1196,1196,1196,1196,1,3,20,1162674126716,2006-11-04 21:02:06.716,2006-09-19 22:58:37.421557925,17,4,4,4,5,1
1197,1197,1197,1197,1,29,150,1162686041716,2006-11-05 00:20:41.716,2006-09-19 22:58:41.152506550,121,41,27,30,23,1
1198,1198,1198,1198,1,1,10,1162689391716,2006-11-05 01:16:31.716,2006-09-19 22:58:42.201493364,9,4,2,2,1,1
1199,1199,1199,1199,1,28,410,1162689621716,2006-11-05 01:20:21.716,2006-09-19 22:58:42.273513355,382,122,93,94,73,1
1200,1200,1200,1200,1,3,20,1162690345716,2006-11-05 01:32:25.716,2006-09-19 22:58:42.500219759,17,6,4,4,3,1
1201,1201,1201,1201,1,1,20,1162690779716,2006-11-05 01:39:39.716,2006-09-19 22:58:42.636118349,19,5,4,4,6,1
1202,1202,1202,1202,1,1,20,1162691479716,2006-11-05 01:51:19.716,2006-09-19 22:58:42.855309624,19,5,4,4,6,1
1203,1203,1203,1203,1,1,20,1162691813716,2006-11-05 01:56:53.716,2006-09-19 22:58:42.959895175,19,6,4,4,5,1
1204,1204,1204,1204,1,2,20,1162692213716,2006-11-05 02:03:33.716,2006-09-19 22:58:43.085147332,18,7,4,4,3,1
1205,1205,1205,1205,1,1,10,1162693295716,2006-11-05 02:21:35.716,2006-09-19 22:58:43.423954416,9,4,2,2,1,1
1206,1206,1206,1206,1,1,10,1162693695716,2006-11-05 02:28:15.716,2006-09-19 22:58:43.549206573,9,3,2,2,2,1
1207,1207,1207,1207,1,1,10,1162693959716,2006-11-05 02:32:39.716,2006-09-19 22:58:43.631872997,9,1,2,2,4,1
1208,1208,1208,1208,1,1,10,1162694382716,2006-11-05 02:39:42.716,2006-09-19 22:58:43.764327153,9,3,2,2,2,1
1209,1209,1209,1209,1,1,10,1162694617716,2006-11-05 02:43:37.716,2006-09-19 22:58:43.837912795,9,1,2,2,4,1
1210,1210,1210,1210,1,1,10,1162695094716,2006-11-05 02:51:34.716,2006-09-19 22:58:43.987275992,9,2,2,2,3,1
1211,1211,1211,1211,1,1,10,1162695951716,2006-11-05 03:05:51.716,2006-09-19 22:58:44.255628738,9,3,2,2,2,1
1212,1212,1212,1212,1,1,10,1162696489716,2006-11-05 03:14:49.716,2006-09-19 22:58:44.424092889,9,3,2,2,2,1
1213,1213,1213,1213,1,1,10,1162697070716,2006-11-05 03:24:30.716,2006-09-19 22:58:44.606021647,9,4,2,2,1,1
1214,1214,1214,1214,1,1,10,1162698147716,2006-11-05 03:42:27.716,2006-09-19 22:58:44.943263080,9,3,2,2,2,1
1215,1215,1215,1215,1,1,10,1162698719716,2006-11-05 03:51:59.716,2006-09-19 22:58:45.122373664,9,3,2,2,2,1
1216,1216,1216,1216,1,1,10,1162699290716,2006-11-05 04:01:30.716,2006-09-19 22:58:45.301171118,9,2,2,2,3,1
1217,1217,1217,1217,1,1,10,1162699595716,2006-11-05 04:06:35.716,2006-09-19 22:58:45.396675888,9,3,2,2,2,1
1218,1218,1218,1218,1,1,10,1162699999716,2006-11-05 04:13:19.716,2006-09-19 22:58:45.523180566,9,2,2,2,3,1
1219,1219,1219,1219,1,1,10,1162700559716,2006-11-05 04:22:39.716,2006-09-19 22:58:45.698533586,9,2,2,2,3,1
1220,1220,1220,1220,1,1,10,1162700996716,2006-11-05 04:29:56.716,2006-09-19 22:58:45.835371568,9,2,2,2,3,1
1221,1221,1221,1221,1,1,10,1162701651716,2006-11-05 04:40:51.716,2006-09-19 22:58:46.040471975,9,2,2,2,3,1
1222,1222,1222,1222,1,2,20,1162702041716,2006-11-05 04:47:21.716,2006-09-19 22:58:46.162592828,18,7,4,4,3,1
1223,1223,1223,1223,1,1,10,1162704563716,2006-11-05 05:29:23.716,2006-09-19 22:58:46.952307677,9,4,2,2,1,1
1224,1224,1224,1224,1,1,10,1162705931716,2006-11-05 05:52:11.716,2006-09-19 22:58:47.380670054,9,1,2,2,4,1
1225,1225,1225,1225,1,1,10,1162713504716,2006-11-05 07:58:24.716,2006-09-19 22:58:49.752006515,9,3,2,2,2,1
1226,1226,1226,1226,1,2,20,1162762008716,2006-11-05 21:26:48.716,2006-09-19 22:59:04.940083067,18,7,4,4,3,1
1227,1227,1227,1227,1,1,10,1162762157716,2006-11-05 21:29:17.716,2006-09-19 22:59:04.986739495,9,1,2,2,4,1
1228,1228,1228,1228,1,1,10,1162770576716,2006-11-05 23:49:36.716,2006-09-19 22:59:07.622984269,9,3,2,2,2,1
1229,1229,1229,1229,1,1,10,1162770869716,2006-11-05 23:54:29.716,2006-09-19 22:59:07.714731473,9,3,2,2,2,1
1230,1230,1230,1230,1,1,10,1162771741716,2006-11-06 00:09:01.716,2006-09-19 22:59:07.987781176,9,3,2,2,2,1
1231,1231,1231,1231,1,1,10,1162771905716,2006-11-06 00:11:45.716,2006-09-19 22:59:08.039134560,9,1,2,2,4,1
1232,1232,1232,1232,1,1,10,1162772773716,2006-11-06 00:26:13.716,2006-09-19 22:59:08.310931741,9,1,2,2,4,1
1233,1233,1233,1233,1,1,10,1162777156716,2006-11-06 01:39:16.716,2006-09-19 22:59:09.683382250,9,3,2,2,2,1
1234,1234,1234,1234,1,1,10,1162777428716,2006-11-06 01:43:48.716,2006-09-19 22:59:09.768553717,9,4,2,2,1,1
1235,1235,1235,1235,1,1,10,1162777653716,2006-11-06 01:47:33.716,2006-09-19 22:59:09.839008055,9,4,2,2,1,1
1236,1236,1236,1236,1,1,10,1162777969716,2006-11-06 01:52:49.716,2006-09-19 22:59:09.937957259,9,2,2,2,3,1
1237,1237,1237,1237,1,1,10,1162780645716,2006-11-06 02:37:25.716,2006-09-19 22:59:10.775894189,9,3,2,2,2,1
1238,1238,1238,1238,1,1,10,1162780776716,2006-11-06 02:39:36.716,2006-09-19 22:59:10.816914271,9,2,2,2,3,1
1239,1239,1239,1239,1,10,130,1162780848716,2006-11-06 02:40:48.716,2006-09-19 22:59:10.839459659,120,43,28,27,22,1
1240,1240,1240,1240,1,23,130,1162780852716,2006-11-06 02:40:52.716,2006-09-19 22:59:10.840712180,107,47,15,24,21,1
1241,1241,1241,1241,1,44,270,1162781979716,2006-11-06 02:59:39.716,2006-09-19 22:59:11.193610133,226,100,52,49,25,1
1242,1242,1242,1242,2,67,410,1162782226716,2006-11-06 03:03:46.716,2006-09-19 22:59:11.270953340,343,114,80,83,66,1
1243,1243,1243,1243,2,146,830,1162782781716,2006-11-06 03:13:01.716,2006-09-19 22:59:11.444740707,684,219,163,168,134,1
1244,1244,1244,1244,1,21,130,1162782889716,2006-11-06 03:14:49.716,2006-09-19 22:59:11.478558790,109,25,27,27,30,1
1245,1245,1245,1245,1,18,130,1162783945716,2006-11-06 03:32:25.716,2006-09-19 22:59:11.809224484,112,24,28,28,32,1
1246,1246,1246,1246,1,9,130,1162784712716,2006-11-06 03:45:12.716,2006-09-19 22:59:12.049395495,121,24,30,30,37,1
1247,1247,1247,1247,1,11,210,1162784982716,2006-11-06 03:49:42.716,2006-09-19 22:59:12.133940701,199,96,29,36,38,1
1248,1248,1248,1248,1,73,390,1162785484716,2006-11-06 03:58:04.716,2006-09-19 22:59:12.291132158,317,123,54,77,63,1
1249,1249,1249,1249,1,4,30,1162786383716,2006-11-06 04:13:03.716,2006-09-19 22:59:12.572636381,26,13,5,4,4,1
1250,1250,1250,1250,1,5,30,1162786601716,2006-11-06 04:16:41.716,2006-09-19 22:59:12.640898806,25,11,6,6,2,1
1251,1251,1251,1251,1,51,420,1162787500716,2006-11-06 04:31:40.716,2006-09-19 22:59:12.922403029,369,99,92,92,86,1
1252,1252,1252,1252,1,1,10,1162787872716,2006-11-06 04:37:52.716,2006-09-19 22:59:13.038887535,9,4,2,2,1,1
1253,1253,1253,1253,1,1,10,1162787997716,2006-11-06 04:39:57.716,2006-09-19 22:59:13.078028834,9,4,2,2,1,1
1254,1254,1254,1254,1,1,10,1162788286716,2006-11-06 04:44:46.716,2006-09-19 22:59:13.168523517,9,2,2,2,3,1
1255,1255,1255,1255,1,6,60,1162789158716,2006-11-06 04:59:18.716,2006-09-19 22:59:13.441573219,54,26,9,11,8,1
1256,1256,1256,1256,1,1,10,1162789548716,2006-11-06 05:05:48.716,2006-09-19 22:59:13.563694072,9,2,2,2,3,1
1257,1257,1257,1257,1,1,10,1162789817716,2006-11-06 05:10:17.716,2006-09-19 22:59:13.647926148,9,2,2,2,3,1
1258,1258,1258,1258,1,24,410,1162790177716,2006-11-06 05:16:17.716,2006-09-19 22:59:13.760653089,386,192,91,28,75,1
1259,1259,1259,1259,1,17,130,1162792472716,2006-11-06 05:54:32.716,2006-09-19 22:59:14.479287340,113,50,28,24,11,1
1260,1260,1260,1260,1,1,10,1162793554716,2006-11-06 06:12:34.716,2006-09-19 22:59:14.818094424,9,1,2,2,4,1
1261,1261,1261,1261,1,1,10,1162793941716,2006-11-06 06:19:01.716,2006-09-19 22:59:14.939275886,9,4,2,2,1,1
1262,1262,1262,1262,1,1,10,1162794299716,2006-11-06 06:24:59.716,2006-09-19 22:59:15.051376567,9,4,2,2,1,1
1263,1263,1263,1263,1,1,10,1162794490716,2006-11-06 06:28:10.716,2006-09-19 22:59:15.111184472,9,2,2,2,3,1
1264,1264,1264,1264,1,1,10,1162794587716,2006-11-06 06:29:47.716,2006-09-19 22:59:15.141558120,9,3,2,2,2,1
1265,1265,1265,1265,1,1,10,1162794681716,2006-11-06 06:31:21.716,2006-09-19 22:59:15.170992377,9,4,2,2,1,1
1266,1266,1266,1266,1,1,10,1162794954716,2006-11-06 06:35:54.716,2006-09-19 22:59:15.256476974,9,2,2,2,3,1
1267,1267,1267,1267,1,1,10,1162795058716,2006-11-06 06:37:38.716,2006-09-19 22:59:15.289042534,9,3,2,2,2,1
1268,1268,1268,1268,1,1,10,1162795296716,2006-11-06 06:41:36.716,2006-09-19 22:59:15.363567568,9,1,2,2,4,1
1269,1269,1269,1269,1,1,10,1162795522716,2006-11-06 06:45:22.716,2006-09-19 22:59:15.434335036,9,2,2,2,3,1
1270,1270,1270,1270,1,1,10,1162795606716,2006-11-06 06:46:46.716,2006-09-19 22:59:15.460637989,9,2,2,2,3,1
1271,1271,1271,1271,1,1,10,1162795693716,2006-11-06 06:48:13.716,2006-09-19 22:59:15.487880334,9,3,2,2,2,1
1272,1272,1272,1272,1,1,10,1162796179716,2006-11-06 06:56:19.716,2006-09-19 22:59:15.640061704,9,1,2,2,4,1
1273,1273,1273,1273,1,1,10,1162796669716,2006-11-06 07:04:29.716,2006-09-19 22:59:15.793495597,9,2,2,2,3,1
1274,1274,1274,1274,1,1,10,1162796882716,2006-11-06 07:08:02.716,2006-09-19 22:59:15.860192370,9,4,2,2,1,1
1275,1275,1275,1275,1,1,20,1162796918716,2006-11-06 07:08:38.716,2006-09-19 22:59:15.871465064,19,6,4,4,5,1
1276,1276,1276,1276,1,3,40,1162797567716,2006-11-06 07:19:27.716,2006-09-19 22:59:16.074686689,37,10,9,9,9,1
1277,1277,1277,1277,1,11,60,1162797942716,2006-11-06 07:25:42.716,2006-09-19 22:59:16.192110586,49,17,12,12,8,1
1278,1278,1278,1278,1,4,60,1162799410716,2006-11-06 07:50:10.716,2006-09-19 22:59:16.651786002,56,12,14,14,16,1
1279,1279,1279,1279,1,1,10,1162799793716,2006-11-06 07:56:33.716,2006-09-19 22:59:16.771714942,9,4,2,2,1,1
1280,1280,1280,1280,1,4,30,1162799928716,2006-11-06 07:58:48.716,2006-09-19 22:59:16.813987545,26,12,5,4,5,1
1281,1281,1281,1281,1,4,30,1162800120716,2006-11-06 08:02:00.716,2006-09-19 22:59:16.874108581,26,5,6,6,9,1
1282,1282,1282,1282,1,1,10,1162800741716,2006-11-06 08:12:21.716,2006-09-19 22:59:17.068562554,9,4,2,2,1,1
1283,1283,1283,1283,1,1,10,1162800873716,2006-11-06 08:14:33.716,2006-09-19 22:59:17.109895766,9,1,2,2,4,1
1284,1284,1284,1284,1,1,10,1162801342716,2006-11-06 08:22:22.716,2006-09-19 22:59:17.256753920,9,2,2,2,3,1
1285,1285,1285,1285,1,1,10,1162801464716,2006-11-06 08:24:24.716,2006-09-19 22:59:17.294955828,9,2,2,2,3,1
1286,1286,1286,1286,1,24,390,1162801556716,2006-11-06 08:25:56.716,2006-09-19 22:59:17.323763824,366,136,83,87,60,1
1287,1287,1287,1287,1,1,10,1162802237716,2006-11-06 08:37:17.716,2006-09-19 22:59:17.537005621,9,3,2,2,2,1
1288,1288,1288,1288,1,1,10,1162802716716,2006-11-06 08:45:16.716,2006-09-19 22:59:17.686995079,9,3,2,2,2,1
1289,1289,1289,1289,1,1,10,1162802845716,2006-11-06 08:47:25.716,2006-09-19 22:59:17.727388900,9,2,2,2,3,1
1290,1290,1290,1290,1,1,10,1162803102716,2006-11-06 08:51:42.716,2006-09-19 22:59:17.807863411,9,4,2,2,1,1
1291,1291,1291,1291,1,1,10,1162808036716,2006-11-06 10:13:56.716,2006-09-19 22:59:19.352848767,9,3,2,2,2,1
1292,1292,1292,1292,1,4,30,1162843663716,2006-11-06 20:07:43.716,2006-09-19 22:59:30.508745255,26,13,2,6,5,1
1293,1293,1293,1293,1,1,10,1162843706716,2006-11-06 20:08:26.716,2006-09-19 22:59:30.522209862,9,4,2,2,1,1
1294,1294,1294,1294,1,18,110,1162843925716,2006-11-06 20:12:05.716,2006-09-19 22:59:30.590785418,92,23,23,23,23,1
1295,1295,1295,1295,1,1,10,1162845678716,2006-11-06 20:41:18.716,2006-09-19 22:59:31.139702996,9,1,2,2,4,1
1296,1296,1296,1296,1,1,10,1162845746716,2006-11-06 20:42:26.716,2006-09-19 22:59:31.160995863,9,4,2,2,1,1
1297,1297,1297,1297,1,1,10,1162849460716,2006-11-06 21:44:20.716,2006-09-19 22:59:32.323962140,9,3,2,2,2,1
1298,1298,1298,1298,1,59,410,1162851415716,2006-11-06 22:16:55.716,2006-09-19 22:59:32.936132057,351,155,62,72,62,1
1299,1299,1299,1299,1,9,60,1162856432716,2006-11-06 23:40:32.716,2006-09-19 22:59:34.507107236,51,10,12,12,17,1
1300,1300,1300,1300,1,1,10,1162856878716,2006-11-06 23:47:58.716,2006-09-19 22:59:34.646763391,9,4,2,2,1,1
1301,1301,1301,1301,1,22,120,1162857019716,2006-11-06 23:50:19.716,2006-09-19 22:59:34.690914776,98,43,17,24,14,1
1302,1302,1302,1302,1,1,10,1162857451716,2006-11-06 23:57:31.716,2006-09-19 22:59:34.826187105,9,4,2,2,1,1
1303,1303,1303,1303,1,1,10,1162857551716,2006-11-06 23:59:11.716,2006-09-19 22:59:34.857500145,9,4,2,2,1,1
1304,1304,1304,1304,1,9,60,1162857761716,2006-11-07 00:02:41.716,2006-09-19 22:59:34.923257527,51,10,12,12,17,1
1305,1305,1305,1305,1,1,10,1162859489716,2006-11-07 00:31:29.716,2006-09-19 22:59:35.464346845,9,2,2,2,3,1
1306,1306,1306,1306,1,1,10,1162859930716,2006-11-07 00:38:50.716,2006-09-19 22:59:35.602437348,9,4,2,2,1,1
1307,1307,1307,1307,1,1,10,1162860029716,2006-11-07 00:40:29.716,2006-09-19 22:59:35.633437257,9,4,2,2,1,1
1308,1308,1308,1308,1,8,80,1162860249716,2006-11-07 00:44:09.716,2006-09-19 22:59:35.702325943,72,31,9,18,14,1
1309,1309,1309,1309,1,67,390,1162860891716,2006-11-07 00:54:51.716,2006-09-19 22:59:35.903355655,323,65,80,80,98,1
1310,1310,1310,1310,1,1,20,1162861249716,2006-11-07 01:00:49.716,2006-09-19 22:59:36.015456336,19,3,4,4,8,1
1311,1311,1311,1311,1,1,10,1162861395716,2006-11-07 01:03:15.716,2006-09-19 22:59:36.061173373,9,1,2,2,4,1
1312,1312,1312,1312,1,2,20,1162861505716,2006-11-07 01:05:05.716,2006-09-19 22:59:36.095617716,18,3,4,4,7,1
1313,1313,1313,1313,1,3,20,1162861814716,2006-11-07 01:10:14.716,2006-09-19 22:59:36.192375007,17,7,4,3,3,1
1314,1314,1314,1314,1,1,10,1162861944716,2006-11-07 01:12:24.716,2006-09-19 22:59:36.233081958,9,1,2,2,4,1
1315,1315,1315,1315,1,1,10,1162862085716,2006-11-07 01:14:45.716,2006-09-19 22:59:36.277233344,9,4,2,2,1,1
1316,1316,1316,1316,1,1,10,1162862191716,2006-11-07 01:16:31.716,2006-09-19 22:59:36.310425165,9,2,2,2,3,1
1317,1317,1317,1317,1,1,10,1162862402716,2006-11-07 01:20:02.716,2006-09-19 22:59:36.376495678,9,2,2,2,3,1
1318,1318,1318,1318,1,1,10,1162862539716,2006-11-07 01:22:19.716,2006-09-19 22:59:36.419394542,9,3,2,2,2,1
1319,1319,1319,1319,1,1,10,1162862781716,2006-11-07 01:26:21.716,2006-09-19 22:59:36.495172097,9,2,2,2,3,1
1320,1320,1320,1320,1,1,10,1162862840716,2006-11-07 01:27:20.716,2006-09-19 22:59:36.513646790,9,2,2,2,3,1
1321,1321,1321,1321,1,1,10,1162862913716,2006-11-07 01:28:33.716,2006-09-19 22:59:36.536505308,9,3,2,2,2,1
1322,1322,1322,1322,1,1,10,1162863010716,2006-11-07 01:30:10.716,2006-09-19 22:59:36.566878957,9,2,2,2,3,1
1323,1323,1323,1323,1,19,230,1162863286716,2006-11-07 01:34:46.716,2006-09-19 22:59:36.653302945,211,87,47,49,28,1
1324,1324,1324,1324,1,7,40,1162863317716,2006-11-07 01:35:17.716,2006-09-19 22:59:36.663009987,33,7,8,8,10,1
1325,1325,1325,1325,1,25,250,1162863862716,2006-11-07 01:44:22.716,2006-09-19 22:59:36.833666051,225,88,52,47,38,1
1326,1326,1326,1326,1,3,40,1162864214716,2006-11-07 01:50:14.716,2006-09-19 22:59:36.943887949,37,17,8,7,5,1
1327,1327,1327,1327,1,1,10,1162867335716,2006-11-07 02:42:15.716,2006-09-19 22:59:37.921167903,9,3,2,2,2,1
1328,1328,1328,1328,1,1,10,1162867437716,2006-11-07 02:43:57.716,2006-09-19 22:59:37.953107204,9,2,2,2,3,1
1329,1329,1329,1329,1,4,40,1162867495716,2006-11-07 02:44:55.716,2006-09-19 22:59:37.971268766,36,15,5,9,7,1
1330,1330,1330,1330,1,1,10,1162867524716,2006-11-07 02:45:24.716,2006-09-19 22:59:37.980349548,9,3,2,2,2,1
1331,1331,1331,1331,1,33,210,1162867904716,2006-11-07 02:51:44.716,2006-09-19 22:59:38.099339097,177,65,41,37,34,1
1332,1332,1332,1332,1,3,40,1162868061716,2006-11-07 02:54:21.716,2006-09-19 22:59:38.148500568,37,18,4,9,6,1
1333,1333,1333,1333,1,3,20,1162868836716,2006-11-07 03:07:16.716,2006-09-19 22:59:38.391176622,17,8,3,3,3,1
1334,1334,1334,1334,1,33,170,1162868871716,2006-11-07 03:07:51.716,2006-09-19 22:59:38.402136186,137,33,34,34,36,1
1335,1335,1335,1335,1,5,40,1162868955716,2006-11-07 03:09:15.716,2006-09-19 22:59:38.428439139,35,17,6,8,4,1
1336,1336,1336,1336,1,16,210,1162870255716,2006-11-07 03:30:55.716,2006-09-19 22:59:38.835508649,194,41,48,48,57,1
1337,1337,1337,1337,1,3,20,1162871332716,2006-11-07 03:48:52.716,2006-09-19 22:59:39.172750082,17,8,3,4,2,1
1338,1338,1338,1338,1,15,250,1162871645716,2006-11-07 03:54:05.716,2006-09-19 22:59:39.270759895,235,72,58,58,47,1
1339,1339,1339,1339,1,2,40,1162871722716,2006-11-07 03:55:22.716,2006-09-19 22:59:39.294870935,38,9,9,9,11,1
1340,1340,1340,1340,1,23,270,1162873050716,2006-11-07 04:17:30.716,2006-09-19 22:59:39.710708096,247,89,59,59,40,1
1341,1341,1341,1341,1,1,10,1162874363716,2006-11-07 04:39:23.716,2006-09-19 22:59:40.121848301,9,2,2,2,3,1
1342,1342,1342,1342,1,1,10,1162874428716,2006-11-07 04:40:28.716,2006-09-19 22:59:40.142201777,9,3,2,2,2,1
1343,1343,1343,1343,1,1,10,1162874514716,2006-11-07 04:41:54.716,2006-09-19 22:59:40.169130990,9,2,2,2,3,1
1344,1344,1344,1344,1,1,10,1162874613716,2006-11-07 04:43:33.716,2006-09-19 22:59:40.200130899,9,2,2,2,3,1
1345,1345,1345,1345,1,1,10,1162875192716,2006-11-07 04:53:12.716,2006-09-19 22:59:40.381433396,9,4,2,2,1,1
1346,1346,1346,1346,1,2,20,1162875425716,2006-11-07 04:57:05.716,2006-09-19 22:59:40.454392778,18,9,2,4,3,1
1347,1347,1347,1347,1,26,250,1162875624716,2006-11-07 05:00:24.716,2006-09-19 22:59:40.516705726,224,68,56,56,44,1
1348,1348,1348,1348,1,9,50,1162875818716,2006-11-07 05:03:38.716,2006-09-19 22:59:40.577453022,41,20,5,9,7,1
1349,1349,1349,1349,1,11,210,1162876021716,2006-11-07 05:07:01.716,2006-09-19 22:59:40.641018492,199,57,49,49,44,1
1350,1350,1350,1350,1,70,390,1162876053716,2006-11-07 05:07:33.716,2006-09-19 22:59:40.651038664,320,118,71,70,61,1
1351,1351,1351,1351,1,54,400,1162876253716,2006-11-07 05:10:53.716,2006-09-19 22:59:40.713664743,346,113,85,83,65,1
1352,1352,1352,1352,1,4,40,1162877610716,2006-11-07 05:33:30.716,2006-09-19 22:59:41.138582685,36,13,7,9,7,1
1353,1353,1353,1353,1,1,10,1162878022716,2006-11-07 05:40:22.716,2006-09-19 22:59:41.267592407,9,3,2,2,2,1
1354,1354,1354,1354,1,1,10,1162879202716,2006-11-07 06:00:02.716,2006-09-19 22:59:41.637086270,9,4,2,2,1,1
1355,1355,1355,1355,1,1,10,1162879581716,2006-11-07 06:06:21.716,2006-09-19 22:59:41.755762688,9,3,2,2,2,1
1356,1356,1356,1356,1,24,130,1162883816716,2006-11-07 07:16:56.716,2006-09-19 22:59:43.081869900,106,38,26,22,20,1
1357,1357,1357,1357,1,28,250,1162923287716,2006-11-07 18:14:47.716,2006-09-19 22:59:55.441439617,222,65,55,55,47,1
1358,1358,1358,1358,1,1,20,1162924032716,2006-11-07 18:27:12.716,2006-09-19 22:59:55.674721759,19,7,4,4,4,1
1359,1359,1359,1359,1,2,20,1162924394716,2006-11-07 18:33:14.716,2006-09-19 22:59:55.788074962,18,3,4,4,7,1
1360,1360,1360,1360,1,46,250,1162924416716,2006-11-07 18:33:36.716,2006-09-19 22:59:55.794963830,204,98,17,50,39,1
1361,1361,1361,1361,1,1,20,1162924566716,2006-11-07 18:36:06.716,2006-09-19 22:59:55.841933389,19,5,4,4,6,1
1362,1362,1362,1362,1,1,10,1162924795716,2006-11-07 18:39:55.716,2006-09-19 22:59:55.913640249,9,3,2,2,2,1
1363,1363,1363,1363,1,1,10,1162925038716,2006-11-07 18:43:58.716,2006-09-19 22:59:55.989730934,9,1,2,2,4,1
1364,1364,1364,1364,1,79,500,1162928328716,2006-11-07 19:38:48.716,2006-09-19 22:59:57.019929925,421,176,70,91,84,1
1365,1365,1365,1365,1,1,20,1162928607716,2006-11-07 19:43:27.716,2006-09-19 22:59:57.107293305,19,9,4,3,3,1
1366,1366,1366,1366,1,1,10,1162928779716,2006-11-07 19:46:19.716,2006-09-19 22:59:57.161151732,9,2,2,2,3,1
1367,1367,1367,1367,1,1,10,1162929108716,2006-11-07 19:51:48.716,2006-09-19 22:59:57.264171631,9,1,2,2,4,1
1368,1368,1368,1368,1,1,10,1162929220716,2006-11-07 19:53:40.716,2006-09-19 22:59:57.299242235,9,3,2,2,2,1
1369,1369,1369,1369,1,1,20,1162929509716,2006-11-07 19:58:29.716,2006-09-19 22:59:57.389736918,19,4,4,4,7,1
1370,1370,1370,1370,1,3,20,1162929736716,2006-11-07 20:02:16.716,2006-09-19 22:59:57.460817518,17,7,4,4,2,1
1371,1371,1371,1371,1,1,20,1162930175716,2006-11-07 20:09:35.716,2006-09-19 22:59:57.598281760,19,7,4,4,4,1
1372,1372,1372,1372,1,69,390,1162930280716,2006-11-07 20:11:20.716,2006-09-19 22:59:57.631160451,321,67,80,80,94,1
1373,1373,1373,1373,1,2,20,1162930427716,2006-11-07 20:13:47.716,2006-09-19 22:59:57.677190619,18,6,4,4,4,1
1374,1374,1374,1374,1,1,10,1162930438716,2006-11-07 20:13:58.716,2006-09-19 22:59:57.680635053,9,4,2,2,1,1
1375,1375,1375,1375,1,3,20,1162930871716,2006-11-07 20:21:11.716,2006-09-19 22:59:57.816220513,17,8,3,3,3,1
1376,1376,1376,1376,1,2,20,1162931070716,2006-11-07 20:24:30.716,2006-09-19 22:59:57.878533461,18,5,4,4,5,1
1377,1377,1377,1377,1,2,20,1162931045716,2006-11-07 20:24:05.716,2006-09-19 22:59:57.870705201,18,3,4,4,7,1
1378,1378,1378,1378,1,2,20,1162931600716,2006-11-07 20:33:20.716,2006-09-19 22:59:58.044492569,18,6,4,4,4,1
1379,1379,1379,1379,1,1,10,1162931772716,2006-11-07 20:36:12.716,2006-09-19 22:59:58.098350996,9,2,2,2,3,1
1380,1380,1380,1380,1,1,10,1162931804716,2006-11-07 20:36:44.716,2006-09-19 22:59:58.108371169,9,1,2,2,4,1
1381,1381,1381,1381,1,42,390,1162932098716,2006-11-07 20:41:38.716,2006-09-19 22:59:58.200431504,348,166,61,53,68,1
1382,1382,1382,1382,1,7,40,1162932484716,2006-11-07 20:48:04.716,2006-09-19 22:59:58.321299836,33,7,8,8,10,1
1383,1383,1383,1383,1,1,10,1162933155716,2006-11-07 20:59:15.716,2006-09-19 22:59:58.531410329,9,4,2,2,1,1
1384,1384,1384,1384,1,19,130,1162933178716,2006-11-07 20:59:38.716,2006-09-19 22:59:58.538612328,111,27,27,27,30,1
1385,1385,1385,1385,1,1,20,1162933319716,2006-11-07 21:01:59.716,2006-09-19 22:59:58.582763713,19,9,4,3,3,1
1386,1386,1386,1386,1,8,50,1162933928716,2006-11-07 21:12:08.716,2006-09-19 22:59:58.773460122,42,10,10,10,12,1
1387,1387,1387,1387,1,3,50,1162934038716,2006-11-07 21:13:58.716,2006-09-19 22:59:58.807904466,47,18,10,10,9,1
1388,1388,1388,1388,1,9,50,1162934085716,2006-11-07 21:14:45.716,2006-09-19 22:59:58.822621594,41,19,6,8,8,1
1389,1389,1389,1389,1,5,50,1162934358716,2006-11-07 21:19:18.716,2006-09-19 22:59:58.908106191,45,10,11,11,13,1
1390,1390,1390,1390,1,1,10,1162934633716,2006-11-07 21:23:53.716,2006-09-19 22:59:58.994217049,9,4,2,2,1,1
1391,1391,1391,1391,1,3,60,1162934894716,2006-11-07 21:28:14.716,2006-09-19 22:59:59.075944081,57,25,7,14,11,1
1392,1392,1392,1392,1,1,10,1162935110716,2006-11-07 21:31:50.716,2006-09-19 22:59:59.143580246,9,3,2,2,2,1
1393,1393,1393,1393,1,7,60,1162935457716,2006-11-07 21:37:37.716,2006-09-19 22:59:59.252236492,53,17,13,13,10,1
1394,1394,1394,1394,1,5,50,1162935777716,2006-11-07 21:42:57.716,2006-09-19 22:59:59.352438218,45,12,11,11,11,1
1395,1395,1395,1395,1,13,80,1162935937716,2006-11-07 21:45:37.716,2006-09-19 22:59:59.402539081,67,28,15,12,12,1
1396,1396,1396,1396,1,28,250,1162935984716,2006-11-07 21:46:24.716,2006-09-19 22:59:59.417256209,222,87,49,55,31,1
1397,1397,1397,1397,1,6,80,1162936443716,2006-11-07 21:54:03.716,2006-09-19 22:59:59.560983059,74,15,18,18,23,1
1398,1398,1398,1398,1,29,210,1162936574716,2006-11-07 21:56:14.716,2006-09-19 22:59:59.602003141,181,90,14,45,32,1
1399,1399,1399,1399,1,1,10,1162936638716,2006-11-07 21:57:18.716,2006-09-19 22:59:59.622043486,9,1,2,2,4,1
1400,1400,1400,1400,1,8,110,1162936891716,2006-11-07 22:01:31.716,2006-09-19 22:59:59.701265475,102,49,22,24,7,1
1401,1401,1401,1401,1,27,370,1162936940716,2006-11-07 22:02:20.716,2006-09-19 22:59:59.716608864,343,170,21,84,68,1
1402,1402,1402,1402,1,1,10,1162937174716,2006-11-07 22:06:14.716,2006-09-19 22:59:59.789881376,9,2,2,2,3,1
1403,1403,1403,1403,1,1,10,1162937539716,2006-11-07 22:12:19.716,2006-09-19 22:59:59.904173969,9,1,2,2,4,1
1404,1404,1404,1404,1,1,10,1162937807716,2006-11-07 22:16:47.716,2006-09-19 22:59:59.988092914,9,3,2,2,2,1
1405,1405,1405,1405,1,1,10,1162938429716,2006-11-07 22:27:09.716,2006-09-19 23:00:00.182860018,9,1,2,2,4,1
1406,1406,1406,1406,1,1,10,1162939965716,2006-11-07 22:52:45.716,2006-09-19 23:00:00.663828301,9,1,2,2,4,1
1407,1407,1407,1407,1,27,160,1162940477716,2006-11-07 23:01:17.716,2006-09-19 23:00:00.824151062,133,53,22,32,26,1
1408,1408,1408,1408,1,53,390,1162941068716,2006-11-07 23:11:08.716,2006-09-19 23:00:01.009211124,337,167,23,80,67,1
1409,1409,1409,1409,1,1,10,1162942711716,2006-11-07 23:38:31.716,2006-09-19 23:00:01.523684358,9,4,2,2,1,1
1410,1410,1410,1410,1,31,390,1162943094716,2006-11-07 23:44:54.716,2006-09-19 23:00:01.643613299,359,146,88,76,49,1
1411,1411,1411,1411,1,1,10,1162943471716,2006-11-07 23:51:11.716,2006-09-19 23:00:01.761663457,9,3,2,2,2,1
1412,1412,1412,1412,1,1,20,1162944747716,2006-11-08 00:12:27.716,2006-09-19 23:00:02.161217837,19,9,3,4,3,1
1413,1413,1413,1413,1,1,20,1162944914716,2006-11-08 00:15:14.716,2006-09-19 23:00:02.213510613,19,4,4,4,7,1
1414,1414,1414,1414,1,14,110,1162945320716,2006-11-08 00:22:00.716,2006-09-19 23:00:02.340641552,96,21,24,24,27,1
1415,1415,1415,1415,1,26,140,1162946189716,2006-11-08 00:36:29.716,2006-09-19 23:00:02.612751863,114,35,28,28,23,1
1416,1416,1416,1416,1,1,20,1162946280716,2006-11-08 00:38:00.716,2006-09-19 23:00:02.641246729,19,4,4,4,7,1
1417,1417,1417,1417,1,1,10,1162946486716,2006-11-08 00:41:26.716,2006-09-19 23:00:02.705751590,9,1,2,2,4,1
1418,1418,1418,1418,1,2,20,1162946504716,2006-11-08 00:41:44.716,2006-09-19 23:00:02.711387937,18,4,4,4,6,1
1419,1419,1419,1419,1,1,10,1162946602716,2006-11-08 00:43:22.716,2006-09-19 23:00:02.742074715,9,4,2,2,1,1
1420,1420,1420,1420,1,1,20,1162947487716,2006-11-08 00:58:07.716,2006-09-19 23:00:03.019195112,19,8,4,4,3,1
1421,1421,1421,1421,1,26,210,1162948785716,2006-11-08 01:19:45.716,2006-09-19 23:00:03.425638362,184,76,26,46,36,1
1422,1422,1422,1422,1,1,20,1162948900716,2006-11-08 01:21:40.716,2006-09-19 23:00:03.461648357,19,7,4,4,4,1
1423,1423,1423,1423,1,12,170,1162949623716,2006-11-08 01:33:43.716,2006-09-19 23:00:03.688041631,158,50,39,38,31,1
1424,1424,1424,1424,1,53,270,1162950108716,2006-11-08 01:41:48.716,2006-09-19 23:00:03.839909871,217,43,54,54,66,1
1425,1425,1425,1425,1,7,40,1162950431716,2006-11-08 01:47:11.716,2006-09-19 23:00:03.941050988,33,14,8,6,5,1
1426,1426,1426,1426,1,1,10,1162951083716,2006-11-08 01:58:03.716,2006-09-19 23:00:04.145212003,9,4,2,2,1,1
1427,1427,1427,1427,1,1,10,1162951459716,2006-11-08 02:04:19.716,2006-09-19 23:00:04.262949031,9,4,2,2,1,1
1428,1428,1428,1428,1,56,390,1162952005716,2006-11-08 02:13:25.716,2006-09-19 23:00:04.433918225,334,102,83,83,66,1
1429,1429,1429,1429,1,1,10,1162954114716,2006-11-08 02:48:34.716,2006-09-19 23:00:05.094310223,9,3,2,2,2,1
1430,1430,1430,1430,1,9,80,1162954245716,2006-11-08 02:50:45.716,2006-09-19 23:00:05.135330304,71,18,17,17,19,1
1431,1431,1431,1431,1,2,20,1162954302716,2006-11-08 02:51:42.716,2006-09-19 23:00:05.153178736,18,6,4,4,4,1
1432,1432,1432,1432,1,9,80,1162954491716,2006-11-08 02:54:51.716,2006-09-19 23:00:05.212360381,71,18,17,17,19,1
1433,1433,1433,1433,1,3,20,1162954726716,2006-11-08 02:58:46.716,2006-09-19 23:00:05.285946023,17,3,4,4,6,1
1434,1434,1434,1434,1,9,130,1162954817716,2006-11-08 03:00:17.716,2006-09-19 23:00:05.314440888,121,51,30,30,10,1
1435,1435,1435,1435,1,2,40,1162955132716,2006-11-08 03:05:32.716,2006-09-19 23:00:05.413076962,38,12,9,9,8,1
1436,1436,1436,1436,1,3,40,1162955236716,2006-11-08 03:07:16.716,2006-09-19 23:00:05.445642523,37,18,5,7,7,1
1437,1437,1437,1437,1,20,130,1162955418716,2006-11-08 03:10:18.716,2006-09-19 23:00:05.502632254,110,41,21,27,21,1
1438,1438,1438,1438,6,80,1000,1162955510716,2006-11-08 03:11:50.716,2006-09-19 23:00:05.531440250,920,313,201,226,180,1
1439,1439,1439,1439,4,140,930,1162955574716,2006-11-08 03:12:54.716,2006-09-19 23:00:05.551480596,790,177,197,197,219,1
1440,1440,1440,1440,1,21,110,1162955718716,2006-11-08 03:15:18.716,2006-09-19 23:00:05.596571372,89,42,20,10,17,1
1441,1441,1441,1441,1,5,90,1162955926716,2006-11-08 03:18:46.716,2006-09-19 23:00:05.661702494,85,39,10,20,16,1
1442,1442,1442,1442,1,16,110,1162956053716,2006-11-08 03:20:53.716,2006-09-19 23:00:05.701470053,94,22,23,23,26,1
1443,1443,1443,1443,7,167,1440,1162956222716,2006-11-08 03:23:42.716,2006-09-19 23:00:05.754389090,1273,498,261,264,250,2
1444,1444,1444,1444,1,19,110,1162956404716,2006-11-08 03:26:44.716,2006-09-19 23:00:05.811378821,91,18,22,22,29,1
1445,1445,1445,1445,1,1,20,1162956426716,2006-11-08 03:27:06.716,2006-09-19 23:00:05.818267690,19,3,4,4,8,1
1446,1446,1446,1446,1,32,210,1162957084716,2006-11-08 03:38:04.716,2006-09-19 23:00:06.024307488,178,85,27,42,24,1
1447,1447,1447,1447,1,1,10,1162957558716,2006-11-08 03:45:58.716,2006-09-19 23:00:06.172731294,9,2,2,2,3,1
1448,1448,1448,1448,1,24,130,1162957719716,2006-11-08 03:48:39.716,2006-09-19 23:00:06.223145287,106,40,23,23,20,1
1449,1449,1449,1449,1,19,130,1162958008716,2006-11-08 03:53:28.716,2006-09-19 23:00:06.313639971,111,45,27,27,12,1
1450,1450,1450,1450,1,16,130,1162958238716,2006-11-08 03:57:18.716,2006-09-19 23:00:06.385659961,114,55,26,17,16,1
1451,1451,1451,1451,1,18,130,1162958407716,2006-11-08 04:00:07.716,2006-09-19 23:00:06.438578997,112,52,24,24,12,1
1452,1452,1452,1452,1,10,60,1162959461716,2006-11-08 04:17:41.716,2006-09-19 23:00:06.768618431,50,11,12,12,15,1
1453,1453,1453,1453,1,4,30,1162959760716,2006-11-08 04:22:40.716,2006-09-19 23:00:06.862244418,26,11,5,6,4,1
1454,1454,1454,1454,3,44,810,1162959949716,2006-11-08 04:25:49.716,2006-09-19 23:00:06.921426062,766,303,163,162,138,1
1455,1455,1455,1455,1,94,500,1162960894716,2006-11-08 04:41:34.716,2006-09-19 23:00:07.217334283,406,130,95,101,80,1
1456,1456,1456,1456,1,3,20,1162961564716,2006-11-08 04:52:44.716,2006-09-19 23:00:07.427131646,17,4,4,4,5,1
1457,1457,1457,1457,4,145,960,1162961692716,2006-11-08 04:54:52.716,2006-09-19 23:00:07.467212336,815,247,202,203,163,1
1458,1458,1458,1458,1,32,390,1162961866716,2006-11-08 04:57:46.716,2006-09-19 23:00:07.521697024,358,78,89,89,102,1
1459,1459,1459,1459,1,4,30,1162963031716,2006-11-08 05:17:11.716,2006-09-19 23:00:07.886493931,26,10,5,6,5,1
1460,1460,1460,1460,1,7,70,1162963191716,2006-11-08 05:19:51.716,2006-09-19 23:00:07.936594794,63,26,15,11,11,1
1461,1461,1461,1461,1,57,390,1162963585716,2006-11-08 05:26:25.716,2006-09-19 23:00:08.059968169,333,130,76,83,44,1
1462,1462,1462,1462,1,8,130,1162963803716,2006-11-08 05:30:03.716,2006-09-19 23:00:08.128230594,122,49,29,29,15,1
1463,1463,1463,1463,1,49,330,1162964070716,2006-11-08 05:34:30.716,2006-09-19 23:00:08.211836409,281,85,70,70,56,1
1464,1464,1464,1464,7,213,1070,1162964186716,2006-11-08 05:36:26.716,2006-09-19 23:00:08.248159535,857,284,205,213,155,2
1465,1465,1465,1465,1,4,80,1162980212716,2006-11-08 10:03:32.716,2006-09-19 23:00:13.266387203,76,22,19,19,16,1
1466,1466,1466,1466,1,25,130,1163012023716,2006-11-08 18:53:43.716,2006-09-19 23:00:23.227378114,105,35,26,23,21,1
1467,1467,1467,1467,1,45,410,1163012561716,2006-11-08 19:02:41.716,2006-09-19 23:00:23.395842265,365,148,79,72,66,1
1468,1468,1468,1468,1,30,170,1163012872716,2006-11-08 19:07:52.716,2006-09-19 23:00:23.493225817,140,52,28,32,28,1
1469,1469,1469,1469,1,68,410,1163013228716,2006-11-08 19:13:48.716,2006-09-19 23:00:23.604700237,342,68,85,85,104,1
1470,1470,1470,1470,1,1,10,1163013379716,2006-11-08 19:16:19.716,2006-09-19 23:00:23.651982926,9,3,2,2,2,1
1471,1471,1471,1471,1,20,130,1163013690716,2006-11-08 19:21:30.716,2006-09-19 23:00:23.749366478,110,52,24,25,9,1
1472,1472,1472,1472,1,74,410,1163013697716,2006-11-08 19:21:37.716,2006-09-19 23:00:23.751558391,336,119,81,73,63,1
1473,1473,1473,1473,1,23,210,1163013888716,2006-11-08 19:24:48.716,2006-09-19 23:00:23.811366296,187,77,28,46,36,1
1474,1474,1474,1474,1,44,450,1163014159716,2006-11-08 19:29:19.716,2006-09-19 23:00:23.896224632,406,144,85,96,81,1
1475,1475,1475,1475,1,31,210,1163014220716,2006-11-08 19:30:20.716,2006-09-19 23:00:23.915325586,179,67,41,44,27,1
1476,1476,1476,1476,1,34,200,1163014852716,2006-11-08 19:40:52.716,2006-09-19 23:00:24.113223994,166,80,24,37,25,1
1477,1477,1477,1477,1,3,20,1163015260716,2006-11-08 19:47:40.716,2006-09-19 23:00:24.240981194,17,7,3,4,3,1
1478,1478,1478,1478,1,5,30,1163015355716,2006-11-08 19:49:15.716,2006-09-19 23:00:24.270728582,25,11,3,6,5,1
1479,1479,1479,1479,1,1,10,1163015455716,2006-11-08 19:50:55.716,2006-09-19 23:00:24.302041621,9,3,2,2,2,1
1480,1480,1480,1480,1,18,110,1163015556716,2006-11-08 19:52:36.716,2006-09-19 23:00:24.333667790,92,21,23,23,25,1
1481,1481,1481,1481,1,30,450,1163015686716,2006-11-08 19:54:46.716,2006-09-19 23:00:24.374374741,420,181,87,71,81,1
1482,1482,1482,1482,1,14,110,1163016549716,2006-11-08 20:09:09.716,2006-09-19 23:00:24.644606270,96,24,24,24,24,1
1483,1483,1483,1483,1,23,470,1163016586716,2006-11-08 20:09:46.716,2006-09-19 23:00:24.656192095,447,107,111,111,118,1
1484,1484,1484,1484,1,1,20,1163016650716,2006-11-08 20:10:50.716,2006-09-19 23:00:24.676232440,19,8,4,4,3,1
1485,1485,1485,1485,1,17,170,1163016741716,2006-11-08 20:12:21.716,2006-09-19 23:00:24.704727305,153,63,34,34,22,1
1486,1486,1486,1486,1,1,10,1163016858716,2006-11-08 20:14:18.716,2006-09-19 23:00:24.741363561,9,3,2,2,2,1
1487,1487,1487,1487,1,40,260,1163016945716,2006-11-08 20:15:45.716,2006-09-19 23:00:24.768605905,220,44,55,55,66,1
1488,1488,1488,1488,1,1,10,1163017144716,2006-11-08 20:19:04.716,2006-09-19 23:00:24.830918853,9,4,2,2,1,1
1489,1489,1489,1489,1,24,210,1163017164716,2006-11-08 20:19:24.716,2006-09-19 23:00:24.837181461,186,90,19,40,37,1
1490,1490,1490,1490,8,107,1260,1163017360716,2006-11-08 20:22:40.716,2006-09-19 23:00:24.898555018,1153,442,207,274,230,2
1491,1491,1491,1491,1,22,210,1163017340716,2006-11-08 20:22:20.716,2006-09-19 23:00:24.892292410,188,48,47,47,46,1
1492,1492,1492,1492,1,17,210,1163017404716,2006-11-08 20:23:24.716,2006-09-19 23:00:24.912332756,193,95,18,48,32,1
1493,1493,1493,1493,1,29,480,1163017351716,2006-11-08 20:22:31.716,2006-09-19 23:00:24.895736845,451,149,112,108,82,1
1494,1494,1494,1494,1,63,450,1163017497716,2006-11-08 20:24:57.716,2006-09-19 23:00:24.941453882,387,109,96,96,86,1
1495,1495,1495,1495,1,31,210,1163017709716,2006-11-08 20:28:29.716,2006-09-19 23:00:25.007837525,179,83,33,30,33,1
1496,1496,1496,1496,3,60,420,1163017971716,2006-11-08 20:32:51.716,2006-09-19 23:00:25.089877688,360,115,88,86,71,1
1497,1497,1497,1497,1,56,470,1163018048716,2006-11-08 20:34:08.716,2006-09-19 23:00:25.113988728,414,92,103,103,116,1
1498,1498,1498,1498,1,22,210,1163018176716,2006-11-08 20:36:16.716,2006-09-19 23:00:25.154069418,188,71,40,45,32,1
1499,1499,1499,1499,1,73,410,1163018438716,2006-11-08 20:40:38.716,2006-09-19 23:00:25.236109581,337,144,51,76,66,1
1500,1500,1500,1500,1,26,210,1163018533716,2006-11-08 20:42:13.716,2006-09-19 23:00:25.265856968,184,81,29,40,34,1
1501,1501,1501,1501,1,25,210,1163018763716,2006-11-08 20:46:03.716,2006-09-19 23:00:25.337876959,185,57,46,46,36,1
1502,1502,1502,1502,1,25,470,1163018838716,2006-11-08 20:47:18.716,2006-09-19 23:00:25.361361738,445,136,110,111,88,1
1503,1503,1503,1503,1,26,260,1163018866716,2006-11-08 20:47:46.716,2006-09-19 23:00:25.370129389,234,73,57,58,46,1
1504,1504,1504,1504,1,1,10,1163018980716,2006-11-08 20:49:40.716,2006-09-19 23:00:25.405826254,9,1,2,2,4,1
1505,1505,1505,1505,1,45,410,1163019102716,2006-11-08 20:51:42.716,2006-09-19 23:00:25.444028162,365,98,91,91,85,1
1506,1506,1506,1506,1,61,450,1163019139716,2006-11-08 20:52:19.716,2006-09-19 23:00:25.455613986,389,101,97,97,94,1
1507,1507,1507,1507,8,163,1260,1163019252716,2006-11-08 20:54:12.716,2006-09-19 23:00:25.490997721,1097,230,274,274,319,2
1508,1508,1508,1508,1,1,10,1163019518716,2006-11-08 20:58:38.716,2006-09-19 23:00:25.574290405,9,1,2,2,4,1
1509,1509,1509,1509,1,1,10,1163019697716,2006-11-08 21:01:37.716,2006-09-19 23:00:25.630340745,9,2,2,2,3,1
1510,1510,1510,1510,1,36,210,1163020215716,2006-11-08 21:10:15.716,2006-09-19 23:00:25.792542288,174,81,20,42,31,1
1511,1511,1511,1511,5,127,810,1163020537716,2006-11-08 21:15:37.716,2006-09-19 23:00:25.893370275,683,150,170,170,193,1
1512,1512,1512,1512,1,90,470,1163020754716,2006-11-08 21:19:14.716,2006-09-19 23:00:25.961319570,380,118,92,95,75,1
1513,1513,1513,1513,1,13,260,1163020896716,2006-11-08 21:21:36.716,2006-09-19 23:00:26.005784086,247,91,58,53,45,1
1514,1514,1514,1514,5,146,1850,1163020967716,2006-11-08 21:22:47.716,2006-09-19 23:00:26.028016344,1704,746,298,399,261,1
1515,1515,1515,1515,1,10,210,1163021129716,2006-11-08 21:25:29.716,2006-09-19 23:00:26.078743467,200,86,44,44,26,1
1516,1516,1516,1516,1,30,210,1163021442716,2006-11-08 21:30:42.716,2006-09-19 23:00:26.176753280,180,60,42,44,34,1
1517,1517,1517,1517,1,86,470,1163021723716,2006-11-08 21:35:23.716,2006-09-19 23:00:26.264742920,384,126,89,93,76,1
1518,1518,1518,1518,1,22,260,1163021986716,2006-11-08 21:39:46.716,2006-09-19 23:00:26.347096213,238,59,59,59,61,1
1519,1519,1519,1519,1,1,10,1163022160716,2006-11-08 21:42:40.716,2006-09-19 23:00:26.401580902,9,2,2,2,3,1
1520,1520,1520,1520,1,15,260,1163022263716,2006-11-08 21:44:23.716,2006-09-19 23:00:26.433833332,245,67,61,61,56,1
1521,1521,1521,1521,1,49,260,1163022546716,2006-11-08 21:49:06.716,2006-09-19 23:00:26.522449233,211,75,45,52,39,1
1522,1522,1522,1522,1,25,250,1163022675716,2006-11-08 21:51:15.716,2006-09-19 23:00:26.562843054,225,96,41,53,35,1
1523,1523,1523,1523,1,1,10,1163022921716,2006-11-08 21:55:21.716,2006-09-19 23:00:26.639873130,9,1,2,2,4,1
1524,1524,1524,1524,1,13,110,1163022974716,2006-11-08 21:56:14.716,2006-09-19 23:00:26.656469041,97,33,24,23,17,1
1525,1525,1525,1525,1,22,250,1163023041716,2006-11-08 21:57:21.716,2006-09-19 23:00:26.677448777,228,52,57,57,62,1
1526,1526,1526,1526,1,1,10,1163023138716,2006-11-08 21:58:58.716,2006-09-19 23:00:26.707822425,9,4,2,2,1,1
1527,1527,1527,1527,3,48,500,1163023498716,2006-11-08 22:04:58.716,2006-09-19 23:00:26.820549367,452,195,89,107,61,1
1528,1528,1528,1528,1,25,150,1163024580716,2006-11-08 22:23:00.716,2006-09-19 23:00:27.159356451,125,42,28,30,25,1
1529,1529,1529,1529,1,32,250,1163024903716,2006-11-08 22:28:23.716,2006-09-19 23:00:27.260497568,218,46,54,54,64,1
1530,1530,1530,1530,1,25,260,1163025047716,2006-11-08 22:30:47.716,2006-09-19 23:00:27.305588344,235,53,58,58,66,1
1531,1531,1531,1531,1,35,250,1163025060716,2006-11-08 22:31:00.716,2006-09-19 23:00:27.309659039,215,81,50,47,37,1
1532,1532,1532,1532,1,1,10,1163025214716,2006-11-08 22:33:34.716,2006-09-19 23:00:27.357881120,9,3,2,2,2,1
1533,1533,1533,1533,1,7,80,1163025940716,2006-11-08 22:45:40.716,2006-09-19 23:00:27.585213785,73,30,12,17,14,1
1534,1534,1534,1534,1,23,210,1163026586716,2006-11-08 22:56:26.716,2006-09-19 23:00:27.787496018,187,78,29,46,34,1
1535,1535,1535,1535,1,2,40,1163026731716,2006-11-08 22:58:51.716,2006-09-19 23:00:27.832899925,38,10,9,9,10,1
1536,1536,1536,1536,1,19,250,1163026916716,2006-11-08 23:01:56.716,2006-09-19 23:00:27.890829048,231,52,57,57,65,1
1537,1537,1537,1537,1,1,10,1163027218716,2006-11-08 23:06:58.716,2006-09-19 23:00:27.985394426,9,2,2,2,3,1
1538,1538,1538,1538,1,31,410,1163027464716,2006-11-08 23:11:04.716,2006-09-19 23:00:28.062424503,379,75,94,94,116,1
1539,1539,1539,1539,1,50,390,1163028037716,2006-11-08 23:20:37.716,2006-09-19 23:00:28.241848218,340,111,83,82,64,1
1540,1540,1540,1540,1,42,270,1163028600716,2006-11-08 23:30:00.716,2006-09-19 23:00:28.418140628,228,91,47,51,39,1
1541,1541,1541,1541,1,17,260,1163029233716,2006-11-08 23:40:33.716,2006-09-19 23:00:28.616352167,243,69,60,60,54,1
1542,1542,1542,1542,1,41,310,1163029327716,2006-11-08 23:42:07.716,2006-09-19 23:00:28.645786424,269,73,67,67,62,1
1543,1543,1543,1543,1,3,40,1163029495716,2006-11-08 23:44:55.716,2006-09-19 23:00:28.698392330,37,12,9,9,7,1
1544,1544,1544,1544,1,50,260,1163029520716,2006-11-08 23:45:20.716,2006-09-19 23:00:28.706220589,210,69,47,52,42,1
1545,1545,1545,1545,1,4,40,1163030060716,2006-11-08 23:54:20.716,2006-09-19 23:00:28.875311001,36,16,4,9,7,1
1546,1546,1546,1546,1,5,30,1163030071716,2006-11-08 23:54:31.716,2006-09-19 23:00:28.878755436,25,11,4,6,4,1
1547,1547,1547,1547,1,5,40,1163030747716,2006-11-09 00:05:47.716,2006-09-19 23:00:29.090431581,35,16,4,8,7,1
1548,1548,1548,1548,1,2,40,1163031363716,2006-11-09 00:16:03.716,2006-09-19 23:00:29.283319903,38,19,4,9,6,1
1549,1549,1549,1549,1,5,40,1163031558716,2006-11-09 00:19:18.716,2006-09-19 23:00:29.344380329,35,14,6,8,7,1
1550,1550,1550,1550,1,7,40,1163031724716,2006-11-09 00:22:04.716,2006-09-19 23:00:29.396359974,33,15,6,6,6,1
1551,1551,1551,1551,1,5,40,1163031906716,2006-11-09 00:25:06.716,2006-09-19 23:00:29.453349706,35,10,8,8,9,1
1552,1552,1552,1552,1,44,260,1163032337716,2006-11-09 00:32:17.716,2006-09-19 23:00:29.588308905,216,92,50,49,25,1
1553,1553,1553,1553,1,7,40,1163032582716,2006-11-09 00:36:22.716,2006-09-19 23:00:29.665025851,33,9,8,8,8,1
1554,1554,1554,1554,1,5,70,1163032768716,2006-11-09 00:39:28.716,2006-09-19 23:00:29.723268104,65,19,16,16,14,1
1555,1555,1555,1555,1,6,80,1163033586716,2006-11-09 00:53:06.716,2006-09-19 23:00:29.979408765,74,23,18,18,15,1
1556,1556,1556,1556,1,35,250,1163033888716,2006-11-09 00:58:08.716,2006-09-19 23:00:30.073974143,215,60,53,53,49,1
1557,1557,1557,1557,1,8,80,1163034421716,2006-11-09 01:07:01.716,2006-09-19 23:00:30.240872642,72,32,11,16,13,1
1558,1558,1558,1558,1,14,80,1163034834716,2006-11-09 01:13:54.716,2006-09-19 23:00:30.370195494,66,13,16,16,21,1
1559,1559,1559,1559,1,14,80,1163035317716,2006-11-09 01:21:57.716,2006-09-19 23:00:30.521437474,66,30,11,12,13,1
1560,1560,1560,1560,1,8,80,1163035550716,2006-11-09 01:25:50.716,2006-09-19 23:00:30.594396855,72,16,18,18,20,1
1561,1561,1561,1561,1,29,350,1163035559716,2006-11-09 01:25:59.716,2006-09-19 23:00:30.597215029,321,96,80,80,65,1
1562,1562,1562,1562,1,13,80,1163035999716,2006-11-09 01:33:19.716,2006-09-19 23:00:30.734992402,67,33,5,16,13,1
1563,1563,1563,1563,1,19,210,1163036213716,2006-11-09 01:36:53.716,2006-09-19 23:00:30.802002306,191,59,47,47,38,1
1564,1564,1564,1564,1,36,210,1163037183716,2006-11-09 01:53:03.716,2006-09-19 23:00:31.105738786,174,81,20,41,32,1
1565,1565,1565,1565,1,23,210,1163037810716,2006-11-09 02:03:30.716,2006-09-19 23:00:31.302071542,187,64,46,42,35,1
1566,1566,1566,1566,1,1,10,1163038544716,2006-11-09 02:15:44.716,2006-09-19 23:00:31.531909250,9,2,2,2,3,1
1567,1567,1567,1567,1,13,210,1163038613716,2006-11-09 02:16:53.716,2006-09-19 23:00:31.553515247,197,47,49,49,52,1
1568,1568,1568,1568,1,2,20,1163038650716,2006-11-09 02:17:30.716,2006-09-19 23:00:31.565101072,18,8,3,4,3,1
1569,1569,1569,1569,1,3,30,1163038956716,2006-11-09 02:22:36.716,2006-09-19 23:00:31.660918972,27,13,4,5,5,1
1570,1570,1570,1570,1,11,80,1163039310716,2006-11-09 02:28:30.716,2006-09-19 23:00:31.771767131,69,14,17,17,21,1
1571,1571,1571,1571,1,6,80,1163039768716,2006-11-09 02:36:08.716,2006-09-19 23:00:31.915180850,74,16,18,18,22,1
1572,1572,1572,1572,1,12,80,1163039750716,2006-11-09 02:35:50.716,2006-09-19 23:00:31.909544503,68,19,17,17,15,1
1573,1573,1573,1573,1,1,10,1163039858716,2006-11-09 02:37:38.716,2006-09-19 23:00:31.943362586,9,1,2,2,4,1
1574,1574,1574,1574,1,1,10,1163040108716,2006-11-09 02:41:48.716,2006-09-19 23:00:32.021645184,9,2,2,2,3,1
1575,1575,1575,1575,1,9,150,1163040544716,2006-11-09 02:49:04.716,2006-09-19 23:00:32.158170035,141,30,35,35,41,1
1576,1576,1576,1576,1,1,10,1163040654716,2006-11-09 02:50:54.716,2006-09-19 23:00:32.192614378,9,2,2,2,3,1
1577,1577,1577,1577,1,11,80,1163040664716,2006-11-09 02:51:04.716,2006-09-19 23:00:32.195745682,69,34,17,11,7,1
1578,1578,1578,1578,1,2,20,1163041266716,2006-11-09 03:01:06.716,2006-09-19 23:00:32.384250178,18,3,4,4,7,1
1579,1579,1579,1579,1,10,80,1163041443716,2006-11-09 03:04:03.716,2006-09-19 23:00:32.439674258,70,30,15,14,11,1
1580,1580,1580,1580,1,4,50,1163041508716,2006-11-09 03:05:08.716,2006-09-19 23:00:32.460027733,46,22,6,10,8,1
1581,1581,1581,1581,1,1,10,1163044426716,2006-11-09 03:53:46.716,2006-09-19 23:00:33.373742218,9,2,2,2,3,1
1582,1582,1582,1582,1,11,80,1163044626716,2006-11-09 03:57:06.716,2006-09-19 23:00:33.436368297,69,22,17,17,13,1
1583,1583,1583,1583,1,22,180,1163044850716,2006-11-09 04:00:50.716,2006-09-19 23:00:33.506509504,158,62,32,37,27,1
1584,1584,1584,1584,1,35,180,1163045820716,2006-11-09 04:17:00.716,2006-09-19 23:00:33.810245985,145,64,23,33,25,1
1585,1585,1585,1585,1,1,10,1163045897716,2006-11-09 04:18:17.716,2006-09-19 23:00:33.834357025,9,1,2,2,4,1
1586,1586,1586,1586,1,1,10,1163046224716,2006-11-09 04:23:44.716,2006-09-19 23:00:33.936750664,9,4,2,2,1,1
1587,1587,1587,1587,1,1,10,1163046425716,2006-11-09 04:27:05.716,2006-09-19 23:00:33.999689872,9,3,2,2,2,1
1588,1588,1588,1588,1,1,10,1163046824716,2006-11-09 04:33:44.716,2006-09-19 23:00:34.124628899,9,1,2,2,4,1
1589,1589,1589,1589,1,1,10,1163047031716,2006-11-09 04:37:11.716,2006-09-19 23:00:34.189446890,9,4,2,2,1,1
1590,1590,1590,1590,1,1,10,1163047281716,2006-11-09 04:41:21.716,2006-09-19 23:00:34.267729488,9,1,2,2,4,1
1591,1591,1591,1591,1,1,10,1163047507716,2006-11-09 04:45:07.716,2006-09-19 23:00:34.338496957,9,3,2,2,2,1
1592,1592,1592,1592,1,1,10,1163049867716,2006-11-09 05:24:27.716,2006-09-19 23:00:35.077484683,9,2,2,2,3,1
1593,1593,1593,1593,1,13,210,1163050054716,2006-11-09 05:27:34.716,2006-09-19 23:00:35.136040066,197,79,36,46,36,1
1594,1594,1594,1594,1,33,210,1163054722716,2006-11-09 06:45:22.716,2006-09-19 23:00:36.597732738,177,47,44,44,42,1
1595,1595,1595,1595,2,176,1290,1163055227716,2006-11-09 06:53:47.716,2006-09-19 23:00:36.755863586,1114,270,278,278,288,1
1596,1596,1596,1596,1,1,20,1163064709716,2006-11-09 09:31:49.716,2006-09-19 23:00:39.724965966,19,6,4,4,5,1
1597,1597,1597,1597,1,1,10,1163097849716,2006-11-09 18:44:09.716,2006-09-19 23:00:50.102107169,9,2,2,2,3,1
1598,1598,1598,1598,1,1,20,1163098449716,2006-11-09 18:54:09.716,2006-09-19 23:00:50.289985405,19,6,4,4,5,1
1599,1599,1599,1599,1,38,210,1163098469716,2006-11-09 18:54:29.716,2006-09-19 23:00:50.296248013,172,38,43,43,48,1
1600,1600,1600,1600,1,1,20,1163098988716,2006-11-09 19:03:08.716,2006-09-19 23:00:50.458762686,19,6,4,4,5,1
1601,1601,1601,1601,1,1,10,1163100270716,2006-11-09 19:24:30.716,2006-09-19 23:00:50.860195849,9,3,2,2,2,1
1602,1602,1602,1602,1,1,10,1163100439716,2006-11-09 19:27:19.716,2006-09-19 23:00:50.913114886,9,4,2,2,1,1
1603,1603,1603,1603,1,1,10,1163100997716,2006-11-09 19:36:37.716,2006-09-19 23:00:51.087841645,9,1,2,2,4,1
1604,1604,1604,1604,1,15,250,1163100961716,2006-11-09 19:36:01.716,2006-09-19 23:00:51.076568950,235,54,58,58,65,1
1605,1605,1605,1605,1,1,10,1163101175716,2006-11-09 19:39:35.716,2006-09-19 23:00:51.143578854,9,2,2,2,3,1
1606,1606,1606,1606,1,48,810,1163101455716,2006-11-09 19:44:15.716,2006-09-19 23:00:51.231255364,762,351,118,143,150,1
1607,1607,1607,1607,1,1,10,1163101693716,2006-11-09 19:48:13.716,2006-09-19 23:00:51.305780398,9,2,2,2,3,1
1608,1608,1608,1608,1,5,70,1163102020716,2006-11-09 19:53:40.716,2006-09-19 23:00:51.408174036,65,24,16,13,12,1
1609,1609,1609,1609,1,104,800,1163102819716,2006-11-09 20:06:59.716,2006-09-19 23:00:51.658365219,696,141,174,174,207,1
1610,1610,1610,1610,1,14,80,1163102909716,2006-11-09 20:08:29.716,2006-09-19 23:00:51.686546955,66,18,16,16,16,1
1611,1611,1611,1611,1,8,60,1163103547716,2006-11-09 20:19:07.716,2006-09-19 23:00:51.886324145,52,11,13,13,15,1
1612,1612,1612,1612,1,7,60,1163103913716,2006-11-09 20:25:13.716,2006-09-19 23:00:52.000929869,53,21,10,13,9,1
1613,1613,1613,1613,1,5,60,1163104287716,2006-11-09 20:31:27.716,2006-09-19 23:00:52.118040635,55,27,6,12,10,1
1614,1614,1614,1614,1,3,40,1163104286716,2006-11-09 20:31:26.716,2006-09-19 23:00:52.117727505,37,13,9,9,6,1
1615,1615,1615,1615,1,9,60,1163104533716,2006-11-09 20:35:33.716,2006-09-19 23:00:52.195070712,51,17,12,12,10,1
1616,1616,1616,1616,1,5,30,1163104779716,2006-11-09 20:39:39.716,2006-09-19 23:00:52.272100789,25,10,5,6,4,1
1617,1617,1617,1617,1,71,480,1163104960716,2006-11-09 20:42:40.716,2006-09-19 23:00:52.328777390,409,149,89,102,69,1
1618,1618,1618,1618,1,34,260,1163105058716,2006-11-09 20:44:18.716,2006-09-19 23:00:52.359464168,226,75,56,50,45,1
1619,1619,1619,1619,1,62,390,1163105505716,2006-11-09 20:51:45.716,2006-09-19 23:00:52.499433453,328,119,77,76,56,1
1620,1620,1620,1620,1,56,470,1163105605716,2006-11-09 20:53:25.716,2006-09-19 23:00:52.530746493,414,143,101,99,71,1
1621,1621,1621,1621,1,27,470,1163106308716,2006-11-09 21:05:08.716,2006-09-19 23:00:52.750877158,443,90,110,110,133,1
1622,1622,1622,1622,1,65,490,1163106833716,2006-11-09 21:13:53.716,2006-09-19 23:00:52.915270614,425,100,106,106,113,1
1623,1623,1623,1623,1,50,260,1163106988716,2006-11-09 21:16:28.716,2006-09-19 23:00:52.963805825,210,71,49,51,39,1
1624,1624,1624,1624,1,1,20,1163106932716,2006-11-09 21:15:32.716,2006-09-19 23:00:52.946270523,19,5,4,4,6,1
1625,1625,1625,1625,1,4,30,1163107340716,2006-11-09 21:22:20.716,2006-09-19 23:00:53.074027723,26,12,4,5,5,1
1626,1626,1626,1626,1,8,110,1163107576716,2006-11-09 21:26:16.716,2006-09-19 23:00:53.147926496,102,39,25,25,13,1
1627,1627,1627,1627,1,3,30,1163107956716,2006-11-09 21:32:36.716,2006-09-19 23:00:53.266916045,27,5,6,6,10,1
1628,1628,1628,1628,6,115,1790,1163108184716,2006-11-09 21:36:24.716,2006-09-19 23:00:53.338309775,1675,455,418,418,384,1
1629,1629,1629,1629,1,30,260,1163108240716,2006-11-09 21:37:20.716,2006-09-19 23:00:53.355845076,230,75,56,56,43,1
1630,1630,1630,1630,1,34,210,1163109627716,2006-11-09 22:00:27.716,2006-09-19 23:00:53.790156931,176,40,44,44,48,1
1631,1631,1631,1631,1,2,20,1163109886716,2006-11-09 22:04:46.716,2006-09-19 23:00:53.871257702,18,8,4,4,2,1
1632,1632,1632,1632,1,10,70,1163109983716,2006-11-09 22:06:23.716,2006-09-19 23:00:53.901631350,60,18,15,15,12,1
1633,1633,1633,1633,1,42,250,1163110364716,2006-11-09 22:12:44.716,2006-09-19 23:00:54.020934030,208,72,43,52,41,1
1634,1634,1634,1634,1,49,260,1163110692716,2006-11-09 22:18:12.716,2006-09-19 23:00:54.123640799,211,94,38,48,31,1
1635,1635,1635,1635,1,22,260,1163114321716,2006-11-09 23:18:41.716,2006-09-19 23:00:55.259990992,238,84,51,57,46,1
1636,1636,1636,1636,1,19,180,1163115718716,2006-11-09 23:41:58.716,2006-09-19 23:00:55.697434151,161,45,40,40,36,1
1637,1637,1637,1637,1,13,180,1163116356716,2006-11-09 23:52:36.716,2006-09-19 23:00:55.897211341,167,68,25,41,33,1
1638,1638,1638,1638,3,99,500,1163116855716,2006-11-10 00:00:55.716,2006-09-19 23:00:56.053463407,401,102,100,100,99,1
1639,1639,1639,1639,1,77,410,1163116966716,2006-11-10 00:02:46.716,2006-09-19 23:00:56.088220880,333,131,61,79,62,1
1640,1640,1640,1640,1,2,20,1163117651716,2006-11-10 00:14:11.716,2006-09-19 23:00:56.302715199,18,4,4,4,6,1
1641,1641,1641,1641,1,3,20,1163118131716,2006-11-10 00:22:11.716,2006-09-19 23:00:56.453017787,17,5,4,4,4,1
1642,1642,1642,1642,1,53,420,1163118386716,2006-11-10 00:26:26.716,2006-09-19 23:00:56.532866037,367,145,58,91,73,1
1643,1643,1643,1643,1,35,250,1163118573716,2006-11-10 00:29:33.716,2006-09-19 23:00:56.591421421,215,94,47,34,40,1
1644,1644,1644,1644,1,5,90,1163121345716,2006-11-10 01:15:45.716,2006-09-19 23:00:57.459418868,85,34,19,20,12,1
1645,1645,1645,1645,1,80,490,1163121620716,2006-11-10 01:20:20.716,2006-09-19 23:00:57.545529726,410,116,102,102,90,1
1646,1646,1646,1646,1,2,40,1163122014716,2006-11-10 01:26:54.716,2006-09-19 23:00:57.668903101,38,12,9,9,8,1
1647,1647,1647,1647,1,6,40,1163122486716,2006-11-10 01:34:46.716,2006-09-19 23:00:57.816700646,34,16,7,5,6,1
1648,1648,1648,1648,1,6,40,1163122617716,2006-11-10 01:36:57.716,2006-09-19 23:00:57.857720728,34,9,8,8,9,1
1649,1649,1649,1649,1,14,90,1163122684716,2006-11-10 01:38:04.716,2006-09-19 23:00:57.878700464,76,24,19,18,15,1
1650,1650,1650,1650,3,28,510,1163123058716,2006-11-10 01:44:18.716,2006-09-19 23:00:57.995811231,482,144,120,120,98,1
1651,1651,1651,1651,1,23,250,1163123871716,2006-11-10 01:57:51.716,2006-09-19 23:00:58.250386240,227,86,45,52,44,1
1652,1652,1652,1652,1,22,250,1163124359716,2006-11-10 02:05:59.716,2006-09-19 23:00:58.403193871,228,89,39,56,44,1
1653,1653,1653,1653,1,12,120,1163125019716,2006-11-10 02:16:59.716,2006-09-19 23:00:58.609859930,108,44,25,23,16,1
1654,1654,1654,1654,1,1,10,1163125219716,2006-11-10 02:20:19.716,2006-09-19 23:00:58.672486008,9,3,2,2,2,1
1655,1655,1655,1655,1,34,180,1163125224716,2006-11-10 02:20:24.716,2006-09-19 23:00:58.674051660,146,44,36,36,30,1
1656,1656,1656,1656,3,69,520,1163125624716,2006-11-10 02:27:04.716,2006-09-19 23:00:58.799303817,451,96,112,112,131,1
1657,1657,1657,1657,1,1,10,1163125643716,2006-11-10 02:27:23.716,2006-09-19 23:00:58.805253295,9,4,2,2,1,1
1658,1658,1658,1658,1,1,10,1163125776716,2006-11-10 02:29:36.716,2006-09-19 23:00:58.846899637,9,2,2,2,3,1
1659,1659,1659,1659,1,21,180,1163125967716,2006-11-10 02:32:47.716,2006-09-19 23:00:58.906707542,159,39,39,39,42,1
1660,1660,1660,1660,1,25,180,1163126192716,2006-11-10 02:36:32.716,2006-09-19 23:00:58.977161880,155,45,38,38,34,1
1661,1661,1661,1661,4,77,610,1163126631716,2006-11-10 02:43:51.716,2006-09-19 23:00:59.114626123,533,254,74,100,105,1
1662,1662,1662,1662,1,7,40,1163126658716,2006-11-10 02:44:18.716,2006-09-19 23:00:59.123080643,33,16,4,7,6,1
1663,1663,1663,1663,1,4,40,1163126897716,2006-11-10 02:48:17.716,2006-09-19 23:00:59.197918807,36,8,9,9,10,1
1664,1664,1664,1664,1,77,390,1163126892716,2006-11-10 02:48:12.716,2006-09-19 23:00:59.196353155,313,139,53,76,45,1
1665,1665,1665,1665,3,92,520,1163127132716,2006-11-10 02:52:12.716,2006-09-19 23:00:59.271504449,428,94,107,107,120,1
1666,1666,1666,1666,1,9,120,1163127394716,2006-11-10 02:56:34.716,2006-09-19 23:00:59.353544612,111,46,17,26,22,1
1667,1667,1667,1667,3,98,520,1163127724716,2006-11-10 03:02:04.716,2006-09-19 23:00:59.456877641,422,208,78,84,52,1
1668,1668,1668,1668,1,14,210,1163127721716,2006-11-10 03:02:01.716,2006-09-19 23:00:59.455938250,196,74,48,48,26,1
1669,1669,1669,1669,1,18,110,1163128314716,2006-11-10 03:11:54.716,2006-09-19 23:00:59.641624573,92,18,23,23,28,1
1670,1670,1670,1670,1,5,50,1163128511716,2006-11-10 03:15:11.716,2006-09-19 23:00:59.703311260,45,22,8,11,4,1
1671,1671,1671,1671,1,21,120,1163129020716,2006-11-10 03:23:40.716,2006-09-19 23:00:59.862694630,99,47,12,23,17,1
1672,1672,1672,1672,3,91,510,1163129248716,2006-11-10 03:27:28.716,2006-09-19 23:00:59.934088359,419,181,91,69,78,1
1673,1673,1673,1673,1,66,390,1163129337716,2006-11-10 03:28:57.716,2006-09-19 23:00:59.961956964,324,88,81,81,74,1
1674,1674,1674,1674,1,35,210,1163129791716,2006-11-10 03:36:31.716,2006-09-19 23:01:00.104118162,175,47,43,43,42,1
1675,1675,1675,1675,1,12,130,1163130375716,2006-11-10 03:46:15.716,2006-09-19 23:01:00.286986312,118,56,17,26,19,1
1676,1676,1676,1676,1,13,210,1163130495716,2006-11-10 03:48:15.716,2006-09-19 23:01:00.324561959,197,72,40,46,39,1
1677,1677,1677,1677,1,22,200,1163130873716,2006-11-10 03:54:33.716,2006-09-19 23:01:00.442925247,178,49,44,44,41,1
1678,1678,1678,1678,1,12,160,1163131084716,2006-11-10 03:58:04.716,2006-09-19 23:01:00.508995760,148,32,37,37,42,1
1679,1679,1679,1679,4,160,1040,1163131425716,2006-11-10 04:03:45.716,2006-09-19 23:01:00.615773224,880,348,195,172,165,1
1680,1680,1680,1680,1,13,130,1163131606716,2006-11-10 04:06:46.716,2006-09-19 23:01:00.672449825,117,54,23,20,20,1
1681,1681,1681,1681,1,1,10,1163131861716,2006-11-10 04:11:01.716,2006-09-19 23:01:00.752298075,9,2,2,2,3,1
1682,1682,1682,1682,1,1,10,1163133098716,2006-11-10 04:31:38.716,2006-09-19 23:01:01.139640370,9,1,2,2,4,1
1683,1683,1683,1683,1,1,10,1163134676716,2006-11-10 04:57:56.716,2006-09-19 23:01:01.633760129,9,4,2,2,1,1
1684,1684,1684,1684,3,35,510,1163134846716,2006-11-10 05:00:46.716,2006-09-19 23:01:01.686992296,475,228,65,115,67,1
1685,1685,1685,1685,1,1,10,1163136870716,2006-11-10 05:34:30.716,2006-09-19 23:01:02.320768210,9,3,2,2,2,1
1686,1686,1686,1686,1,18,100,1163136891716,2006-11-10 05:34:51.716,2006-09-19 23:01:02.327343948,82,17,20,20,25,1
1687,1687,1687,1687,1,13,110,1163137522716,2006-11-10 05:45:22.716,2006-09-19 23:01:02.524929226,97,46,12,22,17,1
1688,1688,1688,1688,1,36,260,1163145704716,2006-11-10 08:01:44.716,2006-09-19 23:01:05.086962096,224,77,56,55,36,1
1689,1689,1689,1689,1,42,260,1163146599716,2006-11-10 08:16:39.716,2006-09-19 23:01:05.367213797,218,44,54,54,66,1
1690,1690,1690,1690,1,19,260,1163152574716,2006-11-10 09:56:14.716,2006-09-19 23:01:07.238167892,241,58,60,60,63,1
1691,1691,1691,1691,1,18,150,1163187444716,2006-11-10 19:37:24.716,2006-09-19 23:01:18.157024673,132,56,31,27,18,1
1692,1692,1692,1692,1,1,10,1163187715716,2006-11-10 19:41:55.716,2006-09-19 23:01:18.241883010,9,3,2,2,2,1
1693,1693,1693,1693,1,7,110,1163189605716,2006-11-10 20:13:25.716,2006-09-19 23:01:18.833699451,103,38,20,25,20,1
1694,1694,1694,1694,1,13,130,1163190734716,2006-11-10 20:32:14.716,2006-09-19 23:01:19.187223664,117,57,28,17,15,1
1695,1695,1695,1695,1,24,410,1163192376716,2006-11-10 20:59:36.716,2006-09-19 23:01:19.701383769,386,104,96,96,90,1
1696,1696,1696,1696,1,9,180,1163194868716,2006-11-10 21:41:08.716,2006-09-19 23:01:20.481704706,171,79,34,30,28,1
1697,1697,1697,1697,1,1,20,1163198700716,2006-11-10 22:45:00.716,2006-09-19 23:01:21.681620370,19,6,4,4,5,1
1698,1698,1698,1698,1,48,250,1163200231716,2006-11-10 23:10:31.716,2006-09-19 23:01:22.161023001,202,72,43,50,37,1
1699,1699,1699,1699,1,23,180,1163200266716,2006-11-10 23:11:06.716,2006-09-19 23:01:22.171982564,157,69,25,32,31,1
1700,1700,1700,1700,1,21,110,1163201350716,2006-11-10 23:29:10.716,2006-09-19 23:01:22.511415910,89,21,22,22,24,1
1701,1701,1701,1701,1,12,110,1163202125716,2006-11-10 23:42:05.716,2006-09-19 23:01:22.754091964,98,25,24,24,25,1
1702,1702,1702,1702,1,11,120,1163202763716,2006-11-10 23:52:43.716,2006-09-19 23:01:22.953869154,109,49,15,27,18,1
1703,1703,1703,1703,1,2,20,1163204102716,2006-11-11 00:15:02.716,2006-09-19 23:01:23.373150750,18,6,4,4,4,1
1704,1704,1704,1704,1,30,260,1163205543716,2006-11-11 00:39:03.716,2006-09-19 23:01:23.824371645,230,83,50,52,45,1
1705,1705,1705,1705,1,7,110,1163206599716,2006-11-11 00:56:39.716,2006-09-19 23:01:24.155037339,103,50,12,24,17,1
1706,1706,1706,1706,3,74,510,1163207169716,2006-11-11 01:06:09.716,2006-09-19 23:01:24.333521663,436,148,94,109,85,1
1707,1707,1707,1707,3,42,510,1163207333716,2006-11-11 01:08:53.716,2006-09-19 23:01:24.384875047,468,184,95,109,80,1
1708,1708,1708,1708,1,58,410,1163208069716,2006-11-11 01:21:09.716,2006-09-19 23:01:24.615339016,352,140,75,71,66,1
1709,1709,1709,1709,1,16,110,1163208170716,2006-11-11 01:22:50.716,2006-09-19 23:01:24.646965186,94,47,7,23,17,1
1710,1710,1710,1710,1,34,470,1163208201716,2006-11-11 01:23:21.716,2006-09-19 23:01:24.656672228,436,165,95,98,78,1
1711,1711,1711,1711,1,24,410,1163209198716,2006-11-11 01:39:58.716,2006-09-19 23:01:24.968863229,386,163,88,62,73,1
1712,1712,1712,1712,1,5,30,1163209986716,2006-11-11 01:53:06.716,2006-09-19 23:01:25.215609978,25,5,6,6,8,1
1713,1713,1713,1713,1,2,20,1163210894716,2006-11-11 02:08:14.716,2006-09-19 23:01:25.499932374,18,7,4,4,3,1
1714,1714,1714,1714,1,1,30,1163211384716,2006-11-11 02:16:24.716,2006-09-19 23:01:25.653366267,29,9,7,7,6,1
1715,1715,1715,1715,1,79,400,1163211853716,2006-11-11 02:24:13.716,2006-09-19 23:01:25.800224421,321,153,73,75,20,1
1716,1716,1716,1716,1,24,410,1163213924716,2006-11-11 02:58:44.716,2006-09-19 23:01:26.448717463,386,161,69,83,73,1
1717,1717,1717,1717,1,3,20,1163214637716,2006-11-11 03:10:37.716,2006-09-19 23:01:26.671979433,17,7,4,4,2,1
1718,1718,1718,1718,1,80,410,1163215000716,2006-11-11 03:16:40.716,2006-09-19 23:01:26.785645766,330,146,70,58,56,1
1719,1719,1719,1719,3,165,1930,1163215074716,2006-11-11 03:17:54.716,2006-09-19 23:01:26.808817415,1765,660,427,350,328,1
1720,1720,1720,1720,2,23,330,1163215758716,2006-11-11 03:29:18.716,2006-09-19 23:01:27.022998603,307,128,75,60,44,1
1721,1721,1721,1721,1,13,200,1163217038716,2006-11-11 03:50:38.716,2006-09-19 23:01:27.423805505,187,76,30,44,37,1
1722,1722,1722,1722,1,38,400,1163217310716,2006-11-11 03:55:10.716,2006-09-19 23:01:27.508976972,362,164,87,67,44,1
1723,1723,1723,1723,1,26,410,1163218046716,2006-11-11 04:07:26.716,2006-09-19 23:01:27.739440941,384,113,96,96,79,1
1724,1724,1724,1724,2,186,1210,1163218929716,2006-11-11 04:22:09.716,2006-09-19 23:01:28.015935077,1024,245,256,256,267,1
1725,1725,1725,1725,1,3,60,1163219565716,2006-11-11 04:32:45.716,2006-09-19 23:01:28.215086007,57,20,12,14,11,1
1726,1726,1726,1726,5,405,3210,1163219627716,2006-11-11 04:33:47.716,2006-09-19 23:01:28.234500091,2805,1185,462,660,498,1
1727,1727,1727,1727,1,41,210,1163219806716,2006-11-11 04:36:46.716,2006-09-19 23:01:28.290550431,169,49,42,42,36,1
1728,1728,1728,1728,1,1,10,1163222492716,2006-11-11 05:21:32.716,2006-09-19 23:01:29.131618665,9,4,2,2,1,1
1729,1729,1729,1729,1,52,370,1163223161716,2006-11-11 05:32:41.716,2006-09-19 23:01:29.341102898,318,71,79,79,89,1
1730,1730,1730,1730,1,1,20,1163223550716,2006-11-11 05:39:10.716,2006-09-19 23:01:29.462910620,19,3,4,4,8,1
1731,1731,1731,1731,1,1,10,1163224563716,2006-11-11 05:56:03.716,2006-09-19 23:01:29.780111708,9,1,2,2,4,1
1732,1732,1732,1732,1,43,340,1163225301716,2006-11-11 06:08:21.716,2006-09-19 23:01:30.011201937,297,60,74,74,89,1
1733,1733,1733,1733,1,1,10,1163225944716,2006-11-11 06:19:04.716,2006-09-19 23:01:30.212544780,9,4,2,2,1,1
1734,1734,1734,1734,1,16,230,1163235364716,2006-11-11 08:56:04.716,2006-09-19 23:01:33.162233076,214,89,30,53,42,1
1735,1735,1735,1735,1,47,260,1163242176716,2006-11-11 10:49:36.716,2006-09-19 23:01:35.295277308,213,51,53,53,56,1
1736,1736,1736,1736,1,29,250,1163242711716,2006-11-11 10:58:31.716,2006-09-19 23:01:35.462802068,221,101,41,45,34,1
1737,1737,1737,1737,1,19,250,1163242976716,2006-11-11 11:02:56.716,2006-09-19 23:01:35.545781622,231,79,56,52,44,1
1738,1738,1738,1738,1,27,260,1163243215716,2006-11-11 11:06:55.716,2006-09-19 23:01:35.620619786,233,94,49,44,46,1
1739,1739,1739,1739,1,29,260,1163243713716,2006-11-11 11:15:13.716,2006-09-19 23:01:35.776558722,231,105,45,47,34,1
1740,1740,1740,1740,1,1,10,1163291761716,2006-11-12 00:36:01.716,2006-09-19 23:01:50.821847814,9,3,2,2,2,1
1741,1741,1741,1741,1,1,10,1163292309716,2006-11-12 00:45:09.716,2006-09-19 23:01:50.993443269,9,1,2,2,4,1
1742,1742,1742,1742,1,31,190,1163293053716,2006-11-12 00:57:33.716,2006-09-19 23:01:51.226412281,159,62,38,28,31,1
1743,1743,1743,1743,1,1,10,1163293190716,2006-11-12 00:59:50.716,2006-09-19 23:01:51.269311145,9,3,2,2,2,1
1744,1744,1744,1744,1,15,140,1163293457716,2006-11-12 01:04:17.716,2006-09-19 23:01:51.352916959,125,61,15,28,21,1
1745,1745,1745,1745,2,40,330,1163294492716,2006-11-12 01:21:32.716,2006-09-19 23:01:51.677006916,290,129,53,60,48,1
1746,1746,1746,1746,1,2,40,1163294783716,2006-11-12 01:26:23.716,2006-09-19 23:01:51.768127860,38,7,9,9,13,1
1747,1747,1747,1747,1,3,40,1163295012716,2006-11-12 01:30:12.716,2006-09-19 23:01:51.839834720,37,9,9,9,10,1
1748,1748,1748,1748,3,83,510,1163396326716,2006-11-13 05:38:46.716,2006-09-19 23:02:23.564327292,427,101,106,106,114,1
1749,1749,1749,1749,3,35,510,1163399384716,2006-11-13 06:29:44.716,2006-09-19 23:02:24.521880032,475,227,54,106,88,1
1750,1750,1750,1750,1,1,10,1163400764716,2006-11-13 06:52:44.716,2006-09-19 23:02:24.953999973,9,2,2,2,3,1
1751,1751,1751,1751,1,1,10,1163405596716,2006-11-13 08:13:16.716,2006-09-19 23:02:26.467046029,9,3,2,2,2,1
1752,1752,1752,1752,1,1,10,1163405658716,2006-11-13 08:14:18.716,2006-09-19 23:02:26.486460113,9,2,2,2,3,1
1753,1753,1753,1753,1,1,10,1163405844716,2006-11-13 08:17:24.716,2006-09-19 23:02:26.544702366,9,4,2,2,1,1
1754,1754,1754,1754,1,51,260,1163406112716,2006-11-13 08:21:52.716,2006-09-19 23:02:26.628621311,209,51,52,52,54,1
1755,1755,1755,1755,1,35,210,1163448168716,2006-11-13 20:02:48.716,2006-09-19 23:02:39.797633093,175,86,25,31,33,1
1756,1756,1756,1756,1,40,210,1163448819716,2006-11-13 20:13:39.716,2006-09-19 23:02:40.001480978,170,40,42,42,46,1
1757,1757,1757,1757,5,395,3210,1163449182716,2006-11-13 20:19:42.716,2006-09-19 23:02:40.115147311,2815,1061,515,694,545,1
1758,1758,1758,1758,1,13,210,1163450128716,2006-11-13 20:35:28.716,2006-09-19 23:02:40.411368662,197,81,32,49,35,1
1759,1759,1759,1759,5,424,3210,1163450141716,2006-11-13 20:35:41.716,2006-09-19 23:02:40.415439357,2786,906,634,696,550,1
1760,1760,1760,1760,1,34,290,1163451633716,2006-11-13 21:00:33.716,2006-09-19 23:02:40.882629902,256,60,64,64,68,1
1761,1761,1761,1761,1,37,210,1163451690716,2006-11-13 21:01:30.716,2006-09-19 23:02:40.900478335,173,71,39,40,23,1
1762,1762,1762,1762,3,33,510,1163451741716,2006-11-13 21:02:21.716,2006-09-19 23:02:40.916447985,477,175,118,96,88,1
1763,1763,1763,1763,1,25,210,1163455506716,2006-11-13 22:05:06.716,2006-09-19 23:02:42.095383912,185,76,34,39,36,1
1764,1764,1764,1764,1,8,120,1163465312716,2006-11-14 00:48:32.716,2006-09-19 23:02:45.165940540,112,36,27,27,22,1
1765,1765,1765,1765,1,6,70,1163465848716,2006-11-14 00:57:28.716,2006-09-19 23:02:45.333778430,64,28,11,14,11,1
1766,1766,1766,1766,1,19,120,1163466402716,2006-11-14 01:06:42.716,2006-09-19 23:02:45.507252667,101,23,25,25,28,1
1767,1767,1767,1767,1,8,70,1163466753716,2006-11-14 01:12:33.716,2006-09-19 23:02:45.617161435,62,25,10,15,12,1
1768,1768,1768,1768,3,54,510,1163467455716,2006-11-14 01:24:15.716,2006-09-19 23:02:45.836978970,456,212,100,102,42,1
1769,1769,1769,1769,1,2,20,1163469195716,2006-11-14 01:53:15.716,2006-09-19 23:02:46.381825853,18,4,4,4,6,1
1770,1770,1770,1770,1,14,120,1163469463716,2006-11-14 01:57:43.716,2006-09-19 23:02:46.465744798,106,41,21,26,18,1
1771,1771,1771,1771,1,40,240,1163469544716,2006-11-14 01:59:04.716,2006-09-19 23:02:46.491108360,200,66,45,50,39,1
1772,1772,1772,1772,1,38,210,1163483995716,2006-11-14 05:59:55.716,2006-09-19 23:02:51.016155660,172,46,43,43,40,1
1773,1773,1773,1773,3,382,1980,1163484970716,2006-11-14 06:16:10.716,2006-09-19 23:02:51.321457793,1598,499,396,399,304,1
1774,1774,1774,1774,3,317,1890,1163487450716,2006-11-14 06:57:30.716,2006-09-19 23:02:52.098021166,1573,601,388,367,217,1
1775,1775,1775,1775,1,5,60,1163488283716,2006-11-14 07:11:23.716,2006-09-19 23:02:52.358858783,55,21,11,12,11,1
1776,1776,1776,1776,1,3,20,1163490088716,2006-11-14 07:41:28.716,2006-09-19 23:02:52.924059141,17,3,4,4,6,1
1777,1777,1777,1777,1,30,260,1163491613716,2006-11-14 08:06:53.716,2006-09-19 23:02:53.401582989,230,85,43,56,46,1
1778,1778,1778,1778,1,35,400,1163492856716,2006-11-14 08:27:36.716,2006-09-19 23:02:53.790804067,365,145,80,74,66,1
1779,1779,1779,1779,7,311,1770,1163496142716,2006-11-14 09:22:22.716,2006-09-19 23:02:54.819750536,1459,605,276,308,270,2
1780,1780,1780,1780,3,28,510,1163498880716,2006-11-14 10:08:00.716,2006-09-19 23:02:55.677101550,482,127,120,120,115,1
1781,1781,1781,1781,3,94,510,1163499718716,2006-11-14 10:21:58.716,2006-09-19 23:02:55.939504819,416,133,96,104,83,1
1782,1782,1782,1782,1,30,260,1163502056716,2006-11-14 11:00:56.716,2006-09-19 23:02:56.671603677,230,66,57,57,50,1
1783,1783,1783,1783,7,295,2030,1163505884716,2006-11-14 12:04:44.716,2006-09-19 23:02:57.870266819,1735,468,433,433,401,2
1784,1784,1784,1784,1,19,130,1163532070716,2006-11-14 19:21:10.716,2006-09-19 23:03:06.069899273,111,53,15,21,22,1
1785,1785,1785,1785,1,20,110,1163535793716,2006-11-14 20:23:13.716,2006-09-19 23:03:07.235683724,90,29,21,22,18,1
1786,1786,1786,1786,7,295,2030,1163536272716,2006-11-14 20:31:12.716,2006-09-19 23:03:07.385673182,1735,495,433,433,374,2
1787,1787,1787,1787,1,17,120,1163536500716,2006-11-14 20:35:00.716,2006-09-19 23:03:07.457066911,103,32,25,25,21,1
1788,1788,1788,1788,1,6,110,1163537224716,2006-11-14 20:47:04.716,2006-09-19 23:03:07.683773315,104,40,25,24,15,1
1789,1789,1789,1789,3,134,1050,1163537522716,2006-11-14 20:52:02.716,2006-09-19 23:03:07.777086172,916,420,218,180,98,1
1790,1790,1790,1790,1,8,120,1163537764716,2006-11-14 20:56:04.716,2006-09-19 23:03:07.852863727,112,43,27,25,17,1
1791,1791,1791,1791,3,106,660,1163538010716,2006-11-14 21:00:10.716,2006-09-19 23:03:07.929893804,554,201,133,122,98,1
1792,1792,1792,1792,1,13,110,1163538693716,2006-11-14 21:11:33.716,2006-09-19 23:03:08.143761862,97,36,19,23,19,1
1793,1793,1793,1793,3,305,2010,1163538778716,2006-11-14 21:12:58.716,2006-09-19 23:03:08.170377945,1705,553,399,415,338,1
1794,1794,1794,1794,1,3,70,1163539930716,2006-11-14 21:32:10.716,2006-09-19 23:03:08.531104157,67,30,10,16,11,1
1795,1795,1795,1795,1,7,120,1163540545716,2006-11-14 21:42:25.716,2006-09-19 23:03:08.723679348,113,45,23,25,20,1
1796,1796,1796,1796,1,1,10,1163540703716,2006-11-14 21:45:03.716,2006-09-19 23:03:08.773153950,9,1,2,2,4,1
1797,1797,1797,1797,1,1,10,1163540883716,2006-11-14 21:48:03.716,2006-09-19 23:03:08.829517421,9,1,2,2,4,1
1798,1798,1798,1798,1,1,10,1163541062716,2006-11-14 21:51:02.716,2006-09-19 23:03:08.885567761,9,1,2,2,4,1
1799,1799,1799,1799,1,1,10,1163541124716,2006-11-14 21:52:04.716,2006-09-19 23:03:08.904981846,9,4,2,2,1,1
1800,1800,1800,1800,1,1,10,1163541156716,2006-11-14 21:52:36.716,2006-09-19 23:03:08.915002018,9,3,2,2,2,1
1801,1801,1801,1801,1,1,10,1163541188716,2006-11-14 21:53:08.716,2006-09-19 23:03:08.925022191,9,3,2,2,2,1
1802,1802,1802,1802,1,1,10,1163541216716,2006-11-14 21:53:36.716,2006-09-19 23:03:08.933789842,9,2,2,2,3,1
1803,1803,1803,1803,7,191,2030,1163541319716,2006-11-14 21:55:19.716,2006-09-19 23:03:08.966042272,1839,385,459,459,536,2
1804,1804,1804,1804,1,7,70,1163542497716,2006-11-14 22:14:57.716,2006-09-19 23:03:09.334909874,63,18,15,15,15,1
1805,1805,1805,1805,1,19,120,1163543035716,2006-11-14 22:23:55.716,2006-09-19 23:03:09.503374025,101,31,25,25,20,1
1806,1806,1806,1806,3,76,510,1163543376716,2006-11-14 22:29:36.716,2006-09-19 23:03:09.610151489,434,196,68,88,82,1
1807,1807,1807,1807,1,5,70,1163543875716,2006-11-14 22:37:55.716,2006-09-19 23:03:09.766403555,65,27,16,10,12,1
1808,1808,1808,1808,1,11,150,1163545543716,2006-11-14 23:05:43.716,2006-09-19 23:03:10.288705049,139,42,34,34,29,1
1809,1809,1809,1809,1,7,120,1163546080716,2006-11-14 23:14:40.716,2006-09-19 23:03:10.456856070,113,29,28,28,28,1
1810,1810,1810,1810,1,58,390,1163546152716,2006-11-14 23:15:52.716,2006-09-19 23:03:10.479401458,332,66,83,83,100,1
1811,1811,1811,1811,1,11,70,1163547213716,2006-11-14 23:33:33.716,2006-09-19 23:03:10.811632805,59,22,12,14,11,1
1812,1812,1812,1812,1,19,220,1163550252716,2006-11-15 00:24:12.716,2006-09-19 23:03:11.763236067,201,42,50,50,59,1
1813,1813,1813,1813,1,5,110,1163554185716,2006-11-15 01:29:45.716,2006-09-19 23:03:12.994777900,105,21,26,26,32,1
1814,1814,1814,1814,1,16,260,1163568974716,2006-11-15 05:36:14.716,2006-09-19 23:03:17.625663273,244,51,61,61,71,1
1815,1815,1815,1815,3,99,510,1163569555716,2006-11-15 05:45:55.716,2006-09-19 23:03:17.807592031,411,185,76,99,51,1
1816,1816,1816,1816,1,24,260,1163570624716,2006-11-15 06:03:44.716,2006-09-19 23:03:18.142328420,236,110,53,50,23,1
1817,1817,1817,1817,1,1,10,1163570913716,2006-11-15 06:08:33.716,2006-09-19 23:03:18.232823104,9,2,2,2,3,1
1818,1818,1818,1818,1,1,10,1163571111716,2006-11-15 06:11:51.716,2006-09-19 23:03:18.294822921,9,1,2,2,4,1
1819,1819,1819,1819,1,27,260,1163576230716,2006-11-15 07:37:10.716,2006-09-19 23:03:19.897737400,233,91,44,54,44,1
1820,1820,1820,1820,3,41,510,1163578498716,2006-11-15 08:14:58.716,2006-09-19 23:03:20.607917130,469,158,109,117,85,1
1821,1821,1821,1821,1,1,10,1163578539716,2006-11-15 08:15:39.716,2006-09-19 23:03:20.620755476,9,4,2,2,1,1
1822,1822,1822,1822,1,1,10,1163580466716,2006-11-15 08:47:46.716,2006-09-19 23:03:21.224157742,9,4,2,2,1,1
1823,1823,1823,1823,7,167,1010,1163580568716,2006-11-15 08:49:28.716,2006-09-19 23:03:21.256097042,843,253,210,210,170,2
1824,1824,1824,1824,1,1,10,1163621037716,2006-11-15 20:03:57.716,2006-09-19 23:03:33.928170891,9,2,2,2,3,1
1825,1825,1825,1825,1,15,120,1163621134716,2006-11-15 20:05:34.716,2006-09-19 23:03:33.958544539,105,46,21,22,16,1
1826,1826,1826,1826,1,3,70,1163621609716,2006-11-15 20:13:29.716,2006-09-19 23:03:34.107281475,67,24,14,16,13,1
1827,1827,1827,1827,1,23,120,1163622287716,2006-11-15 20:24:47.716,2006-09-19 23:03:34.319583881,97,32,23,23,19,1
1828,1828,1828,1828,1,20,120,1163622403716,2006-11-15 20:26:43.716,2006-09-19 23:03:34.355907007,100,21,25,25,29,1
1829,1829,1829,1829,1,20,220,1163622508716,2006-11-15 20:28:28.716,2006-09-19 23:03:34.388785698,200,92,37,41,30,1
1830,1830,1830,1830,1,43,220,1163622843716,2006-11-15 20:34:03.716,2006-09-19 23:03:34.493684379,177,50,44,44,39,1
1831,1831,1831,1831,1,30,220,1163623544716,2006-11-15 20:45:44.716,2006-09-19 23:03:34.713188784,190,88,47,39,16,1
1832,1832,1832,1832,1,15,110,1163623813716,2006-11-15 20:50:13.716,2006-09-19 23:03:34.797420860,95,24,23,23,25,1
1833,1833,1833,1833,1,35,220,1163624375716,2006-11-15 20:59:35.716,2006-09-19 23:03:34.973400140,185,92,28,32,33,1
1834,1834,1834,1834,1,20,120,1163624472716,2006-11-15 21:01:12.716,2006-09-19 23:03:35.003773789,100,45,13,24,18,1
1835,1835,1835,1835,1,16,110,1163624694716,2006-11-15 21:04:54.716,2006-09-19 23:03:35.073288736,94,46,10,23,15,1
1836,1836,1836,1836,1,6,90,1163624810716,2006-11-15 21:06:50.716,2006-09-19 23:03:35.109611861,84,25,21,21,17,1
1837,1837,1837,1837,1,12,120,1163625858716,2006-11-15 21:24:18.716,2006-09-19 23:03:35.437772512,108,44,21,24,19,1
1838,1838,1838,1838,1,22,120,1163625998716,2006-11-15 21:26:38.716,2006-09-19 23:03:35.481610767,98,44,15,24,15,1
1839,1839,1839,1839,1,18,220,1163626326716,2006-11-15 21:32:06.716,2006-09-19 23:03:35.584317536,202,93,26,49,34,1
1840,1840,1840,1840,1,23,220,1163626544716,2006-11-15 21:35:44.716,2006-09-19 23:03:35.652579962,197,59,49,49,40,1
1841,1841,1841,1841,1,19,170,1163626664716,2006-11-15 21:37:44.716,2006-09-19 23:03:35.690155609,151,39,37,37,38,1
1842,1842,1842,1842,2,33,290,1163627799716,2006-11-15 21:56:39.716,2006-09-19 23:03:36.045558604,257,88,57,64,48,1
1843,1843,1843,1843,1,31,220,1163628227716,2006-11-15 22:03:47.716,2006-09-19 23:03:36.179578412,189,93,31,44,21,1
1844,1844,1844,1844,1,44,230,1163629388716,2006-11-15 22:23:08.716,2006-09-19 23:03:36.543122797,186,91,18,43,34,1
1845,1845,1845,1845,1,9,110,1163633163716,2006-11-15 23:26:03.716,2006-09-19 23:03:37.725190029,101,48,21,14,18,1
1846,1846,1846,1846,1,8,120,1163633868716,2006-11-15 23:37:48.716,2006-09-19 23:03:37.945946955,112,45,21,25,21,1
1847,1847,1847,1847,1,6,80,1163635326716,2006-11-16 00:02:06.716,2006-09-19 23:03:38.402491067,74,36,9,18,11,1
1848,1848,1848,1848,1,38,210,1163636157716,2006-11-16 00:15:57.716,2006-09-19 23:03:38.662702423,172,57,39,43,33,1
1849,1849,1849,1849,1,32,220,1163637110716,2006-11-16 00:31:50.716,2006-09-19 23:03:38.961115687,188,54,47,47,40,1
1850,1850,1850,1850,1,20,220,1163638654716,2006-11-16 00:57:34.716,2006-09-19 23:03:39.444589013,200,58,50,50,42,1
1851,1851,1851,1851,1,29,170,1163638969716,2006-11-16 01:02:49.716,2006-09-19 23:03:39.543225087,141,58,31,35,17,1
1852,1852,1852,1852,1,84,470,1163640760716,2006-11-16 01:32:40.716,2006-09-19 23:03:40.104041619,386,95,96,96,99,1
1853,1853,1853,1853,1,83,470,1163641825716,2006-11-16 01:50:25.716,2006-09-19 23:03:40.437525487,387,125,95,95,72,1
1854,1854,1854,1854,1,31,170,1163642098716,2006-11-16 01:54:58.716,2006-09-19 23:03:40.523010084,139,45,34,34,26,1
1855,1855,1855,1855,1,41,470,1163642342716,2006-11-16 01:59:02.716,2006-09-19 23:03:40.599413900,429,193,55,105,76,1
1856,1856,1856,1856,3,83,510,1163642433716,2006-11-16 02:00:33.716,2006-09-19 23:03:40.627908766,427,201,65,79,82,1
1857,1857,1857,1857,1,20,170,1163642601716,2006-11-16 02:03:21.716,2006-09-19 23:03:40.680514672,150,48,35,37,30,1
1858,1858,1858,1858,1,29,170,1163642958716,2006-11-16 02:09:18.716,2006-09-19 23:03:40.792302222,141,63,31,19,28,1
1859,1859,1859,1859,1,74,470,1163643258716,2006-11-16 02:14:18.716,2006-09-19 23:03:40.886241340,396,96,99,99,102,1
1860,1860,1860,1860,1,78,470,1163643636716,2006-11-16 02:20:36.716,2006-09-19 23:03:41.004604628,392,140,95,95,62,1
1861,1861,1861,1861,1,25,170,1163643899716,2006-11-16 02:24:59.716,2006-09-19 23:03:41.086957921,145,56,34,36,19,1
1862,1862,1862,1862,1,36,470,1163644004716,2006-11-16 02:26:44.716,2006-09-19 23:03:41.119836612,434,142,103,107,82,1
1863,1863,1863,1863,1,22,170,1163644401716,2006-11-16 02:33:21.716,2006-09-19 23:03:41.244149378,148,61,37,26,24,1
1864,1864,1864,1864,1,92,470,1163644542716,2006-11-16 02:35:42.716,2006-09-19 23:03:41.288300763,378,78,94,94,112,1
1865,1865,1865,1865,1,32,170,1163644787716,2006-11-16 02:39:47.716,2006-09-19 23:03:41.365017709,138,46,34,33,25,1
1866,1866,1866,1866,1,26,470,1163644967716,2006-11-16 02:42:47.716,2006-09-19 23:03:41.421381180,444,134,111,111,88,1
1867,1867,1867,1867,1,12,170,1163644999716,2006-11-16 02:43:19.716,2006-09-19 23:03:41.431401353,158,44,39,39,36,1
1868,1868,1868,1868,1,13,200,1163645361716,2006-11-16 02:49:21.716,2006-09-19 23:03:41.544754555,187,47,46,46,48,1
1869,1869,1869,1869,1,76,480,1163645477716,2006-11-16 02:51:17.716,2006-09-19 23:03:41.581077680,404,182,49,97,76,1
1870,1870,1870,1870,3,89,520,1163645937716,2006-11-16 02:58:57.716,2006-09-19 23:03:41.725117661,431,146,101,99,85,1
1871,1871,1871,1871,1,9,110,1163646213716,2006-11-16 03:03:33.716,2006-09-19 23:03:41.811541649,101,22,25,25,29,1
1872,1872,1872,1872,12,323,2570,1163646256716,2006-11-16 03:04:16.716,2006-09-19 23:03:41.825006256,2247,1067,282,542,356,4
1873,1873,1873,1873,1,5,30,1163646540716,2006-11-16 03:09:00.716,2006-09-19 23:03:41.913935287,25,10,5,5,5,1
1874,1874,1874,1874,15,492,3080,1163648185716,2006-11-16 03:36:25.716,2006-09-19 23:03:42.429034783,2588,1226,534,361,467,7
1875,1875,1875,1875,20,460,3510,1163650697716,2006-11-16 04:18:17.716,2006-09-19 23:03:43.215618328,3050,1366,714,394,576,7
1876,1876,1876,1876,1,11,80,1163652838716,2006-11-16 04:53:58.716,2006-09-19 23:03:43.886030498,69,26,14,16,13,1
1877,1877,1877,1877,3,64,510,1163653602716,2006-11-16 05:06:42.716,2006-09-19 23:03:44.125262118,446,157,93,110,86,1
1878,1878,1878,1878,1,1,10,1163655716716,2006-11-16 05:41:56.716,2006-09-19 23:03:44.787219768,9,1,2,2,4,1
1879,1879,1879,1879,3,68,510,1163655720716,2006-11-16 05:42:00.716,2006-09-19 23:03:44.788472289,442,161,87,109,85,1
1880,1880,1880,1880,3,308,2010,1163657334716,2006-11-16 06:08:54.716,2006-09-19 23:03:45.293864742,1702,409,425,425,443,1
1881,1881,1881,1881,3,92,510,1163661266716,2006-11-16 07:14:26.716,2006-09-19 23:03:46.525093445,418,172,62,102,82,1
1882,1882,1882,1882,3,74,510,1163663736716,2006-11-16 07:55:36.716,2006-09-19 23:03:47.298525514,436,125,109,109,93,1
1883,1883,1883,1883,3,83,510,1163665602716,2006-11-16 08:26:42.716,2006-09-19 23:03:47.882826827,427,213,46,86,82,1
1884,1884,1884,1884,6,102,1390,1163704818716,2006-11-16 19:20:18.716,2006-09-19 23:04:00.162548294,1288,582,167,312,227,1
1885,1885,1885,1885,2,36,310,1163705278716,2006-11-16 19:27:58.716,2006-09-19 23:04:00.306588274,274,137,38,48,51,1
1886,1886,1886,1886,6,71,1400,1163705757716,2006-11-16 19:35:57.716,2006-09-19 23:04:00.456577732,1329,477,284,326,242,1
1887,1887,1887,1887,6,120,1390,1163706603716,2006-11-16 19:50:03.716,2006-09-19 23:04:00.721486044,1270,617,187,241,225,1
1888,1888,1888,1888,1,3,20,1163706612716,2006-11-16 19:50:12.716,2006-09-19 23:04:00.724304218,17,8,4,4,1,1
1889,1889,1889,1889,1,43,220,1163706957716,2006-11-16 19:55:57.716,2006-09-19 23:04:00.832334203,177,62,43,38,34,1
1890,1890,1890,1890,1,1,10,1163707357716,2006-11-16 20:02:37.716,2006-09-19 23:04:00.957586360,9,4,2,2,1,1
1891,1891,1891,1891,6,153,1390,1163707535716,2006-11-16 20:05:35.716,2006-09-19 23:04:01.013323570,1237,428,283,288,238,1
1892,1892,1892,1892,7,340,2000,1163707712716,2006-11-16 20:08:32.716,2006-09-19 23:04:01.068747649,1660,548,377,408,327,2
1893,1893,1893,1893,6,112,1390,1163708288716,2006-11-16 20:18:08.716,2006-09-19 23:04:01.249110755,1278,298,319,319,342,1
1894,1894,1894,1894,1,34,260,1163708730716,2006-11-16 20:25:30.716,2006-09-19 23:04:01.387514389,226,89,39,56,42,1
1895,1895,1895,1895,6,223,1400,1163709642716,2006-11-16 20:40:42.716,2006-09-19 23:04:01.673089306,1177,341,294,294,248,1
1896,1896,1896,1896,6,197,1390,1163710543716,2006-11-16 20:55:43.716,2006-09-19 23:04:01.955219790,1193,321,298,298,276,1
1897,1897,1897,1897,1,20,260,1163710995716,2006-11-16 21:03:15.716,2006-09-19 23:04:02.096754727,240,104,48,43,45,1
1898,1898,1898,1898,6,143,1390,1163711642716,2006-11-16 21:14:02.716,2006-09-19 23:04:02.299350091,1247,426,293,305,223,1
1899,1899,1899,1899,1,28,170,1163712019716,2006-11-16 21:20:19.716,2006-09-19 23:04:02.417400249,142,34,35,35,38,1
1900,1900,1900,1900,1,34,260,1163712653716,2006-11-16 21:30:53.716,2006-09-19 23:04:02.615924918,226,59,56,56,55,1
1901,1901,1901,1901,6,70,1390,1163712667716,2006-11-16 21:31:07.716,2006-09-19 23:04:02.620308743,1320,423,326,317,254,1
1902,1902,1902,1902,2,62,380,1163712771716,2006-11-16 21:32:51.716,2006-09-19 23:04:02.652874304,318,82,79,79,78,1
1903,1903,1903,1903,1,1,10,1163713077716,2006-11-16 21:37:57.716,2006-09-19 23:04:02.748692204,9,4,2,2,1,1
1904,1904,1904,1904,1,42,260,1163713608716,2006-11-16 21:46:48.716,2006-09-19 23:04:02.914964443,218,57,54,54,53,1
1905,1905,1905,1905,3,73,920,1163713672716,2006-11-16 21:47:52.716,2006-09-19 23:04:02.935004788,847,344,193,161,149,1
1906,1906,1906,1906,7,197,1020,1163713976716,2006-11-16 21:52:56.716,2006-09-19 23:04:03.030196427,823,333,146,191,153,2
1907,1907,1907,1907,1,1,10,1163715074716,2006-11-16 22:11:14.716,2006-09-19 23:04:03.374013598,9,4,2,2,1,1
1908,1908,1908,1908,6,137,1390,1163715459716,2006-11-16 22:17:39.716,2006-09-19 23:04:03.494568799,1253,391,307,309,246,1
1909,1909,1909,1909,6,100,1390,1163717704716,2006-11-16 22:55:04.716,2006-09-19 23:04:04.197546530,1290,571,159,319,241,1
1910,1910,1910,1910,3,48,510,1163722132716,2006-11-17 00:08:52.716,2006-09-19 23:04:05.584087907,462,160,97,115,90,1
1911,1911,1911,1911,3,92,510,1163732047716,2006-11-17 02:54:07.716,2006-09-19 23:04:08.688775747,418,172,95,91,60,1
1912,1912,1912,1912,1,1,10,1163740114716,2006-11-17 05:08:34.716,2006-09-19 23:04:11.214798623,9,1,2,2,4,1
1913,1913,1913,1913,1,18,180,1163740432716,2006-11-17 05:13:52.716,2006-09-19 23:04:11.314374087,162,50,40,40,32,1
1914,1914,1914,1914,1,2,20,1163740448716,2006-11-17 05:14:08.716,2006-09-19 23:04:11.319384174,18,5,4,4,5,1
1915,1915,1915,1915,1,1,10,1163740686716,2006-11-17 05:18:06.716,2006-09-19 23:04:11.393909207,9,1,2,2,4,1
1916,1916,1916,1916,1,47,260,1163740913716,2006-11-17 05:21:53.716,2006-09-19 23:04:11.464989806,213,53,53,53,54,1
1917,1917,1917,1917,1,54,390,1163741626716,2006-11-17 05:33:46.716,2006-09-19 23:04:11.688251776,336,127,66,76,67,1
1918,1918,1918,1918,6,151,1390,1163792172716,2006-11-17 19:36:12.716,2006-09-19 23:04:27.515740588,1239,424,262,308,245,1
1919,1919,1919,1919,2,34,310,1163792841716,2006-11-17 19:47:21.716,2006-09-19 23:04:27.725224821,276,125,48,48,55,1
1920,1920,1920,1920,7,155,1010,1163793331716,2006-11-17 19:55:31.716,2006-09-19 23:04:27.878658713,855,251,213,213,178,2
1921,1921,1921,1921,6,71,1410,1163793554716,2006-11-17 19:59:14.716,2006-09-19 23:04:27.948486791,1339,418,332,334,255,1
1922,1922,1922,1922,6,198,1390,1163795145716,2006-11-17 20:25:45.716,2006-09-19 23:04:28.446677245,1192,591,92,296,213,1
1923,1923,1923,1923,6,143,1390,1163796264716,2006-11-17 20:44:24.716,2006-09-19 23:04:28.797070154,1247,291,311,311,334,1
1924,1924,1924,1924,3,81,480,1163797131716,2006-11-17 20:58:51.716,2006-09-19 23:04:29.068554204,399,119,99,99,82,1
1925,1925,1925,1925,6,88,1390,1163797699716,2006-11-17 21:08:19.716,2006-09-19 23:04:29.246412267,1302,345,325,325,307,1
1926,1926,1926,1926,1,42,310,1163798685716,2006-11-17 21:24:45.716,2006-09-19 23:04:29.555158834,268,101,63,52,52,1
1927,1927,1927,1927,1,10,90,1163799150716,2006-11-17 21:32:30.716,2006-09-19 23:04:29.700764466,80,21,20,20,19,1
1928,1928,1928,1928,1,45,310,1163799441716,2006-11-17 21:37:21.716,2006-09-19 23:04:29.791885410,265,122,57,33,53,1
1929,1929,1929,1929,1,7,120,1163800122716,2006-11-17 21:48:42.716,2006-09-19 23:04:30.005127208,113,31,28,28,26,1
1930,1930,1930,1930,1,19,140,1163800965716,2006-11-17 22:02:45.716,2006-09-19 23:04:30.269096128,121,44,27,27,23,1
1931,1931,1931,1931,1,16,120,1163801452716,2006-11-17 22:10:52.716,2006-09-19 23:04:30.421590630,104,41,25,19,19,1
1932,1932,1932,1932,10,237,1770,1163802099716,2006-11-17 22:21:39.716,2006-09-19 23:04:30.624185993,1533,635,306,301,291,3
1933,1933,1933,1933,6,195,1390,1163805298716,2006-11-17 23:14:58.716,2006-09-19 23:04:31.625890119,1195,363,297,297,238,1
1934,1934,1934,1934,1,18,120,1163805522716,2006-11-17 23:18:42.716,2006-09-19 23:04:31.696031326,102,31,25,25,21,1
1935,1935,1935,1935,1,20,120,1163805694716,2006-11-17 23:21:34.716,2006-09-19 23:04:31.749889754,100,43,19,23,15,1
1936,1936,1936,1936,6,125,1390,1163806289716,2006-11-17 23:31:29.716,2006-09-19 23:04:31.936202337,1265,311,316,316,322,1
1937,1937,1937,1937,1,20,120,1163806895716,2006-11-17 23:41:35.716,2006-09-19 23:04:32.125959355,100,29,25,25,21,1
1938,1938,1938,1938,3,63,510,1163807713716,2006-11-17 23:55:13.716,2006-09-19 23:04:32.382100016,447,187,110,109,41,1
1939,1939,1939,1939,1,7,120,1163807858716,2006-11-17 23:57:38.716,2006-09-19 23:04:32.427503923,113,53,16,26,18,1
1940,1940,1940,1940,2,22,390,1163808037716,2006-11-18 00:00:37.716,2006-09-19 23:04:32.483554263,368,92,92,92,92,1
1941,1941,1941,1941,6,139,1390,1163809021716,2006-11-18 00:17:01.716,2006-09-19 23:04:32.791674569,1251,403,289,310,249,1
1942,1942,1942,1942,6,233,1390,1163810869716,2006-11-18 00:47:49.716,2006-09-19 23:04:33.370339534,1157,444,207,282,224,1
1943,1943,1943,1943,6,217,1390,1163812381716,2006-11-18 01:13:01.716,2006-09-19 23:04:33.843792688,1173,465,265,287,156,1
1944,1944,1944,1944,1,3,20,1163896659716,2006-11-19 00:37:39.716,2006-09-19 23:05:00.233795896,17,8,3,3,3,1
1945,1945,1945,1945,1,2,20,1163897520716,2006-11-19 00:52:00.716,2006-09-19 23:05:00.503401163,18,7,4,4,3,1
1946,1946,1946,1946,1,2,20,1163897989716,2006-11-19 00:59:49.716,2006-09-19 23:05:00.650259317,18,3,4,4,7,1
1947,1947,1947,1947,1,1,20,1163898349716,2006-11-19 01:05:49.716,2006-09-19 23:05:00.762986259,19,4,4,4,7,1
1948,1948,1948,1948,1,1,20,1163900634716,2006-11-19 01:43:54.716,2006-09-19 23:05:01.478489205,19,6,4,4,5,1
1949,1949,1949,1949,1,93,810,1163996768716,2006-11-20 04:26:08.716,2006-09-19 23:05:31.580966345,717,168,179,179,191,1
1950,1950,1950,1950,1,51,810,1163997267716,2006-11-20 04:34:27.716,2006-09-19 23:05:31.737218411,759,263,157,188,151,1
1951,1951,1951,1951,1,67,810,1163997772716,2006-11-20 04:42:52.716,2006-09-19 23:05:31.895349259,743,278,139,181,145,1
1952,1952,1952,1952,1,2,20,1164011279716,2006-11-20 08:27:59.716,2006-09-19 23:05:36.124801469,18,3,4,4,7,1
1953,1953,1953,1953,1,65,410,1164051551716,2006-11-20 19:39:11.716,2006-09-19 23:05:48.735188630,345,110,83,85,67,1
1954,1954,1954,1954,1,57,290,1164051910716,2006-11-20 19:45:10.716,2006-09-19 23:05:48.847602441,233,51,58,58,66,1
1955,1955,1955,1955,1,49,260,1164055595716,2006-11-20 20:46:35.716,2006-09-19 23:05:50.001487937,211,80,40,51,40,1
1956,1956,1956,1956,1,38,260,1164056341716,2006-11-20 20:59:01.716,2006-09-19 23:05:50.235083209,222,93,40,47,42,1
1957,1957,1957,1957,6,157,1390,1164056538716,2006-11-20 21:02:18.716,2006-09-19 23:05:50.296769897,1233,442,287,268,236,1
1958,1958,1958,1958,1,37,260,1164057473716,2006-11-20 21:17:53.716,2006-09-19 23:05:50.589546814,223,55,55,55,58,1
1959,1959,1959,1959,6,233,1390,1164057479716,2006-11-20 21:17:59.716,2006-09-19 23:05:50.591425596,1157,304,289,289,275,1
1960,1960,1960,1960,1,11,170,1164058568716,2006-11-20 21:36:08.716,2006-09-19 23:05:50.932424593,159,38,39,39,43,1
1961,1961,1961,1961,6,154,1390,1164058578716,2006-11-20 21:36:18.716,2006-09-19 23:05:50.935555897,1236,543,300,230,163,1
1962,1962,1962,1962,1,1,10,1164058735716,2006-11-20 21:38:55.716,2006-09-19 23:05:50.984717369,9,4,2,2,1,1
1963,1963,1963,1963,1,26,250,1164058745716,2006-11-20 21:39:05.716,2006-09-19 23:05:50.987848673,224,98,34,55,37,1
1964,1964,1964,1964,1,1,10,1164058946716,2006-11-20 21:42:26.716,2006-09-19 23:05:51.050787881,9,2,2,2,3,1
1965,1965,1965,1965,1,1,10,1164059328716,2006-11-20 21:48:48.716,2006-09-19 23:05:51.170403691,9,2,2,2,3,1
1966,1966,1966,1966,6,107,1390,1164060002716,2006-11-20 22:00:02.716,2006-09-19 23:05:51.381453576,1283,571,147,310,255,1
1967,1967,1967,1967,1,9,90,1164060190716,2006-11-20 22:03:10.716,2006-09-19 23:05:51.440322090,81,22,20,20,19,1
1968,1968,1968,1968,1,4,40,1164061861716,2006-11-20 22:31:01.716,2006-09-19 23:05:51.963562975,36,9,9,9,9,1
1969,1969,1969,1969,1,4,80,1164062019716,2006-11-20 22:33:39.716,2006-09-19 23:05:52.013037577,76,27,17,19,13,1
1970,1970,1970,1970,1,3,60,1164063112716,2006-11-20 22:51:52.716,2006-09-19 23:05:52.355289096,57,28,14,11,4,1
1971,1971,1971,1971,2,55,320,1164063610716,2006-11-20 23:00:10.716,2006-09-19 23:05:52.511228031,265,85,64,63,53,1
1972,1972,1972,1972,2,29,320,1164063992716,2006-11-20 23:06:32.716,2006-09-19 23:05:52.630843841,291,65,72,72,82,1
1973,1973,1973,1973,2,40,320,1164064399716,2006-11-20 23:13:19.716,2006-09-19 23:05:52.758287911,280,87,70,70,53,1
1974,1974,1974,1974,1,8,90,1164065180716,2006-11-20 23:26:20.716,2006-09-19 23:05:53.002842748,82,26,20,20,16,1
1975,1975,1975,1975,1,47,250,1164065693716,2006-11-20 23:34:53.716,2006-09-19 23:05:53.163478639,203,76,40,48,39,1
1976,1976,1976,1976,6,123,1390,1164065777716,2006-11-20 23:36:17.716,2006-09-19 23:05:53.189781592,1267,618,98,306,245,1
1977,1977,1977,1977,6,160,1400,1164067822716,2006-11-21 00:10:22.716,2006-09-19 23:05:53.830133244,1240,259,310,310,361,1
1978,1978,1978,1978,1,10,60,1164067785716,2006-11-21 00:09:45.716,2006-09-19 23:05:53.818547420,50,20,8,12,10,1
1979,1979,1979,1979,6,245,1390,1164068964716,2006-11-21 00:29:24.716,2006-09-19 23:05:54.187728152,1145,291,286,286,282,1
1980,1980,1980,1980,1,46,600,1164069009716,2006-11-21 00:30:09.716,2006-09-19 23:05:54.201819020,554,218,108,130,98,1
1981,1981,1981,1981,1,1,10,1164069607716,2006-11-21 00:40:07.716,2006-09-19 23:05:54.389070995,9,2,2,2,3,1
1982,1982,1982,1982,1,11,100,1164069858716,2006-11-21 00:44:18.716,2006-09-19 23:05:54.467666723,89,20,22,22,25,1
1983,1983,1983,1983,1,1,10,1164070758716,2006-11-21 00:59:18.716,2006-09-19 23:05:54.749484076,9,4,2,2,1,1
1984,1984,1984,1984,1,56,810,1164070878716,2006-11-21 01:01:18.716,2006-09-19 23:05:54.787059723,754,251,187,170,146,1
1985,1985,1985,1985,1,1,10,1164071716716,2006-11-21 01:15:16.716,2006-09-19 23:05:55.049462992,9,1,2,2,4,1
1986,1986,1986,1986,1,1,10,1164071795716,2006-11-21 01:16:35.716,2006-09-19 23:05:55.074200293,9,3,2,2,2,1
1987,1987,1987,1987,1,1,10,1164071913716,2006-11-21 01:18:33.716,2006-09-19 23:05:55.111149679,9,1,2,2,4,1
1988,1988,1988,1988,1,1,10,1164072033716,2006-11-21 01:20:33.716,2006-09-19 23:05:55.148725326,9,4,2,2,1,1
1989,1989,1989,1989,2,49,310,1164072138716,2006-11-21 01:22:18.716,2006-09-19 23:05:55.181604018,261,76,65,65,55,1
1990,1990,1990,1990,7,334,2030,1164072512716,2006-11-21 01:28:32.716,2006-09-19 23:05:55.298714784,1696,742,352,416,186,2
1991,1991,1991,1991,6,102,1390,1164077250716,2006-11-21 02:47:30.716,2006-09-19 23:05:56.782326583,1288,638,203,198,249,1
1992,1992,1992,1992,6,196,1390,1164079177716,2006-11-21 03:19:37.716,2006-09-19 23:05:57.385728849,1194,371,289,296,238,1
1993,1993,1993,1993,1,2,40,1164080548716,2006-11-21 03:42:28.716,2006-09-19 23:05:57.815030617,38,17,6,8,7,1
1994,1994,1994,1994,6,226,1390,1164135111716,2006-11-21 18:51:51.716,2006-09-19 23:06:14.900364216,1164,444,284,289,147,1
1995,1995,1995,1995,1,80,540,1164136472716,2006-11-21 19:14:32.716,2006-09-19 23:06:15.326534680,460,222,106,69,63,1
1996,1996,1996,1996,1,106,550,1164137529716,2006-11-21 19:32:09.716,2006-09-19 23:06:15.657513505,444,108,111,111,114,1
1997,1997,1997,1997,1,34,580,1164138251716,2006-11-21 19:44:11.716,2006-09-19 23:06:15.883593648,546,264,126,108,48,1
1998,1998,1998,1998,2,18,320,1164141518716,2006-11-21 20:38:38.716,2006-09-19 23:06:16.906590640,302,92,75,75,60,1
1999,1999,1999,1999,1,52,570,1164142575716,2006-11-21 20:56:15.716,2006-09-19 23:06:17.237569465,518,136,129,129,124,1
2000,2000,2000,2000,1,10,120,1164142755716,2006-11-21 20:59:15.716,2006-09-19 23:06:17.293932935,110,39,23,26,22,1
2001,2001,2001,2001,1,2,30,1164145138716,2006-11-21 21:38:58.716,2006-09-19 23:06:18.040122660,28,13,3,7,5,1
2002,2002,2002,2002,1,5,30,1164145479716,2006-11-21 21:44:39.716,2006-09-19 23:06:18.146900124,25,9,6,5,5,1
2003,2003,2003,2003,6,110,1260,1164145799716,2006-11-21 21:49:59.716,2006-09-19 23:06:18.247101850,1150,500,223,231,196,1
2004,2004,2004,2004,1,19,220,1164146588716,2006-11-21 22:03:08.716,2006-09-19 23:06:18.494161729,201,72,42,47,40,1
2005,2005,2005,2005,1,36,220,1164147590716,2006-11-21 22:19:50.716,2006-09-19 23:06:18.807918382,184,51,46,46,41,1
2006,2006,2006,2006,1,25,220,1164150761716,2006-11-21 23:12:41.716,2006-09-19 23:06:19.800854857,195,72,37,47,39,1
2007,2007,2007,2007,1,4,30,1164151118716,2006-11-21 23:18:38.716,2006-09-19 23:06:19.912642407,26,12,6,6,2,1
2008,2008,2008,2008,1,24,410,1164151347716,2006-11-21 23:22:27.716,2006-09-19 23:06:19.984349267,386,123,96,95,72,1
2009,2009,2009,2009,1,27,220,1164151500716,2006-11-21 23:25:00.716,2006-09-19 23:06:20.032258217,193,46,48,48,51,1
2010,2010,2010,2010,1,12,220,1164152139716,2006-11-21 23:35:39.716,2006-09-19 23:06:20.232348537,208,60,52,52,44,1
2011,2011,2011,2011,1,1,30,1164152519716,2006-11-21 23:41:59.716,2006-09-19 23:06:20.351338086,29,5,7,7,10,1
2012,2012,2012,2012,1,5,30,1164152807716,2006-11-21 23:46:47.716,2006-09-19 23:06:20.441519639,25,12,4,5,4,1
2013,2013,2013,2013,1,2,30,1164152924716,2006-11-21 23:48:44.716,2006-09-19 23:06:20.478155895,28,13,7,5,3,1
2014,2014,2014,2014,1,2,20,1164153117716,2006-11-21 23:51:57.716,2006-09-19 23:06:20.538590061,18,3,4,4,7,1
2015,2015,2015,2015,1,10,90,1164153201716,2006-11-21 23:53:21.716,2006-09-19 23:06:20.564893014,80,36,12,19,13,1
2016,2016,2016,2016,1,3,30,1164153368716,2006-11-21 23:56:08.716,2006-09-19 23:06:20.617185790,27,8,6,6,7,1
2017,2017,2017,2017,1,5,30,1164154006716,2006-11-22 00:06:46.716,2006-09-19 23:06:20.816962980,25,8,6,6,5,1
2018,2018,2018,2018,2,37,700,1164154435716,2006-11-22 00:13:55.716,2006-09-19 23:06:20.951295918,663,276,128,135,124,1
2019,2019,2019,2019,1,37,250,1164154597716,2006-11-22 00:16:37.716,2006-09-19 23:06:21.002023042,213,47,53,53,60,1
2020,2020,2020,2020,1,87,450,1164154954716,2006-11-22 00:22:34.716,2006-09-19 23:06:21.113810592,363,162,61,69,71,1
2021,2021,2021,2021,1,12,90,1164155202716,2006-11-22 00:26:42.716,2006-09-19 23:06:21.191466929,78,38,19,11,10,1
2022,2022,2022,2022,1,17,90,1164155468716,2006-11-22 00:31:08.716,2006-09-19 23:06:21.274759613,73,27,17,15,14,1
2023,2023,2023,2023,1,5,90,1164155829716,2006-11-22 00:37:09.716,2006-09-19 23:06:21.387799685,85,24,21,21,19,1
2024,2024,2024,2024,1,46,410,1164155855716,2006-11-22 00:37:35.716,2006-09-19 23:06:21.395941075,364,133,70,91,70,1
2025,2025,2025,2025,1,8,90,1164156401716,2006-11-22 00:46:41.716,2006-09-19 23:06:21.566910270,82,29,19,18,16,1
2026,2026,2026,2026,1,94,590,1164156519716,2006-11-22 00:48:39.716,2006-09-19 23:06:21.603859656,496,123,124,124,125,1
2027,2027,2027,2027,1,49,250,1164156938716,2006-11-22 00:55:38.716,2006-09-19 23:06:21.735061290,201,79,45,46,31,1
2028,2028,2028,2028,1,53,610,1164157812716,2006-11-22 01:10:12.716,2006-09-19 23:06:22.008737253,557,212,117,138,90,1
2029,2029,2029,2029,6,205,1390,1164159311716,2006-11-22 01:35:11.716,2006-09-19 23:06:22.478119711,1185,319,296,296,274,1
2030,2030,2030,2030,1,17,220,1164159711716,2006-11-22 01:41:51.716,2006-09-19 23:06:22.603371868,203,85,46,34,38,1
2031,2031,2031,2031,1,22,170,1164160141716,2006-11-22 01:49:01.716,2006-09-19 23:06:22.738017937,148,70,30,27,21,1
2032,2032,2032,2032,1,26,220,1164160980716,2006-11-22 02:03:00.716,2006-09-19 23:06:23.000734336,194,65,46,45,38,1
2033,2033,2033,2033,1,43,220,1164161293716,2006-11-22 02:08:13.716,2006-09-19 23:06:23.098744149,177,41,44,44,48,1
2034,2034,2034,2034,3,122,870,1164161678716,2006-11-22 02:14:38.716,2006-09-19 23:06:23.219299350,748,354,120,133,141,1
2035,2035,2035,2035,1,22,220,1164161722716,2006-11-22 02:15:22.716,2006-09-19 23:06:23.233077087,198,97,31,45,25,1
2036,2036,2036,2036,1,14,220,1164162095716,2006-11-22 02:21:35.716,2006-09-19 23:06:23.349874724,206,92,35,45,34,1
2037,2037,2037,2037,1,15,220,1164162474716,2006-11-22 02:27:54.716,2006-09-19 23:06:23.468551142,205,78,38,51,38,1
2038,2038,2038,2038,6,116,1390,1164162712716,2006-11-22 02:31:52.716,2006-09-19 23:06:23.543076176,1274,539,171,310,254,1
2039,2039,2039,2039,1,19,220,1164162889716,2006-11-22 02:34:49.716,2006-09-19 23:06:23.598500255,201,95,40,39,27,1
2040,2040,2040,2040,1,39,220,1164163302716,2006-11-22 02:41:42.716,2006-09-19 23:06:23.727823107,181,46,45,45,45,1
2041,2041,2041,2041,1,29,220,1164163633716,2006-11-22 02:47:13.716,2006-09-19 23:06:23.831469267,191,90,18,45,38,1
2042,2042,2042,2042,6,178,1390,1164163985716,2006-11-22 02:53:05.716,2006-09-19 23:06:23.941691165,1212,575,132,266,239,1
2043,2043,2043,2043,1,14,220,1164164075716,2006-11-22 02:54:35.716,2006-09-19 23:06:23.969872901,206,99,18,51,38,1
2044,2044,2044,2044,1,39,220,1164164524716,2006-11-22 03:02:04.716,2006-09-19 23:06:24.110468447,181,43,45,45,48,1
2045,2045,2045,2045,1,34,220,1164164778716,2006-11-22 03:06:18.716,2006-09-19 23:06:24.190003566,186,38,46,46,56,1
2046,2046,2046,2046,6,83,1390,1164165435716,2006-11-22 03:17:15.716,2006-09-19 23:06:24.395730234,1307,621,223,311,152,1
2047,2047,2047,2047,1,6,40,1164165928716,2006-11-22 03:25:28.716,2006-09-19 23:06:24.550103518,34,11,8,8,7,1
2048,2048,2048,2048,1,5,40,1164166383716,2006-11-22 03:33:03.716,2006-09-19 23:06:24.692577846,35,15,8,7,5,1
2049,2049,2049,2049,4,41,660,1164166603716,2006-11-22 03:36:43.716,2006-09-19 23:06:24.761466532,619,305,52,151,111,1
2050,2050,2050,2050,6,165,1390,1164167157716,2006-11-22 03:45:57.716,2006-09-19 23:06:24.934940770,1225,306,306,306,307,1
2051,2051,2051,2051,4,80,660,1164168014716,2006-11-22 04:00:14.716,2006-09-19 23:06:25.203293516,580,228,138,127,87,1
2052,2052,2052,2052,6,104,1390,1164168090716,2006-11-22 04:01:30.716,2006-09-19 23:06:25.227091426,1286,524,218,297,247,1
2053,2053,2053,2053,4,126,660,1164169168716,2006-11-22 04:19:28.716,2006-09-19 23:06:25.564645989,534,169,131,129,105,1
2054,2054,2054,2054,3,152,860,1164169974716,2006-11-22 04:32:54.716,2006-09-19 23:06:25.817029085,708,353,105,156,94,1
2055,2055,2055,2055,4,99,660,1164169999716,2006-11-22 04:33:19.716,2006-09-19 23:06:25.824857345,561,131,140,140,150,1
2056,2056,2056,2056,6,165,1390,1164170491716,2006-11-22 04:41:31.716,2006-09-19 23:06:25.978917498,1225,601,267,283,74,1
2057,2057,2057,2057,4,73,660,1164170869716,2006-11-22 04:47:49.716,2006-09-19 23:06:26.097280786,587,277,119,134,57,1
2058,2058,2058,2058,4,97,660,1164171553716,2006-11-22 04:59:13.716,2006-09-19 23:06:26.311461975,563,248,130,107,78,1
2059,2059,2059,2059,4,86,660,1164172218716,2006-11-22 05:10:18.716,2006-09-19 23:06:26.519693686,574,178,143,142,111,1
2060,2060,2060,2060,4,39,660,1164172840716,2006-11-22 05:20:40.716,2006-09-19 23:06:26.714460790,621,305,112,125,79,1
2061,2061,2061,2061,4,82,650,1164173464716,2006-11-22 05:31:04.716,2006-09-19 23:06:26.909854154,568,159,142,142,125,1
2062,2062,2062,2062,1,5,30,1164220696716,2006-11-22 18:38:16.716,2006-09-19 23:06:41.699628847,25,11,3,6,5,1
2063,2063,2063,2063,1,3,30,1164220802716,2006-11-22 18:40:02.716,2006-09-19 23:06:41.732820668,27,7,6,6,8,1
2064,2064,2064,2064,6,80,1390,1164221163716,2006-11-22 18:46:03.716,2006-09-19 23:06:41.845860740,1310,287,327,327,369,1
2065,2065,2065,2065,6,233,1390,1164222769716,2006-11-22 19:12:49.716,2006-09-19 23:06:42.348748150,1157,538,191,218,210,1
2066,2066,2066,2066,1,10,130,1164223817716,2006-11-22 19:30:17.716,2006-09-19 23:06:42.676908801,120,44,24,29,23,1
2067,2067,2067,2067,1,4,50,1164224020716,2006-11-22 19:33:40.716,2006-09-19 23:06:42.740474271,46,12,11,11,12,1
2068,2068,2068,2068,1,2,30,1164224285716,2006-11-22 19:38:05.716,2006-09-19 23:06:42.823453825,28,13,7,5,3,1
2069,2069,2069,2069,1,4,50,1164224316716,2006-11-22 19:38:36.716,2006-09-19 23:06:42.833160867,46,12,11,11,12,1
2070,2070,2070,2070,1,8,50,1164224940716,2006-11-22 19:49:00.716,2006-09-19 23:06:43.028554232,42,14,10,10,8,1
2071,2071,2071,2071,1,1,10,1164224946716,2006-11-22 19:49:06.716,2006-09-19 23:06:43.030433014,9,3,2,2,2,1
2072,2072,2072,2072,18,207,2570,1164225464716,2006-11-22 19:57:44.716,2006-09-19 23:06:43.192634558,2363,819,509,566,469,7
2073,2073,2073,2073,1,52,290,1164226414716,2006-11-22 20:13:34.716,2006-09-19 23:06:43.490108430,238,68,59,59,52,1
2074,2074,2074,2074,6,252,1390,1164226858716,2006-11-22 20:20:58.716,2006-09-19 23:06:43.629138325,1138,302,284,284,268,1
2075,2075,2075,2075,1,19,110,1164227221716,2006-11-22 20:27:01.716,2006-09-19 23:06:43.742804657,91,30,21,22,18,1
2076,2076,2076,2076,11,141,1650,1164227308716,2006-11-22 20:28:28.716,2006-09-19 23:06:43.770047001,1509,642,350,306,211,4
2077,2077,2077,2077,1,12,110,1164227614716,2006-11-22 20:33:34.716,2006-09-19 23:06:43.865864901,98,41,22,16,19,1
2078,2078,2078,2078,1,1,10,1164228162716,2006-11-22 20:42:42.716,2006-09-19 23:06:44.037460356,9,4,2,2,1,1
2079,2079,2079,2079,1,18,110,1164228408716,2006-11-22 20:46:48.716,2006-09-19 23:06:44.114490433,92,40,16,23,13,1
2080,2080,2080,2080,6,75,1390,1164228938716,2006-11-22 20:55:38.716,2006-09-19 23:06:44.280449541,1315,476,272,321,246,1
2081,2081,2081,2081,18,153,2570,1164229347716,2006-11-22 21:02:27.716,2006-09-19 23:06:44.408519871,2417,1055,542,598,222,7
2082,2082,2082,2082,1,16,140,1164229834716,2006-11-22 21:10:34.716,2006-09-19 23:06:44.561014372,124,49,30,28,17,1
2083,2083,2083,2083,1,91,490,1164230372716,2006-11-22 21:19:32.716,2006-09-19 23:06:44.729478523,399,161,60,99,79,1
2084,2084,2084,2084,1,73,560,1164230840716,2006-11-22 21:27:20.716,2006-09-19 23:06:44.876023547,487,189,114,100,84,1
2085,2085,2085,2085,1,8,70,1164232775716,2006-11-22 21:59:35.716,2006-09-19 23:06:45.481930856,62,14,15,15,18,1
2086,2086,2086,2086,4,43,660,1164232834716,2006-11-22 22:00:34.716,2006-09-19 23:06:45.500405549,617,298,150,129,40,1
2087,2087,2087,2087,3,81,550,1164233022716,2006-11-22 22:03:42.716,2006-09-19 23:06:45.559274063,469,148,111,117,93,1
2088,2088,2088,2088,1,19,110,1164233026716,2006-11-22 22:03:46.716,2006-09-19 23:06:45.560526585,91,30,21,22,18,1
2089,2089,2089,2089,1,1,10,1164233943716,2006-11-22 22:19:03.716,2006-09-19 23:06:45.847667154,9,2,2,2,3,1
2090,2090,2090,2090,1,1,10,1164234218716,2006-11-22 22:23:38.716,2006-09-19 23:06:45.933778012,9,1,2,2,4,1
2091,2091,2091,2091,1,3,20,1164234283716,2006-11-22 22:24:43.716,2006-09-19 23:06:45.954131488,17,8,2,4,3,1
2092,2092,2092,2092,1,23,290,1164234623716,2006-11-22 22:30:23.716,2006-09-19 23:06:46.060595821,267,114,41,61,51,1
2093,2093,2093,2093,3,116,910,1164237077716,2006-11-22 23:11:17.716,2006-09-19 23:06:46.829017804,794,305,171,180,138,1
2094,2094,2094,2094,9,120,1290,1164237407716,2006-11-22 23:16:47.716,2006-09-19 23:06:46.932350834,1170,478,214,285,193,3
2095,2095,2095,2095,1,3,20,1164238142716,2006-11-22 23:29:02.716,2006-09-19 23:06:47.162501672,17,5,4,4,4,1
2096,2096,2096,2096,9,176,1290,1164239305716,2006-11-22 23:48:25.716,2006-09-19 23:06:47.526672318,1114,531,208,257,118,3
2097,2097,2097,2097,9,187,1290,1164240618716,2006-11-23 00:10:18.716,2006-09-19 23:06:47.937812523,1103,484,211,224,184,3
2098,2098,2098,2098,6,235,1390,1164241566716,2006-11-23 00:26:06.716,2006-09-19 23:06:48.234660135,1155,535,141,264,215,1
2099,2099,2099,2099,7,109,1000,1164241699716,2006-11-23 00:28:19.716,2006-09-19 23:06:48.276306478,891,236,222,222,211,2
2100,2100,2100,2100,1,7,40,1164242971716,2006-11-23 00:49:31.716,2006-09-19 23:06:48.674608337,33,12,7,8,6,1
2101,2101,2101,2101,9,181,1400,1164243082716,2006-11-23 00:51:22.716,2006-09-19 23:06:48.709365810,1219,283,304,304,328,3
2102,2102,2102,2102,6,103,1400,1164243854716,2006-11-23 01:04:14.716,2006-09-19 23:06:48.951102473,1297,297,324,324,352,1
2103,2103,2103,2103,1,18,120,1164244822716,2006-11-23 01:20:22.716,2006-09-19 23:06:49.254212693,102,32,25,25,20,1
2104,2104,2104,2104,2,60,360,1164244862716,2006-11-23 01:21:02.716,2006-09-19 23:06:49.266737909,300,123,52,67,58,1
2105,2105,2105,2105,2,65,670,1164244963716,2006-11-23 01:22:43.716,2006-09-19 23:06:49.298364078,605,259,150,120,76,1
2106,2106,2106,2106,1,23,130,1164245173716,2006-11-23 01:26:13.716,2006-09-19 23:06:49.364121461,107,21,26,26,34,1
2107,2107,2107,2107,13,425,2290,1164245882716,2006-11-23 01:38:02.716,2006-09-19 23:06:49.586130909,1865,540,466,466,393,5
2108,2108,2108,2108,1,10,110,1164246123716,2006-11-23 01:42:03.716,2006-09-19 23:06:49.661595333,100,31,24,25,20,1
2109,2109,2109,2109,6,274,1390,1164246370716,2006-11-23 01:46:10.716,2006-09-19 23:06:49.738938540,1116,554,131,279,152,1
2110,2110,2110,2110,1,13,190,1164246519716,2006-11-23 01:48:39.716,2006-09-19 23:06:49.785594969,177,87,22,33,35,1
2111,2111,2111,2111,1,1,20,1164247349716,2006-11-23 02:02:29.716,2006-09-19 23:06:50.045493194,19,7,4,4,4,1
2112,2112,2112,2112,1,1,10,1164248011716,2006-11-23 02:13:31.716,2006-09-19 23:06:50.252785514,9,2,2,2,3,1
2113,2113,2113,2113,6,255,1390,1164248683716,2006-11-23 02:24:43.716,2006-09-19 23:06:50.463209138,1135,329,283,283,240,1
2114,2114,2114,2114,2,105,710,1164251574716,2006-11-23 03:12:54.716,2006-09-19 23:06:51.368469102,605,128,151,151,175,1
2115,2115,2115,2115,1,1,20,1164310051716,2006-11-23 19:27:31.716,2006-09-19 23:07:09.679395057,19,3,4,4,8,1
2116,2116,2116,2116,9,150,1300,1164310341716,2006-11-23 19:32:21.716,2006-09-19 23:07:09.770202870,1150,403,252,277,218,3
2117,2117,2117,2117,2,116,820,1164310431716,2006-11-23 19:33:51.716,2006-09-19 23:07:09.798384606,704,314,160,138,92,1
2118,2118,2118,2118,1,8,130,1164311042716,2006-11-23 19:44:02.716,2006-09-19 23:07:09.989707275,122,43,26,30,23,1
2119,2119,2119,2119,9,235,1290,1164312009716,2006-11-23 20:00:09.716,2006-09-19 23:07:10.292504365,1055,371,245,245,194,3
2120,2120,2120,2120,1,22,130,1164314248716,2006-11-23 20:37:28.716,2006-09-19 23:07:10.993603313,108,39,27,24,18,1
2121,2121,2121,2121,10,186,1480,1164314463716,2006-11-23 20:41:03.716,2006-09-19 23:07:11.060926348,1294,341,323,323,307,3
2122,2122,2122,2122,1,1,10,1164318465716,2006-11-23 21:47:45.716,2006-09-19 23:07:12.314074178,9,1,2,2,4,1
2123,2123,2123,2123,13,434,3860,1164318711716,2006-11-23 21:51:51.716,2006-09-19 23:07:12.391104255,3426,1016,856,856,698,5
2124,2124,2124,2124,9,254,1290,1164319787716,2006-11-23 22:09:47.716,2006-09-19 23:07:12.728032557,1036,449,161,257,169,3
2125,2125,2125,2125,9,195,1300,1164323915716,2006-11-23 23:18:35.716,2006-09-19 23:07:14.020634816,1105,478,158,256,213,3
2126,2126,2126,2126,1,18,130,1164326260716,2006-11-23 23:57:40.716,2006-09-19 23:07:14.754925586,112,31,28,28,25,1
2127,2127,2127,2127,1,30,410,1164326657716,2006-11-24 00:04:17.716,2006-09-19 23:07:14.879238352,380,141,86,87,66,1
2128,2128,2128,2128,1,32,180,1164328240716,2006-11-24 00:30:40.716,2006-09-19 23:07:15.374923763,148,41,37,37,33,1
2129,2129,2129,2129,9,147,1290,1164328468716,2006-11-24 00:34:28.716,2006-09-19 23:07:15.446317493,1143,493,278,194,178,3
2130,2130,2130,2130,2,100,1350,1164329086716,2006-11-24 00:44:46.716,2006-09-19 23:07:15.639832075,1250,367,312,312,259,1
2131,2131,2131,2131,1,1,20,1164329663716,2006-11-24 00:54:23.716,2006-09-19 23:07:15.820508312,19,3,4,4,8,1
2132,2132,2132,2132,1,2,20,1164330219716,2006-11-24 01:03:39.716,2006-09-19 23:07:15.994608810,18,3,4,4,7,1
2133,2133,2133,2133,2,234,1820,1164330502716,2006-11-24 01:08:22.716,2006-09-19 23:07:16.083224711,1586,355,396,396,439,1
2134,2134,2134,2134,1,18,120,1164330630716,2006-11-24 01:10:30.716,2006-09-19 23:07:16.123305401,102,47,12,24,19,1
2135,2135,2135,2135,1,9,50,1164330739716,2006-11-24 01:12:19.716,2006-09-19 23:07:16.157436614,41,18,9,7,7,1
2136,2136,2136,2136,2,112,1810,1164331944716,2006-11-24 01:32:24.716,2006-09-19 23:07:16.534758737,1698,431,424,424,419,1
2137,2137,2137,2137,1,158,990,1164333357716,2006-11-24 01:55:57.716,2006-09-19 23:07:16.977211981,832,331,129,207,165,1
2138,2138,2138,2138,2,145,1860,1164334222716,2006-11-24 02:10:22.716,2006-09-19 23:07:17.248069771,1715,638,307,427,343,1
2139,2139,2139,2139,1,3,20,1164334703716,2006-11-24 02:18:23.716,2006-09-19 23:07:17.398685489,17,3,4,4,6,1
2140,2140,2140,2140,1,5,30,1164335037716,2006-11-24 02:23:57.716,2006-09-19 23:07:17.503271040,25,10,6,6,3,1
2141,2141,2141,2141,10,201,1540,1164335375716,2006-11-24 02:29:35.716,2006-09-19 23:07:17.609109113,1339,587,205,324,223,3
2142,2142,2142,2142,13,608,3890,1164337024716,2006-11-24 02:57:04.716,2006-09-19 23:07:18.125461130,3282,1630,532,676,444,5
2143,2143,2143,2143,2,185,1910,1164341016716,2006-11-24 04:03:36.716,2006-09-19 23:07:19.375477656,1725,393,431,431,470,1
2144,2144,2144,2144,1,1,10,1164396645716,2006-11-24 19:30:45.716,2006-09-19 23:07:36.794608253,9,3,2,2,2,1
2145,2145,2145,2145,9,223,1290,1164396917716,2006-11-24 19:35:17.716,2006-09-19 23:07:36.879779720,1067,435,177,264,191,3
2146,2146,2146,2146,13,447,3760,1164400160716,2006-11-24 20:29:20.716,2006-09-19 23:07:37.895261582,3313,1069,791,818,635,5
2147,2147,2147,2147,3,47,460,1164409143716,2006-11-24 22:59:03.716,2006-09-19 23:07:40.708111897,413,102,103,103,105,1
2148,2148,2148,2148,1,12,100,1164417418716,2006-11-25 01:16:58.716,2006-09-19 23:07:43.299265894,88,38,21,13,16,1
2149,2149,2149,2149,4,113,650,1164419409716,2006-11-25 01:50:09.716,2006-09-19 23:07:43.922708505,537,205,99,130,103,1
2150,2150,2150,2150,2,41,410,1164420068716,2006-11-25 02:01:08.716,2006-09-19 23:07:44.129061434,369,174,87,64,44,1
2151,2151,2151,2151,2,22,290,1164420135716,2006-11-25 02:02:15.716,2006-09-19 23:07:44.150041170,268,112,47,57,52,1
2152,2152,2152,2152,3,142,910,1164421403716,2006-11-25 02:23:23.716,2006-09-19 23:07:44.547090507,768,184,192,192,200,1
2153,2153,2153,2153,1,1,10,1164598897716,2006-11-27 03:41:37.716,2006-09-19 23:08:40.125856370,9,3,2,2,2,1
2154,2154,2154,2154,1,1,10,1164599261716,2006-11-27 03:47:41.716,2006-09-19 23:08:40.239835833,9,3,2,2,2,1
2155,2155,2155,2155,1,1,10,1164599747716,2006-11-27 03:55:47.716,2006-09-19 23:08:40.392017204,9,4,2,2,1,1
2156,2156,2156,2156,1,1,10,1164600646716,2006-11-27 04:10:46.716,2006-09-19 23:08:40.673521426,9,4,2,2,1,1
2157,2157,2157,2157,1,101,990,1164654328716,2006-11-27 19:05:28.716,2006-09-19 23:08:57.482987149,889,217,222,222,228,1
2158,2158,2158,2158,6,163,1390,1164655185716,2006-11-27 19:19:45.716,2006-09-19 23:08:57.751339896,1227,307,306,306,308,1
2159,2159,2159,2159,14,324,2000,1164657522716,2006-11-27 19:58:42.716,2006-09-19 23:08:58.483125623,1676,357,419,419,481,6
2160,2160,2160,2160,1,1,10,1164661693716,2006-11-27 21:08:13.716,2006-09-19 23:08:59.789192489,9,4,2,2,1,1
2161,2161,2161,2161,1,141,990,1164662910716,2006-11-27 21:28:30.716,2006-09-19 23:09:00.170272177,849,243,212,212,182,1
2162,2162,2162,2162,6,142,1390,1164663780716,2006-11-27 21:43:00.716,2006-09-19 23:09:00.442695618,1248,296,312,312,328,1
2163,2163,2163,2163,1,1,10,1164664692716,2006-11-27 21:58:12.716,2006-09-19 23:09:00.728270536,9,4,2,2,1,1
2164,2164,2164,2164,2,90,750,1164664793716,2006-11-27 21:59:53.716,2006-09-19 23:09:00.759896705,660,188,165,165,142,1
2165,2165,2165,2165,1,1,10,1164665192716,2006-11-27 22:06:32.716,2006-09-19 23:09:00.884835732,9,2,2,2,3,1
2166,2166,2166,2166,1,1,10,1164665335716,2006-11-27 22:08:55.716,2006-09-19 23:09:00.929613378,9,4,2,2,1,1
2167,2167,2167,2167,1,1,10,1164665462716,2006-11-27 22:11:02.716,2006-09-19 23:09:00.969380938,9,4,2,2,1,1
2168,2168,2168,2168,1,1,10,1164665654716,2006-11-27 22:14:14.716,2006-09-19 23:09:01.029501973,9,1,2,2,4,1
2169,2169,2169,2169,1,1,20,1164665969716,2006-11-27 22:19:29.716,2006-09-19 23:09:01.128138047,19,9,4,4,2,1
2170,2170,2170,2170,1,3,20,1164666330716,2006-11-27 22:25:30.716,2006-09-19 23:09:01.241178119,17,6,4,4,3,1
2171,2171,2171,2171,1,1,20,1164666488716,2006-11-27 22:28:08.716,2006-09-19 23:09:01.290652720,19,7,4,4,4,1
2172,2172,2172,2172,1,1,20,1164666738716,2006-11-27 22:32:18.716,2006-09-19 23:09:01.368935319,19,9,4,3,3,1
2173,2173,2173,2173,6,249,1400,1164672480716,2006-11-28 00:08:00.716,2006-09-19 23:09:03.166930032,1151,285,287,287,292,1
2174,2174,2174,2174,1,1,10,1164672987716,2006-11-28 00:16:27.716,2006-09-19 23:09:03.325687140,9,1,2,2,4,1
2175,2175,2175,2175,1,3,20,1164673215716,2006-11-28 00:20:15.716,2006-09-19 23:09:03.397080870,17,3,4,4,6,1
2176,2176,2176,2176,1,1,10,1164673700716,2006-11-28 00:28:20.716,2006-09-19 23:09:03.548949110,9,3,2,2,2,1
2177,2177,2177,2177,1,1,10,1164674198716,2006-11-28 00:36:38.716,2006-09-19 23:09:03.704888046,9,4,2,2,1,1
2178,2178,2178,2178,10,220,1430,1164674260716,2006-11-28 00:37:40.716,2006-09-19 23:09:03.724302130,1210,516,295,282,117,3
2179,2179,2179,2179,1,2,20,1164674357716,2006-11-28 00:39:17.716,2006-09-19 23:09:03.754675778,18,5,4,4,5,1
2180,2180,2180,2180,1,1,20,1164674758716,2006-11-28 00:45:58.716,2006-09-19 23:09:03.880241065,19,3,4,4,8,1
2181,2181,2181,2181,1,1,20,1164675719716,2006-11-28 01:01:59.716,2006-09-19 23:09:04.181159372,19,3,4,4,8,1
2182,2182,2182,2182,1,1,20,1164675861716,2006-11-28 01:04:21.716,2006-09-19 23:09:04.225623888,19,8,4,4,3,1
2183,2183,2183,2183,1,1,20,1164675991716,2006-11-28 01:06:31.716,2006-09-19 23:09:04.266330839,19,7,4,4,4,1
2184,2184,2184,2184,10,214,1450,1164676168716,2006-11-28 01:09:28.716,2006-09-19 23:09:04.321754919,1236,422,309,269,236,3
2185,2185,2185,2185,1,3,20,1164676284716,2006-11-28 01:11:24.716,2006-09-19 23:09:04.358078044,17,8,2,4,3,1
2186,2186,2186,2186,1,32,180,1164676547716,2006-11-28 01:15:47.716,2006-09-19 23:09:04.440431337,148,59,26,34,29,1
2187,2187,2187,2187,1,3,20,1164676631716,2006-11-28 01:17:11.716,2006-09-19 23:09:04.466734290,17,7,4,3,3,1
2188,2188,2188,2188,1,1,10,1164677259716,2006-11-28 01:27:39.716,2006-09-19 23:09:04.663380177,9,2,2,2,3,1
2189,2189,2189,2189,1,2,20,1164677719716,2006-11-28 01:35:19.716,2006-09-19 23:09:04.807420157,18,5,4,4,5,1
2190,2190,2190,2190,1,1,20,1164677845716,2006-11-28 01:37:25.716,2006-09-19 23:09:04.846874587,19,5,4,4,6,1
2191,2191,2191,2191,1,3,20,1164678164716,2006-11-28 01:42:44.716,2006-09-19 23:09:04.946763182,17,5,4,4,4,1
2192,2192,2192,2192,1,3,20,1164678339716,2006-11-28 01:45:39.716,2006-09-19 23:09:05.001561000,17,7,4,4,2,1
2193,2193,2193,2193,1,2,20,1164678537716,2006-11-28 01:48:57.716,2006-09-19 23:09:05.063560818,18,5,4,4,5,1
2194,2194,2194,2194,1,1,20,1164678686716,2006-11-28 01:51:26.716,2006-09-19 23:09:05.110217247,19,8,4,4,3,1
2195,2195,2195,2195,1,3,30,1164679524716,2006-11-28 02:05:24.716,2006-09-19 23:09:05.372620515,27,10,6,6,5,1
2196,2196,2196,2196,1,1,10,1164679756716,2006-11-28 02:09:16.716,2006-09-19 23:09:05.445266766,9,3,2,2,2,1
2197,2197,2197,2197,9,233,1300,1164680631716,2006-11-28 02:23:51.716,2006-09-19 23:09:05.719255860,1067,446,192,265,164,3
2198,2198,2198,2198,18,340,2580,1164683838716,2006-11-28 03:17:18.716,2006-09-19 23:09:06.723465028,2240,709,537,550,444,7
2199,2199,2199,2199,18,276,2580,1164687508716,2006-11-28 04:18:28.716,2006-09-19 23:09:07.872653568,2304,1001,388,491,424,7
2200,2200,2200,2200,18,507,2580,1164739533716,2006-11-28 18:45:33.716,2006-09-19 23:09:24.163262231,2073,583,518,518,454,7
2201,2201,2201,2201,18,172,2590,1164743614716,2006-11-28 19:53:34.716,2006-09-19 23:09:25.441147362,2418,606,604,604,604,7
2202,2202,2202,2202,1,2,20,1164743755716,2006-11-28 19:55:55.716,2006-09-19 23:09:25.485298747,18,7,4,4,3,1
2203,2203,2203,2203,1,1,20,1164743930716,2006-11-28 19:58:50.716,2006-09-19 23:09:25.540096566,19,5,4,4,6,1
2204,2204,2204,2204,18,415,2580,1164747788716,2006-11-28 21:03:08.716,2006-09-19 23:09:26.748153620,2165,519,541,541,564,7
2205,2205,2205,2205,18,484,2580,1164756552716,2006-11-28 23:29:12.716,2006-09-19 23:09:29.492428379,2096,619,524,524,429,7
2206,2206,2206,2206,1,5,60,1164759071716,2006-11-29 00:11:11.716,2006-09-19 23:09:30.281203837,55,27,7,10,11,1
2207,2207,2207,2207,1,1,10,1164759709716,2006-11-29 00:21:49.716,2006-09-19 23:09:30.480981027,9,1,2,2,4,1
2208,2208,2208,2208,1,2,30,1164760203716,2006-11-29 00:30:03.716,2006-09-19 23:09:30.635667441,28,10,7,6,5,1
2209,2209,2209,2209,1,1,10,1164760635716,2006-11-29 00:37:15.716,2006-09-19 23:09:30.770939771,9,1,2,2,4,1
2210,2210,2210,2210,18,420,2580,1164761162716,2006-11-29 00:46:02.716,2006-09-19 23:09:30.935959487,2160,920,429,487,324,7
2211,2211,2211,2211,5,196,1150,1164764631716,2006-11-29 01:43:51.716,2006-09-19 23:09:32.022208819,954,231,238,238,247,1
2212,2212,2212,2212,18,135,2580,1164765172716,2006-11-29 01:52:52.716,2006-09-19 23:09:32.191612361,2445,842,534,592,477,7
2213,2213,2213,2213,1,192,990,1164765567716,2006-11-29 01:59:27.716,2006-09-19 23:09:32.315298866,798,209,199,199,191,1
2214,2214,2214,2214,1,4,30,1164766315716,2006-11-29 02:11:55.716,2006-09-19 23:09:32.549520399,26,5,6,6,9,1
2215,2215,2215,2215,1,10,110,1164767970716,2006-11-29 02:39:30.716,2006-09-19 23:09:33.067751199,100,40,19,24,17,1
2216,2216,2216,2216,1,34,200,1164768863716,2006-11-29 02:54:23.716,2006-09-19 23:09:33.347376639,166,43,41,41,41,1
2217,2217,2217,2217,1,12,140,1164769606716,2006-11-29 03:06:46.716,2006-09-19 23:09:33.580032521,128,63,11,31,23,1
2218,2218,2218,2218,1,25,140,1164770690716,2006-11-29 03:24:50.716,2006-09-19 23:09:33.919465866,115,23,28,28,36,1
2219,2219,2219,2219,1,10,150,1164771623716,2006-11-29 03:40:23.716,2006-09-19 23:09:34.211616522,140,55,29,32,24,1
2220,2220,2220,2220,1,23,150,1164771872716,2006-11-29 03:44:32.716,2006-09-19 23:09:34.289585990,127,59,24,20,24,1
2221,2221,2221,2221,1,13,100,1164772126716,2006-11-29 03:48:46.716,2006-09-19 23:09:34.369121109,87,27,21,21,18,1
2222,2222,2222,2222,1,9,150,1164773206716,2006-11-29 04:06:46.716,2006-09-19 23:09:34.707301933,141,63,33,33,12,1
2223,2223,2223,2223,1,12,150,1164774225716,2006-11-29 04:23:45.716,2006-09-19 23:09:35.026381803,138,61,33,24,20,1
2224,2224,2224,2224,1,7,150,1164775601716,2006-11-29 04:46:41.716,2006-09-19 23:09:35.457249223,143,49,31,35,28,1
2225,2225,2225,2225,1,18,150,1164775857716,2006-11-29 04:50:57.716,2006-09-19 23:09:35.537410603,132,49,33,26,24,1
2226,2226,2226,2226,1,14,150,1164776299716,2006-11-29 04:58:19.716,2006-09-19 23:09:35.675814237,136,63,18,32,23,1
2227,2227,2227,2227,1,20,150,1164776978716,2006-11-29 05:09:38.716,2006-09-19 23:09:35.888429773,130,33,32,32,33,1
2228,2228,2228,2228,1,14,150,1164826069716,2006-11-29 18:47:49.716,2006-09-19 23:09:51.260313865,136,54,25,30,27,1
2229,2229,2229,2229,1,9,100,1164826740716,2006-11-29 18:59:00.716,2006-09-19 23:09:51.470424358,91,22,22,22,25,1
2230,2230,2230,2230,3,146,910,1164827188716,2006-11-29 19:06:28.716,2006-09-19 23:09:51.610706774,764,315,124,174,151,1
2231,2231,2231,2231,1,3,60,1164828581716,2006-11-29 19:29:41.716,2006-09-19 23:09:52.046897410,57,21,12,13,11,1
2232,2232,2232,2232,1,27,150,1164828749716,2006-11-29 19:32:29.716,2006-09-19 23:09:52.099503316,123,35,30,30,28,1
2233,2233,2233,2233,18,458,2580,1164829272716,2006-11-29 19:41:12.716,2006-09-19 23:09:52.263270511,2122,669,519,520,414,7
2234,2234,2234,2234,1,22,150,1164829580716,2006-11-29 19:46:20.716,2006-09-19 23:09:52.359714672,128,63,12,28,25,1
2235,2235,2235,2235,1,20,150,1164829901716,2006-11-29 19:51:41.716,2006-09-19 23:09:52.460229528,130,45,27,32,26,1
2236,2236,2236,2236,3,167,910,1164830628716,2006-11-29 20:03:48.716,2006-09-19 23:09:52.687875324,743,193,185,185,180,1
2237,2237,2237,2237,1,11,150,1164830720716,2006-11-29 20:05:20.716,2006-09-19 23:09:52.716683320,139,38,34,34,33,1
2238,2238,2238,2238,1,234,3790,1164831220716,2006-11-29 20:13:40.716,2006-09-19 23:09:52.873248516,3556,1593,509,790,664,1
2239,2239,2239,2239,1,1,20,1164831625716,2006-11-29 20:20:25.716,2006-09-19 23:09:53.000066325,19,6,4,4,5,1
2240,2240,2240,2240,1,3,20,1164831821716,2006-11-29 20:23:41.716,2006-09-19 23:09:53.061439882,17,6,4,4,3,1
2241,2241,2241,2241,3,50,910,1164832944716,2006-11-29 20:42:24.716,2006-09-19 23:09:53.413085312,860,241,215,215,189,1
2242,2242,2242,2242,3,152,1110,1164836636716,2006-11-29 21:43:56.716,2006-09-19 23:09:54.569162721,958,373,229,197,159,1
2243,2243,2243,2243,1,1,10,1164837013716,2006-11-29 21:50:13.716,2006-09-19 23:09:54.687212879,9,2,2,2,3,1
2244,2244,2244,2244,1,24,140,1164837433716,2006-11-29 21:57:13.716,2006-09-19 23:09:54.818727644,116,46,24,29,17,1
2245,2245,2245,2245,1,1,10,1164837768716,2006-11-29 22:02:48.716,2006-09-19 23:09:54.923626325,9,3,2,2,2,1
2246,2246,2246,2246,1,152,2560,1164837887716,2006-11-29 22:04:47.716,2006-09-19 23:09:54.960888842,2408,1195,321,589,303,1
2247,2247,2247,2247,1,52,300,1164838598716,2006-11-29 22:16:38.716,2006-09-19 23:09:55.183524551,248,101,49,59,39,1
2248,2248,2248,2248,1,595,4260,1164839180716,2006-11-29 22:26:20.716,2006-09-19 23:09:55.365766439,3665,814,916,916,1019,1
2249,2249,2249,2249,1,1,10,1164839834716,2006-11-29 22:37:14.716,2006-09-19 23:09:55.570553716,9,4,2,2,1,1
2250,2250,2250,2250,18,165,2580,1164841924716,2006-11-29 23:12:04.716,2006-09-19 23:09:56.224996236,2415,1169,398,368,480,7
2251,2251,2251,2251,1,1,10,1164843632716,2006-11-29 23:40:32.716,2006-09-19 23:09:56.759822946,9,3,2,2,2,1
2252,2252,2252,2252,3,111,740,1164847766716,2006-11-30 00:49:26.716,2006-09-19 23:09:58.054303988,629,233,148,131,117,1
2253,2253,2253,2253,1,33,190,1164848566716,2006-11-30 01:02:46.716,2006-09-19 23:09:58.304808302,157,38,39,39,41,1
2254,2254,2254,2254,18,469,2580,1164849037716,2006-11-30 01:10:37.716,2006-09-19 23:09:58.452292717,2111,537,527,527,520,7
2255,2255,2255,2255,3,128,950,1164850630716,2006-11-30 01:37:10.716,2006-09-19 23:09:58.951109432,822,336,197,205,84,1
2256,2256,2256,2256,1,2,20,1164851980716,2006-11-30 01:59:40.716,2006-09-19 23:09:59.373835461,18,3,4,4,7,1
2257,2257,2257,2257,1,11,100,1164852575716,2006-11-30 02:09:35.716,2006-09-19 23:09:59.560148045,89,17,22,22,28,1
2258,2258,2258,2258,1,1,20,1164852682716,2006-11-30 02:11:22.716,2006-09-19 23:09:59.593652997,19,5,4,4,6,1
2259,2259,2259,2259,1,2,20,1164853194716,2006-11-30 02:19:54.716,2006-09-19 23:09:59.753975758,18,9,3,3,3,1
2260,2260,2260,2260,1,3,20,1164853291716,2006-11-30 02:21:31.716,2006-09-19 23:09:59.784349406,17,5,4,4,4,1
2261,2261,2261,2261,1,2,20,1164853626716,2006-11-30 02:27:06.716,2006-09-19 23:09:59.889248087,18,7,4,4,3,1
2262,2262,2262,2262,1,3,20,1164853719716,2006-11-30 02:28:39.716,2006-09-19 23:09:59.918369214,17,7,3,4,3,1
2263,2263,2263,2263,1,24,210,1164853896716,2006-11-30 02:31:36.716,2006-09-19 23:09:59.973793293,186,82,43,39,22,1
2264,2264,2264,2264,1,2,20,1164853925716,2006-11-30 02:32:05.716,2006-09-19 23:09:59.982874074,18,4,4,4,6,1
2265,2265,2265,2265,3,419,2900,1164854024716,2006-11-30 02:33:44.716,2006-09-19 23:10:00.013873983,2481,975,411,620,475,1
2266,2266,2266,2266,1,23,170,1164854289716,2006-11-30 02:38:09.716,2006-09-19 23:10:00.096853537,147,71,13,35,28,1
2267,2267,2267,2267,1,3,20,1164854863716,2006-11-30 02:47:43.716,2006-09-19 23:10:00.276590383,17,4,4,4,5,1
2268,2268,2268,2268,1,13,160,1164854988716,2006-11-30 02:49:48.716,2006-09-19 23:10:00.315731682,147,70,32,31,14,1
2269,2269,2269,2269,1,2,20,1164854984716,2006-11-30 02:49:44.716,2006-09-19 23:10:00.314479160,18,6,4,4,4,1
2270,2270,2270,2270,1,9,140,1164856186716,2006-11-30 03:09:46.716,2006-09-19 23:10:00.690861892,131,27,32,32,40,1
2271,2271,2271,2271,1,18,170,1164856733716,2006-11-30 03:18:53.716,2006-09-19 23:10:00.862144216,152,70,37,17,28,1
2272,2272,2272,2272,1,25,210,1164858563716,2006-11-30 03:49:23.716,2006-09-19 23:10:01.435172834,185,92,39,41,13,1
2273,2273,2273,2273,1,25,170,1164864501716,2006-11-30 05:28:21.716,2006-09-19 23:10:03.294541104,145,58,36,24,27,1
2274,2274,2274,2274,1,7,40,1164864775716,2006-11-30 05:32:55.716,2006-09-19 23:10:03.380338832,33,8,8,8,9,1
2275,2275,2275,2275,1,30,220,1164864932716,2006-11-30 05:35:32.716,2006-09-19 23:10:03.429500303,190,87,25,41,37,1
2276,2276,2276,2276,1,4,30,1164865750716,2006-11-30 05:49:10.716,2006-09-19 23:10:03.685640964,26,5,6,6,9,1
2277,2277,2277,2277,1,27,220,1164865869716,2006-11-30 05:51:09.716,2006-09-19 23:10:03.722903481,193,77,36,47,33,1
2278,2278,2278,2278,1,31,220,1164866555716,2006-11-30 06:02:35.716,2006-09-19 23:10:03.937710930,189,43,47,47,52,1
2279,2279,2279,2279,1,13,220,1164866969716,2006-11-30 06:09:29.716,2006-09-19 23:10:04.067346912,207,43,51,51,62,1
2280,2280,2280,2280,1,19,220,1164867450716,2006-11-30 06:17:30.716,2006-09-19 23:10:04.217962631,201,40,50,50,61,1
2281,2281,2281,2281,1,103,990,1164908322716,2006-11-30 17:38:42.716,2006-09-19 23:10:17.016228028,887,201,221,221,244,1
2282,2282,2282,2282,6,168,1390,1164909139716,2006-11-30 17:52:19.716,2006-09-19 23:10:17.272055559,1222,280,305,305,332,1
2283,2283,2283,2283,1,56,990,1164911125716,2006-11-30 18:25:25.716,2006-09-19 23:10:17.893932518,934,186,233,233,282,1
2284,2284,2284,2284,1,1,20,1164912435716,2006-11-30 18:47:15.716,2006-09-19 23:10:18.304133332,19,9,3,4,3,1
2285,2285,2285,2285,1,1,20,1164912812716,2006-11-30 18:53:32.716,2006-09-19 23:10:18.422183490,19,7,4,4,4,1
2286,2286,2286,2286,1,3,20,1164913655716,2006-11-30 19:07:35.716,2006-09-19 23:10:18.686152410,17,7,4,4,2,1
2287,2287,2287,2287,1,1,20,1164913769716,2006-11-30 19:09:29.716,2006-09-19 23:10:18.721849275,19,3,4,4,8,1
2288,2288,2288,2288,1,2,20,1164913954716,2006-11-30 19:12:34.716,2006-09-19 23:10:18.779778398,18,9,2,4,3,1
2289,2289,2289,2289,1,1,20,1164914200716,2006-11-30 19:16:40.716,2006-09-19 23:10:18.856808474,19,6,4,4,5,1
2290,2290,2290,2290,1,15,110,1164916231716,2006-11-30 19:50:31.716,2006-09-19 23:10:19.492776301,95,21,23,23,28,1
2291,2291,2291,2291,6,128,1400,1164916435716,2006-11-30 19:53:55.716,2006-09-19 23:10:19.556654901,1272,447,315,295,215,1
2292,2292,2292,2292,1,59,740,1164916964716,2006-11-30 20:02:44.716,2006-09-19 23:10:19.722300879,681,158,170,170,183,1
2293,2293,2293,2293,1,1,10,1164917450716,2006-11-30 20:10:50.716,2006-09-19 23:10:19.874482250,9,1,2,2,4,1
2294,2294,2294,2294,1,1,10,1164918029716,2006-11-30 20:20:29.716,2006-09-19 23:10:20.055784747,9,2,2,2,3,1
2295,2295,2295,2295,9,66,1300,1164918839716,2006-11-30 20:33:59.716,2006-09-19 23:10:20.309420365,1234,505,276,281,172,3
2296,2296,2296,2296,1,14,170,1164918953716,2006-11-30 20:35:53.716,2006-09-19 23:10:20.345117229,156,65,28,34,29,1
2297,2297,2297,2297,6,77,1390,1164918993716,2006-11-30 20:36:33.716,2006-09-19 23:10:20.357642445,1313,449,286,328,250,1
2298,2298,2298,2298,1,1,20,1164919097716,2006-11-30 20:38:17.716,2006-09-19 23:10:20.390208006,19,4,4,4,7,1
2299,2299,2299,2299,1,5,50,1164919235716,2006-11-30 20:40:35.716,2006-09-19 23:10:20.433420000,45,21,8,9,7,1
2300,2300,2300,2300,4,112,660,1164919279716,2006-11-30 20:41:19.716,2006-09-19 23:10:20.447197737,548,231,86,123,108,1
2301,2301,2301,2301,1,16,120,1164920655716,2006-11-30 21:04:15.716,2006-09-19 23:10:20.878065157,104,36,23,26,19,1
2302,2302,2302,2302,1,5,40,1164920670716,2006-11-30 21:04:30.716,2006-09-19 23:10:20.882762113,35,12,8,8,7,1
2303,2303,2303,2303,1,21,230,1164920801716,2006-11-30 21:06:41.716,2006-09-19 23:10:20.923782194,209,100,17,52,40,1
2304,2304,2304,2304,1,41,220,1164921793716,2006-11-30 21:23:13.716,2006-09-19 23:10:21.234407544,179,60,44,43,32,1
2305,2305,2305,2305,1,18,170,1164921958716,2006-11-30 21:25:58.716,2006-09-19 23:10:21.286074058,152,63,27,34,28,1
2306,2306,2306,2306,1,2,40,1164923372716,2006-11-30 21:49:32.716,2006-09-19 23:10:21.728840433,38,14,8,9,7,1
2307,2307,2307,2307,1,24,170,1164923929716,2006-11-30 21:58:49.716,2006-09-19 23:10:21.903254062,146,42,36,36,32,1
2308,2308,2308,2308,9,87,1300,1164924028716,2006-11-30 22:00:28.716,2006-09-19 23:10:21.934253971,1213,361,303,303,246,3
2309,2309,2309,2309,6,141,1390,1164924542716,2006-11-30 22:09:02.716,2006-09-19 23:10:22.095202992,1249,303,312,312,322,1
2310,2310,2310,2310,1,1,10,1164927205716,2006-11-30 22:53:25.716,2006-09-19 23:10:22.929069227,9,3,2,2,2,1
2311,2311,2311,2311,1,25,140,1164927559716,2006-11-30 22:59:19.716,2006-09-19 23:10:23.039917386,115,51,19,26,19,1
2312,2312,2312,2312,1,1,10,1164927623716,2006-11-30 23:00:23.716,2006-09-19 23:10:23.059957731,9,3,2,2,2,1
2313,2313,2313,2313,1,83,540,1164927706716,2006-11-30 23:01:46.716,2006-09-19 23:10:23.085947554,457,155,113,106,83,1
2314,2314,2314,2314,1,1,10,1164928238716,2006-11-30 23:10:38.716,2006-09-19 23:10:23.252532922,9,2,2,2,3,1
2315,2315,2315,2315,1,11,170,1164928391716,2006-11-30 23:13:11.716,2006-09-19 23:10:23.300441872,159,43,39,39,38,1
2316,2316,2316,2316,1,9,100,1164929310716,2006-11-30 23:28:30.716,2006-09-19 23:10:23.588208703,91,38,15,20,18,1
2317,2317,2317,2317,9,144,1320,1164929403716,2006-11-30 23:30:03.716,2006-09-19 23:10:23.617329829,1176,509,194,262,211,3
2318,2318,2318,2318,1,80,710,1164929695716,2006-11-30 23:34:55.716,2006-09-19 23:10:23.708763904,630,156,157,157,160,1
2319,2319,2319,2319,1,58,520,1164929797716,2006-11-30 23:36:37.716,2006-09-19 23:10:23.740703204,462,172,105,102,83,1
2320,2320,2320,2320,1,50,270,1164930979716,2006-11-30 23:56:19.716,2006-09-19 23:10:24.110823328,220,53,55,55,57,1
2321,2321,2321,2321,2,80,510,1164932259716,2006-12-01 00:17:39.716,2006-09-19 23:10:24.511630230,430,139,101,107,83,1
2322,2322,2322,2322,1,46,330,1164933161716,2006-12-01 00:32:41.716,2006-09-19 23:10:24.794073844,284,87,71,71,55,1
2323,2323,2323,2323,9,125,1300,1164933225716,2006-12-01 00:33:45.716,2006-09-19 23:10:24.814114189,1175,412,262,279,222,3
2324,2324,2324,2324,1,1,10,1164934083716,2006-12-01 00:48:03.716,2006-09-19 23:10:25.082780066,9,4,2,2,1,1
2325,2325,2325,2325,6,270,1400,1164934687716,2006-12-01 00:58:07.716,2006-09-19 23:10:25.271910823,1130,278,282,282,288,1
2326,2326,2326,2326,1,65,380,1164935558716,2006-12-01 01:12:38.716,2006-09-19 23:10:25.544647394,315,86,78,78,73,1
2327,2327,2327,2327,9,65,1300,1164936107716,2006-12-01 01:21:47.716,2006-09-19 23:10:25.716555980,1235,581,120,290,244,3
2328,2328,2328,2328,2,96,660,1164936736716,2006-12-01 01:32:16.716,2006-09-19 23:10:25.913514997,564,170,141,141,112,1
2329,2329,2329,2329,4,36,630,1164937864716,2006-12-01 01:51:04.716,2006-09-19 23:10:26.266726079,594,125,148,148,173,1
2330,2330,2330,2330,9,116,1310,1164938298716,2006-12-01 01:58:18.716,2006-09-19 23:10:26.402624670,1194,249,298,298,349,3
2331,2331,2331,2331,2,36,620,1164938390716,2006-12-01 01:59:50.716,2006-09-19 23:10:26.431432666,584,234,118,129,103,1
2332,2332,2332,2332,1,2,20,1164938903716,2006-12-01 02:08:23.716,2006-09-19 23:10:26.592068557,18,4,4,4,6,1
2333,2333,2333,2333,5,163,1070,1164940065716,2006-12-01 02:27:45.716,2006-09-19 23:10:26.955926073,907,428,169,203,107,1
2334,2334,2334,2334,18,173,2590,1164940767716,2006-12-01 02:39:27.716,2006-09-19 23:10:27.175743608,2417,1198,180,570,469,7
2335,2335,2335,2335,1,40,380,1164940864716,2006-12-01 02:41:04.716,2006-09-19 23:10:27.206117256,340,124,79,74,63,1
2336,2336,2336,2336,1,7,60,1164941801716,2006-12-01 02:56:41.716,2006-09-19 23:10:27.499520434,53,26,10,8,9,1
2337,2337,2337,2337,1,3,30,1164942074716,2006-12-01 03:01:14.716,2006-09-19 23:10:27.585005031,27,12,4,6,5,1
2338,2338,2338,2338,1,14,220,1164942438716,2006-12-01 03:07:18.716,2006-09-19 23:10:27.698984494,206,46,51,51,58,1
2339,2339,2339,2339,6,156,1390,1164942507716,2006-12-01 03:08:27.716,2006-09-19 23:10:27.720590491,1234,570,281,257,126,1
2340,2340,2340,2340,18,419,2580,1164942815716,2006-12-01 03:13:35.716,2006-09-19 23:10:27.817034652,2161,588,540,540,493,7
2341,2341,2341,2341,1,43,710,1164942900716,2006-12-01 03:15:00.716,2006-09-19 23:10:27.843650735,667,288,90,164,125,1
2342,2342,2342,2342,1,11,190,1164943464716,2006-12-01 03:24:24.716,2006-09-19 23:10:28.020256277,179,35,44,44,56,1
2343,2343,2343,2343,1,37,360,1164943935716,2006-12-01 03:32:15.716,2006-09-19 23:10:28.167740691,323,82,80,80,81,1
2344,2344,2344,2344,10,395,2070,1164946054716,2006-12-01 04:07:34.716,2006-09-19 23:10:28.831263993,1675,471,418,418,368,3
2345,2345,2345,2345,1,30,200,1164947781716,2006-12-01 04:36:21.716,2006-09-19 23:10:29.372040180,170,60,35,42,33,1
2346,2346,2346,2346,10,314,2070,1164949861716,2006-12-01 05:11:01.716,2006-09-19 23:10:30.023351397,1756,802,263,421,270,3
2347,2347,2347,2347,10,215,2070,1164993446716,2006-12-01 17:17:26.716,2006-09-19 23:10:43.671139548,1855,511,463,463,418,3
2348,2348,2348,2348,10,287,2070,1164994893716,2006-12-01 17:41:33.716,2006-09-19 23:10:44.124239226,1783,438,445,445,455,3
2349,2349,2349,2349,10,106,2070,1164997345716,2006-12-01 18:22:25.716,2006-09-19 23:10:44.892034948,1964,568,491,491,414,3
2350,2350,2350,2350,1,2,20,1164998205716,2006-12-01 18:36:45.716,2006-09-19 23:10:45.161327085,18,8,4,4,2,1
2351,2351,2351,2351,10,387,2070,1164998925716,2006-12-01 18:48:45.716,2006-09-19 23:10:45.386780968,1683,795,310,406,172,3
2352,2352,2352,2352,10,293,2070,1165004821716,2006-12-01 20:27:01.716,2006-09-19 23:10:47.232997761,1777,755,408,415,199,3
2353,2353,2353,2353,6,251,1390,1165010349716,2006-12-01 21:59:09.716,2006-09-19 23:10:48.963982570,1139,542,205,219,173,1
2354,2354,2354,2354,6,220,1390,1165011769716,2006-12-01 22:22:49.716,2006-09-19 23:10:49.408627727,1170,408,258,290,214,1
2355,2355,2355,2355,6,95,1400,1165012838716,2006-12-01 22:40:38.716,2006-09-19 23:10:49.743364117,1305,495,235,318,257,1
2356,2356,2356,2356,6,257,1390,1165014191716,2006-12-01 23:03:11.716,2006-09-19 23:10:50.167029537,1133,249,283,283,318,1
2357,2357,2357,2357,6,83,1400,1165023863716,2006-12-02 01:44:23.716,2006-09-19 23:10:53.195626692,1317,626,109,319,263,1
2358,2358,2358,2358,1,49,380,1165028712716,2006-12-02 03:05:12.716,2006-09-19 23:10:54.713995965,331,133,74,66,58,1
2359,2359,2359,2359,1,3,50,1165030518716,2006-12-02 03:35:18.716,2006-09-19 23:10:55.279509454,47,13,11,11,12,1
2360,2360,2360,2360,1,15,290,1165031008716,2006-12-02 03:43:28.716,2006-09-19 23:10:55.432943346,275,137,33,61,44,1
2361,2361,2361,2361,1,26,230,1165032309716,2006-12-02 04:05:09.716,2006-09-19 23:10:55.840325986,204,76,46,42,40,1
2362,2362,2362,2362,1,66,710,1165032618716,2006-12-02 04:10:18.716,2006-09-19 23:10:55.937083278,644,228,154,142,120,1
2363,2363,2363,2363,1,29,240,1165034805716,2006-12-02 04:46:45.716,2006-09-19 23:10:56.621899446,211,76,42,52,41,1
2364,2364,2364,2364,1,96,710,1165035322716,2006-12-02 04:55:22.716,2006-09-19 23:10:56.783787859,614,226,119,147,122,1
2365,2365,2365,2365,1,13,240,1165037385716,2006-12-02 05:29:45.716,2006-09-19 23:10:57.429775858,227,57,56,56,58,1
2366,2366,2366,2366,1,15,220,1165038374716,2006-12-02 05:46:14.716,2006-09-19 23:10:57.739461816,205,58,51,51,45,1
2367,2367,2367,2367,1,32,240,1165038734716,2006-12-02 05:52:14.716,2006-09-19 23:10:57.852188757,208,77,50,43,38,1
2368,2368,2368,2368,1,24,240,1165039774716,2006-12-02 06:09:34.716,2006-09-19 23:10:58.177844365,216,73,47,54,42,1
2369,2369,2369,2369,1,23,150,1165040364716,2006-12-02 06:19:24.716,2006-09-19 23:10:58.362591297,127,33,31,31,32,1
2370,2370,2370,2370,1,16,110,1165041898716,2006-12-02 06:44:58.716,2006-09-19 23:10:58.842933319,94,26,23,23,22,1
2371,2371,2371,2371,1,130,740,1165042252716,2006-12-02 06:50:52.716,2006-09-19 23:10:58.953781478,610,287,123,131,69,1
2372,2372,2372,2372,1,118,770,1165042830716,2006-12-02 07:00:30.716,2006-09-19 23:10:59.134770844,652,313,131,122,86,1
2373,2373,2373,2373,1,24,210,1165048037716,2006-12-02 08:27:17.716,2006-09-19 23:11:00.765240797,186,81,23,45,37,1
2374,2374,2374,2374,1,7,50,1165048828716,2006-12-02 08:40:28.716,2006-09-19 23:11:01.012926938,43,15,10,10,8,1
2375,2375,2375,2375,1,4,50,1165049200716,2006-12-02 08:46:40.716,2006-09-19 23:11:01.129411444,46,16,10,11,9,1
2376,2376,2376,2376,1,1,10,1165049482716,2006-12-02 08:51:22.716,2006-09-19 23:11:01.217714214,9,4,2,2,1,1
2377,2377,2377,2377,1,16,100,1165049650716,2006-12-02 08:54:10.716,2006-09-19 23:11:01.270320120,84,33,16,20,15,1
2378,2378,2378,2378,1,24,210,1165049860716,2006-12-02 08:57:40.716,2006-09-19 23:11:01.336077503,186,80,34,39,33,1
2379,2379,2379,2379,1,35,210,1165051020716,2006-12-02 09:17:00.716,2006-09-19 23:11:01.699308758,175,62,42,41,30,1
2380,2380,2380,2380,1,36,210,1165055461716,2006-12-02 10:31:01.716,2006-09-19 23:11:03.089920830,174,87,10,43,34,1
2381,2381,2381,2381,1,37,210,1165056225716,2006-12-02 10:43:45.716,2006-09-19 23:11:03.329152450,173,69,37,35,32,1
2382,2382,2382,2382,1,43,230,1165057864716,2006-12-02 11:11:04.716,2006-09-19 23:11:03.842373163,187,49,46,46,46,1
2383,2383,2383,2383,6,150,1310,1165084088716,2006-12-02 18:28:08.716,2006-09-19 23:11:12.053904573,1160,544,142,251,223,1
2384,2384,2384,2384,6,135,1390,1165092082716,2006-12-02 20:41:22.716,2006-09-19 23:11:14.557068929,1255,303,313,313,326,1
2385,2385,2385,2385,1,4,30,1165093056716,2006-12-02 20:57:36.716,2006-09-19 23:11:14.862057931,26,9,6,6,5,1
2386,2386,2386,2386,6,147,1400,1165093173716,2006-12-02 20:59:33.716,2006-09-19 23:11:14.898694187,1253,323,313,313,304,1
2387,2387,2387,2387,6,196,1400,1165094935716,2006-12-02 21:28:55.716,2006-09-19 23:11:15.450429939,1204,285,301,301,317,1
2388,2388,2388,2388,6,216,1390,1165098259716,2006-12-02 22:24:19.716,2006-09-19 23:11:16.491275363,1174,246,293,293,342,1
2389,2389,2389,2389,5,119,780,1165264091716,2006-12-04 20:28:11.716,2006-09-19 23:12:08.418314590,661,296,91,143,131,1
2390,2390,2390,2390,1,24,230,1165264455716,2006-12-04 20:34:15.716,2006-09-19 23:12:08.532294053,206,62,51,51,42,1
2391,2391,2391,2391,1,60,810,1165265012716,2006-12-04 20:43:32.716,2006-09-19 23:12:08.706707681,750,230,186,185,149,1
2392,2392,2392,2392,1,25,220,1165265058716,2006-12-04 20:44:18.716,2006-09-19 23:12:08.721111679,195,48,48,48,51,1
2393,2393,2393,2393,1,19,270,1165265569716,2006-12-04 20:52:49.716,2006-09-19 23:12:08.881121310,251,84,55,62,50,1
2394,2394,2394,2394,9,238,1300,1165267992716,2006-12-04 21:33:12.716,2006-09-19 23:12:09.639836250,1062,322,264,264,212,3
2395,2395,2395,2395,1,26,260,1165268431716,2006-12-04 21:40:31.716,2006-09-19 23:12:09.777300493,234,57,58,58,61,1
2396,2396,2396,2396,1,19,270,1165268985716,2006-12-04 21:49:45.716,2006-09-19 23:12:09.950774730,251,103,55,53,40,1
2397,2397,2397,2397,1,13,260,1165270656716,2006-12-04 22:17:36.716,2006-09-19 23:12:10.474015616,247,73,61,61,52,1
2398,2398,2398,2398,9,190,1300,1165277631716,2006-12-05 00:13:51.716,2006-09-19 23:12:12.658100102,1110,449,221,243,197,3
2399,2399,2399,2399,1,16,110,1165279941716,2006-12-05 00:52:21.716,2006-09-19 23:12:13.381431309,94,23,23,23,25,1
2400,2400,2400,2400,1,81,810,1165279950716,2006-12-05 00:52:30.716,2006-09-19 23:12:13.384249482,729,209,182,182,156,1
2401,2401,2401,2401,1,13,220,1165280342716,2006-12-05 00:59:02.716,2006-09-19 23:12:13.506996596,207,60,51,51,45,1
2402,2402,2402,2402,6,101,910,1165283494716,2006-12-05 01:51:34.716,2006-09-19 23:12:14.493983593,809,279,194,190,146,1
2403,2403,2403,2403,4,64,670,1165285529716,2006-12-05 02:25:29.716,2006-09-19 23:12:15.131203941,606,295,119,128,64,1
2404,2404,2404,2404,1,3,20,1165287552716,2006-12-05 02:59:12.716,2006-09-19 23:12:15.764666725,17,6,4,4,3,1
2405,2405,2405,2405,9,183,1300,1165287714716,2006-12-05 03:01:54.716,2006-09-19 23:12:15.815393849,1117,505,279,271,62,3
2406,2406,2406,2406,1,23,220,1165296102716,2006-12-05 05:21:42.716,2006-09-19 23:12:18.441931580,197,75,39,48,35,1
2407,2407,2407,2407,1,2,30,1165296434716,2006-12-05 05:27:14.716,2006-09-19 23:12:18.545890870,28,13,3,7,5,1
2408,2408,2408,2408,9,257,1300,1165348735716,2006-12-05 19:58:55.716,2006-09-19 23:12:34.922923521,1043,262,260,260,261,3
2409,2409,2409,2409,1,1,10,1165351058716,2006-12-05 20:37:38.716,2006-09-19 23:12:35.650325423,9,2,2,2,3,1
2410,2410,2410,2410,1,16,110,1165352046716,2006-12-05 20:54:06.716,2006-09-19 23:12:35.959698250,94,24,23,23,24,1
2411,2411,2411,2411,1,15,220,1165352269716,2006-12-05 20:57:49.716,2006-09-19 23:12:36.029526328,205,92,45,38,30,1
2412,2412,2412,2412,1,99,810,1165352324716,2006-12-05 20:58:44.716,2006-09-19 23:12:36.046748499,711,157,177,177,200,1
2413,2413,2413,2413,6,46,850,1165354921716,2006-12-05 21:42:01.716,2006-09-19 23:12:36.859948128,804,367,118,194,125,1
2414,2414,2414,2414,6,113,900,1165356267716,2006-12-05 22:04:27.716,2006-09-19 23:12:37.281421637,787,361,79,193,154,1
2415,2415,2415,2415,3,89,460,1165363145716,2006-12-05 23:59:05.716,2006-09-19 23:12:39.435132475,371,184,71,50,66,1
2416,2416,2416,2416,5,90,840,1165363716716,2006-12-06 00:08:36.716,2006-09-19 23:12:39.613929929,750,309,178,120,143,1
2417,2417,2417,2417,1,5,100,1165364665716,2006-12-06 00:24:25.716,2006-09-19 23:12:39.911090672,95,19,23,23,30,1
2418,2418,2418,2418,9,71,1300,1165368012716,2006-12-06 01:20:12.716,2006-09-19 23:12:40.959138095,1229,461,287,280,201,3
2419,2419,2419,2419,9,140,1300,1165370335716,2006-12-06 01:58:55.716,2006-09-19 23:12:41.686539996,1160,445,251,235,229,3
2420,2420,2420,2420,1,16,220,1165394432716,2006-12-06 08:40:32.716,2006-09-19 23:12:49.232043061,204,79,36,49,40,1
2421,2421,2421,2421,1,11,220,1165395220716,2006-12-06 08:53:40.716,2006-09-19 23:12:49.478789810,209,81,36,52,40,1
2422,2422,2422,2422,1,35,220,1165395737716,2006-12-06 09:02:17.716,2006-09-19 23:12:49.640678223,185,64,44,43,34,1
2423,2423,2423,2423,1,26,220,1165396271716,2006-12-06 09:11:11.716,2006-09-19 23:12:49.807889853,194,63,48,46,37,1
2424,2424,2424,2424,1,1,10,1165396681716,2006-12-06 09:18:01.716,2006-09-19 23:12:49.936273314,9,4,2,2,1,1
2425,2425,2425,2425,1,40,220,1165396712716,2006-12-06 09:18:32.716,2006-09-19 23:12:49.945980356,180,44,45,45,46,1
2426,2426,2426,2426,1,14,220,1165397563716,2006-12-06 09:32:43.716,2006-09-19 23:12:50.212454320,206,95,23,50,38,1
2427,2427,2427,2427,1,42,220,1165397978716,2006-12-06 09:39:38.716,2006-09-19 23:12:50.342403433,178,84,25,39,30,1
2428,2428,2428,2428,1,21,220,1165398285716,2006-12-06 09:44:45.716,2006-09-19 23:12:50.438534463,199,79,48,44,28,1
2429,2429,2429,2429,1,38,210,1165398295716,2006-12-06 09:44:55.716,2006-09-19 23:12:50.441665767,172,40,43,43,46,1
2430,2430,2430,2430,1,30,220,1165398735716,2006-12-06 09:52:15.716,2006-09-19 23:12:50.579443140,190,79,35,40,36,1
2431,2431,2431,2431,1,38,220,1165399137716,2006-12-06 09:58:57.716,2006-09-19 23:12:50.705321557,182,46,45,45,46,1
2432,2432,2432,2432,1,488,2470,1165399277716,2006-12-06 10:01:17.716,2006-09-19 23:12:50.749159812,1982,856,415,418,293,1
2433,2433,2433,2433,1,75,810,1165399305716,2006-12-06 10:01:45.716,2006-09-19 23:12:50.757927463,735,214,183,183,155,1
2434,2434,2434,2434,9,252,1300,1165431773716,2006-12-06 19:02:53.716,2006-09-19 23:13:00.924645043,1048,257,262,262,267,3
2435,2435,2435,2435,3,98,910,1165433860716,2006-12-06 19:37:40.716,2006-09-19 23:13:01.578148171,812,336,162,189,125,1
2436,2436,2436,2436,9,140,1300,1165434621716,2006-12-06 19:50:21.716,2006-09-19 23:13:01.816440400,1160,447,244,283,186,3
2437,2437,2437,2437,1,22,220,1165436458716,2006-12-06 20:20:58.716,2006-09-19 23:13:02.391660931,198,69,49,42,38,1
2438,2438,2438,2438,9,170,1300,1165439131716,2006-12-06 21:05:31.716,2006-09-19 23:13:03.228658470,1130,507,228,173,222,3
2439,2439,2439,2439,1,3,50,1165439625716,2006-12-06 21:13:45.716,2006-09-19 23:13:03.383344883,47,12,11,11,13,1
2440,2440,2440,2440,9,172,1300,1165440962716,2006-12-06 21:36:02.716,2006-09-19 23:13:03.802000218,1128,532,193,252,151,3
2441,2441,2441,2441,9,170,1300,1165445489716,2006-12-06 22:51:29.716,2006-09-19 23:13:05.219541504,1130,473,202,261,194,3
2442,2442,2442,2442,1,188,1150,1165446450716,2006-12-06 23:07:30.716,2006-09-19 23:13:05.520459811,962,417,127,238,180,1
2443,2443,2443,2443,9,225,1290,1165447559716,2006-12-06 23:25:59.716,2006-09-19 23:13:05.867721416,1065,334,256,266,209,3
2444,2444,2444,2444,1,11,100,1165448771716,2006-12-06 23:46:11.716,2006-09-19 23:13:06.247235452,89,22,22,22,23,1
2445,2445,2445,2445,1,10,110,1165449170716,2006-12-06 23:52:50.716,2006-09-19 23:13:06.372174479,100,25,25,25,25,1
2446,2446,2446,2446,9,115,1300,1165449592716,2006-12-06 23:59:52.716,2006-09-19 23:13:06.504315504,1185,298,296,296,295,3
2447,2447,2447,2447,1,64,820,1165450036716,2006-12-07 00:07:16.716,2006-09-19 23:13:06.643345398,756,236,181,189,150,1
2448,2448,2448,2448,1,2,50,1165450232716,2006-12-07 00:10:32.716,2006-09-19 23:13:06.704718955,48,18,10,11,9,1
2449,2449,2449,2449,1,3,30,1165450851716,2006-12-07 00:20:51.716,2006-09-19 23:13:06.898546668,27,7,6,6,8,1
2450,2450,2450,2450,1,26,290,1165451086716,2006-12-07 00:24:46.716,2006-09-19 23:13:06.972132310,264,57,66,66,75,1
2451,2451,2451,2451,9,253,1300,1165452225716,2006-12-07 00:43:45.716,2006-09-19 23:13:07.328787827,1047,301,261,261,224,3
2452,2452,2452,2452,1,4,30,1165454235716,2006-12-07 01:17:15.716,2006-09-19 23:13:07.958179916,26,12,6,3,5,1
2453,2453,2453,2453,1,9,90,1165454627716,2006-12-07 01:23:47.716,2006-09-19 23:13:08.080927030,81,26,20,19,16,1
2454,2454,2454,2454,9,178,1300,1165454955716,2006-12-07 01:29:15.716,2006-09-19 23:13:08.183633798,1122,432,260,255,175,3
2455,2455,2455,2455,1,11,160,1165456696716,2006-12-07 01:58:16.716,2006-09-19 23:13:08.728793811,149,39,37,37,36,1
2456,2456,2456,2456,9,151,1300,1165457573716,2006-12-07 02:12:53.716,2006-09-19 23:13:09.003409166,1149,384,254,282,229,3
2457,2457,2457,2457,2,41,290,1165458845716,2006-12-07 02:34:05.716,2006-09-19 23:13:09.401711025,249,64,62,62,61,1
2458,2458,2458,2458,1,22,180,1165459731716,2006-12-07 02:48:51.716,2006-09-19 23:13:09.679144552,158,34,39,39,46,1
2459,2459,2459,2459,1,1,10,1165517960716,2006-12-07 18:59:20.716,2006-09-19 23:13:27.912414169,9,3,2,2,2,1
2460,2460,2460,2460,2,79,400,1165519002716,2006-12-07 19:16:42.716,2006-09-19 23:13:28.238696038,321,111,73,80,57,1
2461,2461,2461,2461,9,236,1300,1165519976716,2006-12-07 19:32:56.716,2006-09-19 23:13:28.543685040,1064,398,249,261,156,3
2462,2462,2462,2462,2,48,340,1165523214716,2006-12-07 20:26:54.716,2006-09-19 23:13:29.557601251,292,133,38,67,54,1
2463,2463,2463,2463,3,123,910,1165523681716,2006-12-07 20:34:41.716,2006-09-19 23:13:29.703833144,787,245,190,195,157,1
2464,2464,2464,2464,3,130,910,1165525027716,2006-12-07 20:57:07.716,2006-09-19 23:13:30.125306652,780,370,113,178,119,1
2465,2465,2465,2465,1,8,110,1165526318716,2006-12-07 21:18:38.716,2006-09-19 23:13:30.529557989,102,41,17,25,19,1
2466,2466,2466,2466,1,12,110,1165526878716,2006-12-07 21:27:58.716,2006-09-19 23:13:30.704911009,98,24,24,24,26,1
2467,2467,2467,2467,9,72,1300,1165530314716,2006-12-07 22:25:14.716,2006-09-19 23:13:31.780827037,1228,504,279,228,217,3
2468,2468,2468,2468,1,6,50,1165533847716,2006-12-07 23:24:07.716,2006-09-19 23:13:32.887116713,44,18,11,8,7,1
2469,2469,2469,2469,1,31,240,1165535201716,2006-12-07 23:46:41.716,2006-09-19 23:13:33.311095264,209,57,52,52,48,1
2470,2470,2470,2470,1,9,110,1165541809716,2006-12-08 01:36:49.716,2006-09-19 23:13:35.380260897,101,30,25,25,21,1
2471,2471,2471,2471,3,105,540,1165548434716,2006-12-08 03:27:14.716,2006-09-19 23:13:37.454749746,435,129,108,108,90,1
2472,2472,2472,2472,1,9,50,1165549436716,2006-12-08 03:43:56.716,2006-09-19 23:13:37.768506400,41,12,10,10,9,1
2473,2473,2473,2473,1,3,20,1165549628716,2006-12-08 03:47:08.716,2006-09-19 23:13:37.828627435,17,4,4,4,5,1
2474,2474,2474,2474,1,6,50,1165549755716,2006-12-08 03:49:15.716,2006-09-19 23:13:37.868394995,44,9,11,11,13,1
2475,2475,2475,2475,3,164,910,1165623421716,2006-12-09 00:17:01.716,2006-09-19 23:14:00.935458479,746,156,186,186,218,1
2476,2476,2476,2476,1,3,50,1165625546716,2006-12-09 00:52:26.716,2006-09-19 23:14:01.600860563,47,21,7,11,8,1
2477,2477,2477,2477,1,8,50,1165626567716,2006-12-09 01:09:27.716,2006-09-19 23:14:01.920566693,42,21,10,6,5,1
2478,2478,2478,2478,1,3,50,1165626845716,2006-12-09 01:14:05.716,2006-09-19 23:14:02.007616942,47,23,9,6,9,1
2479,2479,2479,2479,3,153,910,1165629813716,2006-12-09 02:03:33.716,2006-09-19 23:14:02.936987947,757,321,134,167,135,1
2480,2480,2480,2480,1,4,50,1165631344716,2006-12-09 02:29:04.716,2006-09-19 23:14:03.416390577,46,19,10,11,6,1
2481,2481,2481,2481,1,9,50,1165631509716,2006-12-09 02:31:49.716,2006-09-19 23:14:03.468057092,41,9,10,10,12,1
2482,2482,2482,2482,1,9,50,1165633199716,2006-12-09 02:59:59.716,2006-09-19 23:14:03.997247455,41,13,10,10,8,1
2483,2483,2483,2483,1,3,50,1165633393716,2006-12-09 03:03:13.716,2006-09-19 23:14:04.057994751,47,21,11,9,6,1
2484,2484,2484,2484,1,5,50,1165645800716,2006-12-09 06:30:00.716,2006-09-19 23:14:07.943003530,45,17,8,11,9,1
2485,2485,2485,2485,1,9,50,1165645998716,2006-12-09 06:33:18.716,2006-09-19 23:14:08.005003347,41,17,9,7,8,1
2486,2486,2486,2486,3,111,910,1165723753716,2006-12-10 04:09:13.716,2006-09-19 23:14:32.352457006,799,378,166,161,94,1
2487,2487,2487,2487,3,163,910,1165724948716,2006-12-10 04:29:08.716,2006-09-19 23:14:32.726647825,747,203,186,186,172,1
2488,2488,2488,2488,1,6,50,1165727817716,2006-12-10 05:16:57.716,2006-09-19 23:14:33.625018920,44,15,11,10,8,1
2489,2489,2489,2489,1,5,50,1165728527716,2006-12-10 05:28:47.716,2006-09-19 23:14:33.847341499,45,14,11,11,9,1
2490,2490,2490,2490,3,84,910,1165731290716,2006-12-10 06:14:50.716,2006-09-19 23:14:34.712520773,826,265,192,204,165,1
2491,2491,2491,2491,3,59,740,1165785074716,2006-12-10 21:11:14.716,2006-09-19 23:14:51.553925796,681,308,76,164,133,1
2492,2492,2492,2492,2,54,330,1165788248716,2006-12-10 22:04:08.716,2006-09-19 23:14:52.547801661,276,63,69,69,75,1
2493,2493,2493,2493,2,44,410,1165788579716,2006-12-10 22:09:39.716,2006-09-19 23:14:52.651447821,366,126,83,90,67,1
2494,2494,2494,2494,1,6,50,1165801494716,2006-12-11 01:44:54.716,2006-09-19 23:14:56.695526839,44,18,8,10,8,1
2495,2495,2495,2495,3,91,740,1165807807716,2006-12-11 03:30:07.716,2006-09-19 23:14:58.672319006,649,257,132,155,105,1
2496,2496,2496,2496,1,4,30,1165812042716,2006-12-11 04:40:42.716,2006-09-19 23:14:59.998426217,26,11,4,6,5,1
2497,2497,2497,2497,1,8,50,1165812443716,2006-12-11 04:47:23.716,2006-09-19 23:15:00.123991505,42,10,10,10,12,1
2498,2498,2498,2498,1,21,110,1165812655716,2006-12-11 04:50:55.716,2006-09-19 23:15:00.190375148,89,36,17,19,17,1
2499,2499,2499,2499,1,12,110,1165812984716,2006-12-11 04:56:24.716,2006-09-19 23:15:00.293395047,98,48,9,24,17,1
2500,2500,2500,2500,1,1,10,1165814680716,2006-12-11 05:24:40.716,2006-09-19 23:15:00.824464192,9,1,2,2,4,1
2501,2501,2501,2501,1,4,30,1165814848716,2006-12-11 05:27:28.716,2006-09-19 23:15:00.877070098,26,11,6,5,4,1
2502,2502,2502,2502,1,4,30,1165814998716,2006-12-11 05:29:58.716,2006-09-19 23:15:00.924039657,26,5,6,6,9,1
2503,2503,2503,2503,1,1,10,1165815164716,2006-12-11 05:32:44.716,2006-09-19 23:15:00.976019302,9,2,2,2,3,1
2504,2504,2504,2504,1,1,10,1165815256716,2006-12-11 05:34:16.716,2006-09-19 23:15:01.004827298,9,1,2,2,4,1
2505,2505,2505,2505,1,1,10,1165815383716,2006-12-11 05:36:23.716,2006-09-19 23:15:01.044594858,9,4,2,2,1,1
2506,2506,2506,2506,1,1,10,1165815487716,2006-12-11 05:38:07.716,2006-09-19 23:15:01.077160419,9,1,2,2,4,1
2507,2507,2507,2507,1,1,10,1165815760716,2006-12-11 05:42:40.716,2006-09-19 23:15:01.162645016,9,4,2,2,1,1
2508,2508,2508,2508,1,1,10,1165815923716,2006-12-11 05:45:23.716,2006-09-19 23:15:01.213685270,9,1,2,2,4,1
2509,2509,2509,2509,1,9,50,1165816048716,2006-12-11 05:47:28.716,2006-09-19 23:15:01.252826569,41,18,6,10,7,1
2510,2510,2510,2510,1,1,30,1165816263716,2006-12-11 05:51:03.716,2006-09-19 23:15:01.320149603,29,5,7,7,10,1
2511,2511,2511,2511,1,20,110,1165816440716,2006-12-11 05:54:00.716,2006-09-19 23:15:01.375573683,90,35,15,22,18,1
2512,2512,2512,2512,1,3,30,1165816871716,2006-12-11 06:01:11.716,2006-09-19 23:15:01.510532882,27,8,6,6,7,1
2513,2513,2513,2513,1,13,110,1165817258716,2006-12-11 06:07:38.716,2006-09-19 23:15:01.631714344,97,38,22,19,18,1
2514,2514,2514,2514,1,11,80,1165817681716,2006-12-11 06:14:41.716,2006-09-19 23:15:01.764168500,69,23,16,17,13,1
2515,2515,2515,2515,1,54,290,1165818033716,2006-12-11 06:20:33.716,2006-09-19 23:15:01.874390398,236,51,59,59,67,1
2516,2516,2516,2516,1,15,290,1165868625716,2006-12-11 20:23:45.716,2006-09-19 23:15:17.716283209,275,119,49,53,54,1
2517,2517,2517,2517,1,21,180,1165970497716,2006-12-13 00:41:37.716,2006-09-19 23:15:49.615502540,159,75,22,34,28,1
2518,2518,2518,2518,1,27,180,1165971128716,2006-12-13 00:52:08.716,2006-09-19 23:15:49.813087817,153,34,38,38,43,1
2519,2519,2519,2519,1,28,180,1166037389716,2006-12-13 19:16:29.716,2006-09-19 23:16:10.561420746,152,40,38,38,36,1
2520,2520,2520,2520,1,9,60,1166038016716,2006-12-13 19:26:56.716,2006-09-19 23:16:10.757753502,51,17,12,12,10,1
2521,2521,2521,2521,1,1,10,1166039389716,2006-12-13 19:49:49.716,2006-09-19 23:16:11.187681531,9,3,2,2,2,1
2522,2522,2522,2522,1,1,10,1166040005716,2006-12-13 20:00:05.716,2006-09-19 23:16:11.380569852,9,1,2,2,4,1
2523,2523,2523,2523,1,1,10,1166133139716,2006-12-14 21:52:19.716,2006-09-19 23:16:40.543655815,9,3,2,2,2,1
2524,2524,2524,2524,1,37,220,1166140377716,2006-12-14 23:52:57.716,2006-09-19 23:16:42.810093595,183,47,45,45,46,1
2525,2525,2525,2525,1,20,220,1166140839716,2006-12-15 00:00:39.716,2006-09-19 23:16:42.954759836,200,65,47,50,38,1
2526,2526,2526,2526,1,1,10,1166141086716,2006-12-15 00:04:46.716,2006-09-19 23:16:43.032103043,9,1,2,2,4,1
2527,2527,2527,2527,1,56,290,1166142839716,2006-12-15 00:33:59.716,2006-09-19 23:16:43.581020621,234,105,31,58,40,1
2528,2528,2528,2528,1,2,40,1166143189716,2006-12-15 00:39:49.716,2006-09-19 23:16:43.690616258,38,13,9,9,7,1
2529,2529,2529,2529,1,1,10,1166144542716,2006-12-15 01:02:22.716,2006-09-19 23:16:44.114281679,9,3,2,2,2,1
2530,2530,2530,2530,1,1,10,1166145457716,2006-12-15 01:17:37.716,2006-09-19 23:16:44.400795988,9,2,2,2,3,1
2531,2531,2531,2531,1,26,150,1166145829716,2006-12-15 01:23:49.716,2006-09-19 23:16:44.517280494,124,28,31,31,34,1
2532,2532,2532,2532,1,1,10,1166146572716,2006-12-15 01:36:12.716,2006-09-19 23:16:44.749936376,9,1,2,2,4,1
2533,2533,2533,2533,1,2,40,1166147481716,2006-12-15 01:51:21.716,2006-09-19 23:16:45.034571902,38,10,9,9,10,1
2534,2534,2534,2534,1,3,20,1166148593716,2006-12-15 02:09:53.716,2006-09-19 23:16:45.382772899,17,4,4,4,5,1
2535,2535,2535,2535,1,29,170,1166149697716,2006-12-15 02:28:17.716,2006-09-19 23:16:45.728468852,141,47,32,35,27,1
2536,2536,2536,2536,1,3,20,1166149979716,2006-12-15 02:32:59.716,2006-09-19 23:16:45.816771622,17,7,3,4,3,1
2537,2537,2537,2537,1,7,110,1166150530716,2006-12-15 02:42:10.716,2006-09-19 23:16:45.989306469,103,27,25,25,26,1
2538,2538,2538,2538,1,3,20,1166152526716,2006-12-15 03:15:26.716,2006-09-19 23:16:46.614314732,17,3,4,4,6,1
2539,2539,2539,2539,1,6,40,1166152866716,2006-12-15 03:21:06.716,2006-09-19 23:16:46.720779065,34,8,8,8,10,1
2540,2540,2540,2540,1,1,10,1166153253716,2006-12-15 03:27:33.716,2006-09-19 23:16:46.841960527,9,4,2,2,1,1
2541,2541,2541,2541,1,21,130,1166153345716,2006-12-15 03:29:05.716,2006-09-19 23:16:46.870768523,109,48,26,22,13,1
2542,2542,2542,2542,1,22,130,1166153834716,2006-12-15 03:37:14.716,2006-09-19 23:16:47.023889285,108,47,16,25,20,1
2543,2543,2543,2543,1,56,400,1166211730716,2006-12-15 19:42:10.716,2006-09-19 23:17:05.152886481,344,82,86,86,90,1
2544,2544,2544,2544,1,6,110,1166212493716,2006-12-15 19:54:53.716,2006-09-19 23:17:05.391804971,104,20,26,26,32,1
2545,2545,2545,2545,1,1,10,1166213208716,2006-12-15 20:06:48.716,2006-09-19 23:17:05.615693201,9,3,2,2,2,1
2546,2546,2546,2546,1,1,10,1166213376716,2006-12-15 20:09:36.716,2006-09-19 23:17:05.668299107,9,3,2,2,2,1
2547,2547,2547,2547,1,44,400,1166214599716,2006-12-15 20:29:59.716,2006-09-19 23:17:06.051257577,356,94,89,89,84,1
2548,2548,2548,2548,1,44,400,1166225839716,2006-12-15 23:37:19.716,2006-09-19 23:17:09.570843187,356,97,89,89,81,1
2549,2549,2549,2549,1,6,110,1166228763716,2006-12-16 00:26:03.716,2006-09-19 23:17:10.486436455,104,48,19,20,17,1
2550,2550,2550,2550,1,11,110,1166230525716,2006-12-16 00:55:25.716,2006-09-19 23:17:11.038172206,99,21,24,24,30,1
2551,2551,2551,2551,1,1,10,1166231364716,2006-12-16 01:09:24.716,2006-09-19 23:17:11.300888605,9,2,2,2,3,1
2552,2552,2552,2552,1,68,400,1166231538716,2006-12-16 01:12:18.716,2006-09-19 23:17:11.355373293,332,122,77,79,54,1
2553,2553,2553,2553,1,1,10,1166232128716,2006-12-16 01:22:08.716,2006-09-19 23:17:11.540120225,9,1,2,2,4,1
2554,2554,2554,2554,1,24,400,1166233107716,2006-12-16 01:38:27.716,2006-09-19 23:17:11.846674879,376,169,90,82,35,1
2555,2555,2555,2555,1,79,410,1166233986716,2006-12-16 01:53:06.716,2006-09-19 23:17:12.121916494,331,122,82,66,61,1
2556,2556,2556,2556,1,52,410,1166471742716,2006-12-18 19:55:42.716,2006-09-19 23:18:26.570546061,358,171,83,42,62,1
2557,2557,2557,2557,3,86,910,1166472264716,2006-12-18 20:04:24.716,2006-09-19 23:18:26.734000126,824,331,129,206,158,1
2558,2558,2558,2558,1,1,10,1166488983716,2006-12-19 00:43:03.716,2006-09-19 23:18:31.969227156,9,2,2,2,3,1
2559,2559,2559,2559,1,13,110,1166489634716,2006-12-19 00:53:54.716,2006-09-19 23:18:32.173075042,97,39,18,23,17,1
2560,2560,2560,2560,1,18,110,1166490127716,2006-12-19 01:02:07.716,2006-09-19 23:18:32.327448325,92,36,20,21,15,1
2561,2561,2561,2561,1,17,110,1166490687716,2006-12-19 01:11:27.716,2006-09-19 23:18:32.502801345,93,45,18,17,13,1
2562,2562,2562,2562,1,23,410,1166577744716,2006-12-20 01:22:24.716,2006-09-19 23:18:59.762993913,387,191,58,65,73,1
2563,2563,2563,2563,1,24,410,1166578772716,2006-12-20 01:39:32.716,2006-09-19 23:19:00.084891956,386,89,96,96,105,1
2564,2564,2564,2564,1,45,410,1166580326716,2006-12-20 02:05:26.716,2006-09-19 23:19:00.571496586,365,159,91,71,44,1
2565,2565,2565,2565,13,366,3890,1166655306716,2006-12-20 22:55:06.716,2006-09-19 23:19:24.050013406,3524,1405,558,872,689,5
2566,2566,2566,2566,1,34,410,1166661218716,2006-12-21 00:33:38.716,2006-09-19 23:19:25.901240285,376,101,94,94,87,1
2567,2567,2567,2567,1,37,410,1166663361716,2006-12-21 01:09:21.716,2006-09-19 23:19:26.572278716,373,124,90,90,69,1
2568,2568,2568,2568,1,1,10,1166664328716,2006-12-21 01:25:28.716,2006-09-19 23:19:26.875075806,9,4,2,2,1,1
2569,2569,2569,2569,1,1,10,1166664800716,2006-12-21 01:33:20.716,2006-09-19 23:19:27.022873351,9,3,2,2,2,1
2570,2570,2570,2570,1,45,410,1166665329716,2006-12-21 01:42:09.716,2006-09-19 23:19:27.188519328,365,88,91,91,95,1
2571,2571,2571,2571,1,1,10,1166666032716,2006-12-21 01:53:52.716,2006-09-19 23:19:27.408649994,9,4,2,2,1,1
2572,2572,2572,2572,1,10,110,1166666177716,2006-12-21 01:56:17.716,2006-09-19 23:19:27.454053901,100,41,18,25,16,1
2573,2573,2573,2573,1,49,410,1166666452716,2006-12-21 02:00:52.716,2006-09-19 23:19:27.540164759,361,143,71,85,62,1
2574,2574,2574,2574,1,34,410,1166667172716,2006-12-21 02:12:52.716,2006-09-19 23:19:27.765618641,376,105,94,94,83,1
2575,2575,2575,2575,1,26,180,1166778217716,2006-12-22 09:03:37.716,2006-09-19 23:20:02.537183062,154,71,24,30,29,1
2576,2576,2576,2576,1,35,180,1166778616716,2006-12-22 09:10:16.716,2006-09-19 23:20:02.662122088,145,37,36,36,36,1
2577,2577,2577,2577,1,25,180,1166778786716,2006-12-22 09:13:06.716,2006-09-19 23:20:02.715354255,155,47,38,38,32,1
2578,2578,2578,2578,1,6,60,1166779125716,2006-12-22 09:18:45.716,2006-09-19 23:20:02.821505458,54,20,12,13,9,1
2579,2579,2579,2579,1,26,180,1166779544716,2006-12-22 09:25:44.716,2006-09-19 23:20:02.952707092,154,46,38,38,32,1
2580,2580,2580,2580,1,12,180,1166780422716,2006-12-22 09:40:22.716,2006-09-19 23:20:03.227635577,168,36,42,42,48,1
2581,2581,2581,2581,1,32,180,1166781143716,2006-12-22 09:52:23.716,2006-09-19 23:20:03.453402590,148,53,33,37,25,1
2582,2582,2582,2582,1,22,180,1166789865716,2006-12-22 12:17:45.716,2006-09-19 23:20:06.184525872,158,68,36,23,31,1
2583,2583,2583,2583,1,21,180,1166790316716,2006-12-22 12:25:16.716,2006-09-19 23:20:06.325747679,159,55,36,37,31,1
2584,2584,2584,2584,1,24,180,1166872644716,2006-12-23 11:17:24.716,2006-09-19 23:20:32.105146622,156,71,38,17,30,1
2585,2585,2585,2585,1,8,60,1166873177716,2006-12-23 11:26:17.716,2006-09-19 23:20:32.272045121,52,17,12,13,10,1
2586,2586,2586,2586,1,10,180,1166955523716,2006-12-24 10:18:43.716,2006-09-19 23:20:58.057080411,170,65,35,38,32,1
2587,2587,2587,2587,1,6,40,1166973263716,2006-12-24 15:14:23.716,2006-09-19 23:21:03.612013571,34,11,8,8,7,1
2588,2588,2588,2588,1,5,60,1167118881716,2006-12-26 07:41:21.716,2006-09-19 23:21:49.209435047,55,11,13,13,18,1
2589,2589,2589,2589,1,28,180,1167801619716,2007-01-03 05:20:19.716,2006-09-19 23:25:22.995452870,152,76,30,22,24,1
2590,2590,2590,2590,1,10,60,1167804130716,2007-01-03 06:02:10.716,2006-09-19 23:25:23.781723285,50,22,11,7,10,1
2591,2591,2591,2591,1,6,40,1168291144716,2007-01-08 21:19:04.716,2006-09-19 23:27:56.280608193,34,6,8,8,12,1
2592,2592,2592,2592,1,1,10,1168379492716,2007-01-09 21:51:32.716,2006-09-19 23:28:23.945052098,9,2,2,2,3,1
2593,2593,2593,2593,6,177,1390,1168379821716,2007-01-09 21:57:01.716,2006-09-19 23:28:24.048071997,1213,492,216,291,214,1
2594,2594,2594,2594,6,99,1390,1168384553716,2007-01-09 23:15:53.716,2006-09-19 23:28:25.529805014,1291,330,322,322,317,1
2595,2595,2595,2595,6,231,1390,1168388613716,2007-01-10 00:23:33.716,2006-09-19 23:28:26.801114407,1159,371,273,289,226,1
2596,2596,2596,2596,1,37,410,1168456278716,2007-01-10 19:11:18.716,2006-09-19 23:28:47.989082406,373,157,51,91,74,1
2597,2597,2597,2597,2,42,340,1168465249716,2007-01-10 21:40:49.716,2006-09-19 23:28:50.798175156,298,121,60,69,48,1
2598,2598,2598,2598,1,23,250,1168465633716,2007-01-10 21:47:13.716,2006-09-19 23:28:50.918417227,227,91,47,50,39,1
2599,2599,2599,2599,4,46,660,1168465830716,2007-01-10 21:50:30.716,2006-09-19 23:28:50.980103914,614,186,153,153,122,1
2600,2600,2600,2600,1,1,10,1168466227716,2007-01-10 21:57:07.716,2006-09-19 23:28:51.104416680,9,1,2,2,4,1
2601,2601,2601,2601,15,123,2120,1168475610716,2007-01-11 00:33:30.716,2006-09-19 23:28:54.042519152,1997,872,497,328,300,7
2602,2602,2602,2602,5,133,820,1168479623716,2007-01-11 01:40:23.716,2006-09-19 23:28:55.299111416,687,168,171,171,177,1
2603,2603,2603,2603,16,221,2270,1168480073716,2007-01-11 01:47:53.716,2006-09-19 23:28:55.440020093,2049,536,512,512,489,7
2604,2604,2604,2604,1,6,130,1168548606716,2007-01-11 20:50:06.716,2006-09-19 23:29:16.899785273,124,27,31,31,35,1
2605,2605,2605,2605,1,16,130,1168551413716,2007-01-11 21:36:53.716,2006-09-19 23:29:17.778742284,114,39,25,28,22,1
2606,2606,2606,2606,12,99,1740,1168553695716,2007-01-11 22:14:55.716,2006-09-19 23:29:18.493305840,1641,666,279,402,294,4
2607,2607,2607,2607,15,202,2220,1168557469716,2007-01-11 23:17:49.716,2006-09-19 23:29:19.675059940,2018,890,298,484,346,7
2608,2608,2608,2608,14,315,2020,1168571140716,2007-01-12 03:05:40.716,2006-09-19 23:29:23.955865534,1705,629,322,414,340,6
2609,2609,2609,2609,6,56,950,1168633760716,2007-01-12 20:29:20.716,2006-09-19 23:29:43.564090704,894,366,130,223,175,1
2610,2610,2610,2610,1,35,200,1168635001716,2007-01-12 20:50:01.716,2006-09-19 23:29:43.952685521,165,61,32,40,32,1
2611,2611,2611,2611,14,101,2010,1168635959716,2007-01-12 21:05:59.716,2006-09-19 23:29:44.252664437,1909,548,477,477,407,6
2612,2612,2612,2612,1,1,10,1168636144716,2007-01-12 21:09:04.716,2006-09-19 23:29:44.310593560,9,3,2,2,2,1
2613,2613,2613,2613,2,122,760,1168636220716,2007-01-12 21:10:20.716,2006-09-19 23:29:44.334391470,638,319,101,117,101,1
2614,2614,2614,2614,1,7,80,1168647082716,2007-01-13 00:11:22.716,2006-09-19 23:29:47.735613791,73,29,17,17,10,1
2615,2615,2615,2615,1,10,160,1168647528716,2007-01-13 00:18:48.716,2006-09-19 23:29:47.875269946,150,64,37,30,19,1
2616,2616,2616,2616,2,42,410,1168647758716,2007-01-13 00:22:38.716,2006-09-19 23:29:47.947289937,368,152,60,91,65,1
2617,2617,2617,2617,1,14,160,1168647777716,2007-01-13 00:22:57.716,2006-09-19 23:29:47.953239414,146,48,35,36,27,1
2618,2618,2618,2618,1,22,130,1168650142716,2007-01-13 01:02:22.716,2006-09-19 23:29:48.693792792,108,22,27,27,32,1
2619,2619,2619,2619,1,2,30,1168650307716,2007-01-13 01:05:07.716,2006-09-19 23:29:48.745459307,28,12,5,6,5,1
2620,2620,2620,2620,14,340,2020,1168650661716,2007-01-13 01:11:01.716,2006-09-19 23:29:48.856307466,1680,648,347,355,330,6
2621,2621,2621,2621,1,20,110,1168651252716,2007-01-13 01:20:52.716,2006-09-19 23:29:49.041367528,90,31,22,21,16,1
2622,2622,2622,2622,1,1,10,1168651843716,2007-01-13 01:30:43.716,2006-09-19 23:29:49.226427589,9,3,2,2,2,1
2623,2623,2623,2623,1,1,10,1168652018716,2007-01-13 01:33:38.716,2006-09-19 23:29:49.281225408,9,2,2,2,3,1
2624,2624,2624,2624,1,30,290,1168652189716,2007-01-13 01:36:29.716,2006-09-19 23:29:49.334770705,260,67,65,65,63,1
2625,2625,2625,2625,2,105,540,1168653353716,2007-01-13 01:55:53.716,2006-09-19 23:29:49.699254482,435,169,88,106,72,1
2626,2626,2626,2626,1,5,90,1168653712716,2007-01-13 02:01:52.716,2006-09-19 23:29:49.811668293,85,24,21,21,19,1
2627,2627,2627,2627,1,1,10,1168654546716,2007-01-13 02:15:46.716,2006-09-19 23:29:50.072819040,9,4,2,2,1,1
2628,2628,2628,2628,1,1,10,1168654668716,2007-01-13 02:17:48.716,2006-09-19 23:29:50.111020948,9,1,2,2,4,1
2629,2629,2629,2629,1,1,10,1168654883716,2007-01-13 02:21:23.716,2006-09-19 23:29:50.178343982,9,1,2,2,4,1
2630,2630,2630,2630,1,1,10,1168655074716,2007-01-13 02:24:34.716,2006-09-19 23:29:50.238151887,9,4,2,2,1,1
2631,2631,2631,2631,1,1,10,1168655861716,2007-01-13 02:37:41.716,2006-09-19 23:29:50.484585506,9,2,2,2,3,1
2632,2632,2632,2632,1,7,150,1168656431716,2007-01-13 02:47:11.716,2006-09-19 23:29:50.663069830,143,38,35,35,35,1
2633,2633,2633,2633,14,150,2010,1168890746716,2007-01-15 19:52:26.716,2006-09-19 23:31:04.034217717,1860,654,380,454,372,6
2634,2634,2634,2634,14,317,2020,1168908599716,2007-01-16 00:49:59.716,2006-09-19 23:31:09.624534612,1703,729,305,333,336,6
2635,2635,2635,2635,8,181,1210,1168912495716,2007-01-16 01:54:55.716,2006-09-19 23:31:10.844490621,1029,261,257,257,254,2
2636,2636,2636,2636,1,7,40,1168991102716,2007-01-16 23:45:02.716,2006-09-19 23:31:35.458731373,33,10,8,8,7,1
2637,2637,2637,2637,2,109,670,1168991280716,2007-01-16 23:48:00.716,2006-09-19 23:31:35.514468583,561,229,135,117,80,1
2638,2638,2638,2638,1,7,40,1168991410716,2007-01-16 23:50:10.716,2006-09-19 23:31:35.555175534,33,7,8,8,10,1
2639,2639,2639,2639,3,108,700,1168992400716,2007-01-17 00:06:40.716,2006-09-19 23:31:35.865174623,592,229,137,126,100,1
2640,2640,2640,2640,1,1,10,1168993660716,2007-01-17 00:27:40.716,2006-09-19 23:31:36.259718917,9,2,2,2,3,1
2641,2641,2641,2641,1,1,10,1168994096716,2007-01-17 00:34:56.716,2006-09-19 23:31:36.396243768,9,1,2,2,4,1
2642,2642,2642,2642,1,1,10,1168994542716,2007-01-17 00:42:22.716,2006-09-19 23:31:36.535899923,9,3,2,2,2,1
2643,2643,2643,2643,2,105,720,1168994693716,2007-01-17 00:44:53.716,2006-09-19 23:31:36.583182612,615,169,153,153,140,1
2644,2644,2644,2644,1,1,30,1168994983716,2007-01-17 00:49:43.716,2006-09-19 23:31:36.673990426,29,11,7,6,5,1
2645,2645,2645,2645,1,3,30,1168995194716,2007-01-17 00:53:14.716,2006-09-19 23:31:36.740060939,27,8,6,6,7,1
2646,2646,2646,2646,1,83,430,1168995825716,2007-01-17 01:03:45.716,2006-09-19 23:31:36.937646216,347,122,76,86,63,1
2647,2647,2647,2647,1,1,10,1168996640716,2007-01-17 01:17:20.716,2006-09-19 23:31:37.192847486,9,3,2,2,2,1
2648,2648,2648,2648,1,55,480,1168997092716,2007-01-17 01:24:52.716,2006-09-19 23:31:37.334382424,425,98,106,106,115,1
2649,2649,2649,2649,6,164,1390,1168998884716,2007-01-17 01:54:44.716,2006-09-19 23:31:37.895512087,1226,459,234,305,228,1
2650,2650,2650,2650,1,3,40,1168999247716,2007-01-17 02:00:47.716,2006-09-19 23:31:38.009178419,37,16,5,9,7,1
2651,2651,2651,2651,1,4,40,1168999565716,2007-01-17 02:06:05.716,2006-09-19 23:31:38.108753884,36,15,6,9,6,1
2652,2652,2652,2652,6,147,1400,1168999984716,2007-01-17 02:13:04.716,2006-09-19 23:31:38.239955518,1253,406,293,304,250,1
2653,2653,2653,2653,1,2,40,1169002209716,2007-01-17 02:50:09.716,2006-09-19 23:31:38.936670641,38,8,9,9,12,1
2654,2654,2654,2654,6,231,1400,1169002683716,2007-01-17 02:58:03.716,2006-09-19 23:31:39.085094447,1169,238,292,292,347,1
2655,2655,2655,2655,1,4,40,1169002731716,2007-01-17 02:58:51.716,2006-09-19 23:31:39.100124706,36,16,8,8,4,1
2656,2656,2656,2656,6,240,1390,1169006707716,2007-01-17 04:05:07.716,2006-09-19 23:31:40.345131146,1150,547,254,200,149,1
2657,2657,2657,2657,6,246,1390,1169009701716,2007-01-17 04:55:01.716,2006-09-19 23:31:41.282643541,1144,446,232,249,217,1
2658,2658,2658,2658,1,10,130,1169060449716,2007-01-17 19:00:49.716,2006-09-19 23:31:57.173384693,120,30,30,30,30,1
2659,2659,2659,2659,3,68,460,1169060769716,2007-01-17 19:06:09.716,2006-09-19 23:31:57.273586418,392,80,98,98,116,1
2660,2660,2660,2660,2,73,610,1169061603716,2007-01-17 19:20:03.716,2006-09-19 23:31:57.534737166,537,116,134,134,153,1
2661,2661,2661,2661,6,253,1390,1169062095716,2007-01-17 19:28:15.716,2006-09-19 23:31:57.688797319,1137,324,284,284,245,1
2662,2662,2662,2662,6,114,1390,1169062136716,2007-01-17 19:28:56.716,2006-09-19 23:31:57.701635665,1276,599,137,300,240,1
2663,2663,2663,2663,6,212,1400,1169063595716,2007-01-17 19:53:15.716,2006-09-19 23:31:58.158492907,1188,238,297,297,356,1
2664,2664,2664,2664,1,18,130,1169063675716,2007-01-17 19:54:35.716,2006-09-19 23:31:58.183543338,112,45,26,24,17,1
2665,2665,2665,2665,1,93,990,1169064281716,2007-01-17 20:04:41.716,2006-09-19 23:31:58.373300356,897,200,224,224,249,1
2666,2666,2666,2666,6,97,1390,1169064664716,2007-01-17 20:11:04.716,2006-09-19 23:31:58.493229297,1293,411,311,319,252,1
2667,2667,2667,2667,1,146,990,1169068208716,2007-01-17 21:10:08.716,2006-09-19 23:31:59.602963407,844,206,211,211,216,1
2668,2668,2668,2668,1,1,10,1169068318716,2007-01-17 21:11:58.716,2006-09-19 23:31:59.637407750,9,3,2,2,2,1
2669,2669,2669,2669,1,1,10,1169068584716,2007-01-17 21:16:24.716,2006-09-19 23:31:59.720700435,9,1,2,2,4,1
2670,2670,2670,2670,2,356,2430,1169071019716,2007-01-17 21:56:59.716,2006-09-19 23:32:00.483172940,2074,908,463,308,395,1
2671,2671,2671,2671,10,886,8110,1169074893716,2007-01-17 23:01:33.716,2006-09-19 23:32:01.696240080,7224,2393,1728,1766,1337,3
2672,2672,2672,2672,1,17,110,1169078230716,2007-01-17 23:57:10.716,2006-09-19 23:32:02.741156199,93,36,19,22,16,1
2673,2673,2673,2673,1,23,290,1169078442716,2007-01-18 00:00:42.716,2006-09-19 23:32:02.807539843,267,118,59,57,33,1
2674,2674,2674,2674,1,1,10,1169089379716,2007-01-18 03:02:59.716,2006-09-19 23:32:06.232246944,9,2,2,2,3,1
2675,2675,2675,2675,5,449,4830,1169089954716,2007-01-18 03:12:34.716,2006-09-19 23:32:06.412296919,4381,1793,939,906,743,1
2676,2676,2676,2676,1,30,290,1169090545716,2007-01-18 03:22:25.716,2006-09-19 23:32:06.597356981,260,130,39,48,43,1
2677,2677,2677,2677,6,81,1390,1169149342716,2007-01-18 19:42:22.716,2006-09-19 23:32:25.008484661,1309,333,327,327,322,1
2678,2678,2678,2678,1,4,60,1169150070716,2007-01-18 19:54:30.716,2006-09-19 23:32:25.236443587,56,11,14,14,17,1
2679,2679,2679,2679,1,3,30,1169150588716,2007-01-18 20:03:08.716,2006-09-19 23:32:25.398645130,27,10,6,6,5,1
2680,2680,2680,2680,1,3,40,1169151018716,2007-01-18 20:10:18.716,2006-09-19 23:32:25.533291199,37,15,8,9,5,1
2681,2681,2681,2681,6,243,1390,1169152114716,2007-01-18 20:28:34.716,2006-09-19 23:32:25.876482109,1147,486,210,247,204,1
2682,2682,2682,2682,1,8,160,1169156643716,2007-01-18 21:44:03.716,2006-09-19 23:32:27.294649656,152,54,34,36,28,1
2683,2683,2683,2683,1,4,40,1169156733716,2007-01-18 21:45:33.716,2006-09-19 23:32:27.322831391,36,12,8,9,7,1
2684,2684,2684,2684,1,16,160,1169156979716,2007-01-18 21:49:39.716,2006-09-19 23:32:27.399861468,144,48,34,35,27,1
2685,2685,2685,2685,6,74,1400,1169157230716,2007-01-18 21:53:50.716,2006-09-19 23:32:27.478457196,1326,620,207,263,236,1
2686,2686,2686,2686,1,10,160,1169158186716,2007-01-18 22:09:46.716,2006-09-19 23:32:27.777809851,150,54,29,37,30,1
2687,2687,2687,2687,1,17,160,1169158724716,2007-01-18 22:18:44.716,2006-09-19 23:32:27.946274003,143,31,35,35,42,1
2688,2688,2688,2688,1,19,160,1169159595716,2007-01-18 22:33:15.716,2006-09-19 23:32:28.219010574,141,34,35,35,37,1
2689,2689,2689,2689,1,18,170,1169159765716,2007-01-18 22:36:05.716,2006-09-19 23:32:28.272242741,152,38,38,38,38,1
2690,2690,2690,2690,1,22,170,1169159876716,2007-01-18 22:37:56.716,2006-09-19 23:32:28.307000215,148,64,36,19,29,1
2691,2691,2691,2691,1,34,250,1169160167716,2007-01-18 22:42:47.716,2006-09-19 23:32:28.398121159,216,52,54,54,56,1
2692,2692,2692,2692,1,8,170,1169160250716,2007-01-18 22:44:10.716,2006-09-19 23:32:28.424110981,162,67,31,37,27,1
2693,2693,2693,2693,1,20,170,1169160457716,2007-01-18 22:47:37.716,2006-09-19 23:32:28.488928972,150,67,32,30,21,1
2694,2694,2694,2694,1,31,160,1169160610716,2007-01-18 22:50:10.716,2006-09-19 23:32:28.536837923,129,51,26,28,24,1
2695,2695,2695,2695,1,21,170,1169160789716,2007-01-18 22:53:09.716,2006-09-19 23:32:28.592888263,149,63,34,37,15,1
2696,2696,2696,2696,1,25,170,1169160921716,2007-01-18 22:55:21.716,2006-09-19 23:32:28.634221475,145,32,36,36,41,1
2697,2697,2697,2697,1,16,170,1169161902716,2007-01-18 23:11:42.716,2006-09-19 23:32:28.941402389,154,58,38,36,22,1
2698,2698,2698,2698,1,26,160,1169162245716,2007-01-18 23:17:25.716,2006-09-19 23:32:29.048806114,134,52,32,26,24,1
2699,2699,2699,2699,1,28,170,1169162320716,2007-01-18 23:18:40.716,2006-09-19 23:32:29.072290893,142,55,24,35,28,1
2700,2700,2700,2700,1,21,170,1169162660716,2007-01-18 23:24:20.716,2006-09-19 23:32:29.178755227,149,71,36,21,21,1
2701,2701,2701,2701,1,31,160,1169162967716,2007-01-18 23:29:27.716,2006-09-19 23:32:29.274886257,129,44,32,28,25,1
2702,2702,2702,2702,1,2,30,1169163561716,2007-01-18 23:39:21.716,2006-09-19 23:32:29.460885710,28,9,7,7,5,1
2703,2703,2703,2703,2,17,330,1169163628716,2007-01-18 23:40:28.716,2006-09-19 23:32:29.481865447,313,84,78,78,73,1
2704,2704,2704,2704,6,230,1390,1169164318716,2007-01-18 23:51:58.716,2006-09-19 23:32:29.697925417,1160,342,290,290,238,1
2705,2705,2705,2705,1,1,10,1169167337716,2007-01-19 00:42:17.716,2006-09-19 23:32:30.643266072,9,4,2,2,1,1
2706,2706,2706,2706,6,94,1390,1169177933716,2007-01-19 03:38:53.716,2006-09-19 23:32:33.961195709,1296,305,324,324,343,1
2707,2707,2707,2707,1,11,130,1169242379716,2007-01-19 21:32:59.716,2006-09-19 23:32:54.141196976,119,55,25,20,19,1
2708,2708,2708,2708,1,21,410,1169242666716,2007-01-19 21:37:46.716,2006-09-19 23:32:54.231065399,389,119,97,97,76,1
2709,2709,2709,2709,3,85,910,1169243215716,2007-01-19 21:46:55.716,2006-09-19 23:32:54.402973984,825,204,206,206,209,1
2710,2710,2710,2710,1,21,130,1169666650716,2007-01-24 19:24:10.716,2006-09-19 23:35:06.993341676,109,31,27,27,24,1
2711,2711,2711,2711,13,496,3890,1169684582716,2007-01-25 00:23:02.716,2006-09-19 23:35:12.608395871,3394,738,848,848,960,5
2712,2712,2712,2712,1,101,990,1169687831716,2007-01-25 01:17:11.716,2006-09-19 23:35:13.625756516,889,337,168,208,176,1
2713,2713,2713,2713,1,13,130,1169843365716,2007-01-26 20:29:25.716,2006-09-19 23:36:02.328178963,117,52,28,20,17,1
2714,2714,2714,2714,13,97,1950,1169844060716,2007-01-26 20:41:00.716,2006-09-19 23:36:02.545804585,1853,707,350,444,352,5
2715,2715,2715,2715,1,13,140,1169847422716,2007-01-26 21:37:02.716,2006-09-19 23:36:03.598548964,127,60,23,26,18,1
2716,2716,2716,2716,1,2,20,1169848417716,2007-01-26 21:53:37.716,2006-09-19 23:36:03.910113705,18,8,3,4,3,1
2717,2717,2717,2717,1,3,20,1169848621716,2007-01-26 21:57:01.716,2006-09-19 23:36:03.973992305,17,4,4,4,5,1
2718,2718,2718,2718,1,14,80,1169857018716,2007-01-27 00:16:58.716,2006-09-19 23:36:06.603348210,66,18,16,16,16,1
2719,2719,2719,2719,1,2,50,1170104630716,2007-01-29 21:03:50.716,2006-09-19 23:37:24.138190924,48,9,12,12,15,1
2720,2720,2720,2720,1,38,210,1170104993716,2007-01-29 21:09:53.716,2006-09-19 23:37:24.251857257,172,60,42,38,32,1
2721,2721,2721,2721,5,527,3150,1170123130716,2007-01-30 02:12:10.716,2006-09-19 23:37:29.931103183,2623,1017,635,519,452,1
2722,2722,2722,2722,5,524,3140,1170123724716,2007-01-30 02:22:04.716,2006-09-19 23:37:30.117102636,2616,1031,541,627,417,1
2723,2723,2723,2723,1,16,140,1170126259716,2007-01-30 03:04:19.716,2006-09-19 23:37:30.910888181,124,48,27,25,24,1
2724,2724,2724,2724,1,15,140,1170128157716,2007-01-30 03:35:57.716,2006-09-19 23:37:31.505209665,125,52,17,31,25,1
2725,2725,2725,2725,6,100,1050,1170183922716,2007-01-30 19:05:22.716,2006-09-19 23:37:48.966925996,950,371,188,209,182,1
2726,2726,2726,2726,6,52,880,1170186991716,2007-01-30 19:56:31.716,2006-09-19 23:37:49.927923170,828,246,207,207,168,1
2727,2727,2727,2727,6,296,3520,1170187479716,2007-01-30 20:04:39.716,2006-09-19 23:37:50.080730801,3224,1211,749,704,560,1
2728,2728,2728,2728,6,307,3530,1170189034716,2007-01-30 20:30:34.716,2006-09-19 23:37:50.567648561,3223,1413,805,418,587,1
2729,2729,2729,2729,1,12,100,1170190829716,2007-01-30 21:00:29.716,2006-09-19 23:37:51.129717616,88,27,22,22,17,1
2730,2730,2730,2730,5,520,3210,1170192671716,2007-01-30 21:31:11.716,2006-09-19 23:37:51.706503798,2690,660,672,672,686,1
2731,2731,2731,2731,1,4,40,1170193061716,2007-01-30 21:37:41.716,2006-09-19 23:37:51.828624651,36,18,7,5,6,1
2732,2732,2732,2732,1,2,40,1170193740716,2007-01-30 21:49:00.716,2006-09-19 23:37:52.041240188,38,14,9,9,6,1
2733,2733,2733,2733,2,61,320,1170205552716,2007-01-31 01:05:52.716,2006-09-19 23:37:55.739936383,259,87,63,61,48,1
2734,2734,2734,2734,14,384,2010,1170208723716,2007-01-31 01:58:43.716,2006-09-19 23:37:56.732872857,1626,342,406,406,472,6
2735,2735,2735,2735,1,1,10,1170287336716,2007-01-31 23:48:56.716,2006-09-19 23:38:21.348992392,9,2,2,2,3,1
2736,2736,2736,2736,1,1,10,1170287678716,2007-01-31 23:54:38.716,2006-09-19 23:38:21.456082986,9,3,2,2,2,1
2737,2737,2737,2737,1,1,10,1170288047716,2007-02-01 00:00:47.716,2006-09-19 23:38:21.571628101,9,2,2,2,3,1
2738,2738,2738,2738,1,1,10,1170288345716,2007-02-01 00:05:45.716,2006-09-19 23:38:21.664940958,9,4,2,2,1,1
2739,2739,2739,2739,1,1,10,1170289320716,2007-02-01 00:22:00.716,2006-09-19 23:38:21.970243090,9,3,2,2,2,1
2740,2740,2740,2740,1,1,10,1170293056716,2007-02-01 01:24:16.716,2006-09-19 23:38:23.140098236,9,2,2,2,3,1
2741,2741,2741,2741,1,1,10,1170293546716,2007-02-01 01:32:26.716,2006-09-19 23:38:23.293532128,9,1,2,2,4,1
2742,2742,2742,2742,1,32,410,1170293651716,2007-02-01 01:34:11.716,2006-09-19 23:38:23.326410820,378,151,61,92,74,1
2743,2743,2743,2743,1,29,410,1170294033716,2007-02-01 01:40:33.716,2006-09-19 23:38:23.446026630,381,82,95,95,109,1
2744,2744,2744,2744,1,58,410,1170295120716,2007-02-01 01:58:40.716,2006-09-19 23:38:23.786399366,352,130,74,83,65,1
2745,2745,2745,2745,1,68,410,1170363430716,2007-02-01 20:57:10.716,2006-09-19 23:38:45.176336469,342,155,37,85,65,1
2746,2746,2746,2746,1,56,410,1170364420716,2007-02-01 21:13:40.716,2006-09-19 23:38:45.486335557,354,148,48,88,70,1
2747,2747,2747,2747,1,29,410,1170371652716,2007-02-01 23:14:12.716,2006-09-19 23:38:47.750894555,381,130,82,94,75,1
2748,2748,2748,2748,1,70,410,1170372837716,2007-02-01 23:33:57.716,2006-09-19 23:38:48.121954070,340,105,83,84,68,1
2749,2749,2749,2749,1,18,130,1170381447716,2007-02-02 01:57:27.716,2006-09-19 23:38:50.818006748,112,22,28,28,34,1
2750,2750,2750,2750,1,19,180,1170735265716,2007-02-06 04:14:25.716,2006-09-19 23:40:41.609175914,161,69,25,39,28,1
2751,2751,2751,2751,1,19,130,1170874709716,2007-02-07 18:58:29.716,2006-09-19 23:41:25.273330347,111,50,16,23,22,1
2752,2752,2752,2752,1,11,130,1170876035716,2007-02-07 19:20:35.716,2006-09-19 23:41:25.688541247,119,32,29,29,29,1
2753,2753,2753,2753,1,13,130,1170894844716,2007-02-08 00:34:04.716,2006-09-19 23:41:31.578210797,117,50,19,26,22,1
2754,2754,2754,2754,1,15,80,1170897001716,2007-02-08 01:10:01.716,2006-09-19 23:41:32.253633054,65,19,16,16,14,1
2755,2755,2755,2755,1,12,130,1170897431716,2007-02-08 01:17:11.716,2006-09-19 23:41:32.388279123,118,25,29,29,35,1
2756,2756,2756,2756,1,15,130,1170897574716,2007-02-08 01:19:34.716,2006-09-19 23:41:32.433056769,115,42,24,28,21,1
2757,2757,2757,2757,1,23,130,1170898162716,2007-02-08 01:29:22.716,2006-09-19 23:41:32.617177439,107,24,26,26,31,1
2758,2758,2758,2758,1,20,130,1170898899716,2007-02-08 01:41:39.716,2006-09-19 23:41:32.847954539,110,26,27,27,30,1
2759,2759,2759,2759,1,7,130,1170899035716,2007-02-08 01:43:55.716,2006-09-19 23:41:32.890540272,123,24,30,30,39,1
2760,2760,2760,2760,1,9,130,1170899152716,2007-02-08 01:45:52.716,2006-09-19 23:41:32.927176528,121,27,30,30,34,1
2761,2761,2761,2761,1,1,10,1170899557716,2007-02-08 01:52:37.716,2006-09-19 23:41:33.053994337,9,4,2,2,1,1
2762,2762,2762,2762,1,18,130,1170900238716,2007-02-08 02:03:58.716,2006-09-19 23:41:33.267236134,112,48,21,22,21,1
2763,2763,2763,2763,1,15,130,1170900427716,2007-02-08 02:07:07.716,2006-09-19 23:41:33.326417778,115,45,27,24,19,1
2764,2764,2764,2764,1,5,80,1170900863716,2007-02-08 02:14:23.716,2006-09-19 23:41:33.462942629,75,34,15,11,15,1
2765,2765,2765,2765,1,25,130,1170901015716,2007-02-08 02:16:55.716,2006-09-19 23:41:33.510538449,105,33,25,26,21,1
2766,2766,2766,2766,1,16,130,1170901391716,2007-02-08 02:23:11.716,2006-09-19 23:41:33.628275476,114,53,15,27,19,1
2767,2767,2767,2767,1,1,10,1170901613716,2007-02-08 02:26:53.716,2006-09-19 23:41:33.697790423,9,2,2,2,3,1
2768,2768,2768,2768,1,1,10,1170901669716,2007-02-08 02:27:49.716,2006-09-19 23:41:33.715325725,9,2,2,2,3,1
2769,2769,2769,2769,1,1,10,1170901687716,2007-02-08 02:28:07.716,2006-09-19 23:41:33.720962072,9,1,2,2,4,1
2770,2770,2770,2770,1,1,10,1170901741716,2007-02-08 02:29:01.716,2006-09-19 23:41:33.737871114,9,2,2,2,3,1
2771,2771,2771,2771,1,1,10,1170902507716,2007-02-08 02:41:47.716,2006-09-19 23:41:33.977728994,9,2,2,2,3,1
2772,2772,2772,2772,1,1,10,1170902580716,2007-02-08 02:43:00.716,2006-09-19 23:41:34.000587513,9,3,2,2,2,1
2773,2773,2773,2773,1,15,130,1170902746716,2007-02-08 02:45:46.716,2006-09-19 23:41:34.052567158,115,38,26,28,23,1
2774,2774,2774,2774,1,17,130,1170902933716,2007-02-08 02:48:53.716,2006-09-19 23:41:34.111122541,113,42,25,24,22,1
2775,2775,2775,2775,1,10,90,1170905307716,2007-02-08 03:28:27.716,2006-09-19 23:41:34.854494093,80,21,20,20,19,1
2776,2776,2776,2776,1,5,90,1170905716716,2007-02-08 03:35:16.716,2006-09-19 23:41:34.982564423,85,35,14,21,15,1
2777,2777,2777,2777,1,6,90,1170905802716,2007-02-08 03:36:42.716,2006-09-19 23:41:35.009493637,84,37,18,18,11,1
2778,2778,2778,2778,1,10,90,1170905892716,2007-02-08 03:38:12.716,2006-09-19 23:41:35.037675372,80,20,20,20,20,1
2779,2779,2779,2779,1,7,90,1170960799716,2007-02-08 18:53:19.716,2006-09-19 23:41:52.230725826,83,25,20,20,18,1
2780,2780,2780,2780,1,5,90,1170960974716,2007-02-08 18:56:14.716,2006-09-19 23:41:52.285523645,85,39,8,21,17,1
2781,2781,2781,2781,1,15,90,1170961112716,2007-02-08 18:58:32.716,2006-09-19 23:41:52.328735639,75,26,18,18,13,1
2782,2782,2782,2782,1,17,90,1170961121716,2007-02-08 18:58:41.716,2006-09-19 23:41:52.331553812,73,35,14,14,10,1
2783,2783,2783,2783,1,1,10,1171295526716,2007-02-12 15:52:06.716,2006-09-19 23:43:37.043922672,9,3,2,2,2,1
2784,2784,2784,2784,6,560,3150,1171311409716,2007-02-12 20:16:49.716,2006-09-19 23:43:42.017372694,2590,1170,414,533,473,1
2785,2785,2785,2785,1,11,130,1171312610716,2007-02-12 20:36:50.716,2006-09-19 23:43:42.393442295,119,45,26,25,23,1
2786,2786,2786,2786,4,108,560,1171323274716,2007-02-12 23:34:34.716,2006-09-19 23:43:45.732664799,452,193,76,94,89,1
2787,2787,2787,2787,4,104,1320,1171323621716,2007-02-12 23:40:21.716,2006-09-19 23:43:45.841321045,1216,376,304,294,242,1
2788,2788,2788,2788,1,23,120,1171325220716,2007-02-13 00:07:00.716,2006-09-19 23:43:46.342016543,97,48,6,24,19,1
2789,2789,2789,2789,2,75,380,1171325430716,2007-02-13 00:10:30.716,2006-09-19 23:43:46.407773925,305,90,76,76,63,1
2790,2790,2790,2790,1,40,260,1171326162716,2007-02-13 00:22:42.716,2006-09-19 23:43:46.636985372,220,75,55,48,42,1
2791,2791,2791,2791,1,51,260,1171326308716,2007-02-13 00:25:08.716,2006-09-19 23:43:46.682702409,209,54,52,52,51,1
2792,2792,2792,2792,3,147,1090,1171327767716,2007-02-13 00:49:27.716,2006-09-19 23:43:47.139559652,943,309,220,228,186,1
2793,2793,2793,2793,3,64,730,1171330140716,2007-02-13 01:29:00.716,2006-09-19 23:43:47.882618073,666,296,104,141,125,1
2794,2794,2794,2794,3,115,1000,1171331047716,2007-02-13 01:44:07.716,2006-09-19 23:43:48.166627339,885,410,104,204,167,1
2795,2795,2795,2795,2,44,320,1171334524716,2007-02-13 02:42:04.716,2006-09-19 23:43:49.255381713,276,132,58,49,37,1
2796,2796,2796,2796,2,19,320,1171335815716,2007-02-13 03:03:35.716,2006-09-19 23:43:49.659633050,301,74,75,75,77,1
2797,2797,2797,2797,2,45,320,1171336241716,2007-02-13 03:10:41.716,2006-09-19 23:43:49.793026597,275,82,68,68,57,1
2798,2798,2798,2798,4,120,610,1171337457716,2007-02-13 03:30:57.716,2006-09-19 23:43:50.173793154,490,169,111,120,90,1
2799,2799,2799,2799,4,90,1150,1171338648716,2007-02-13 03:50:48.716,2006-09-19 23:43:50.546731451,1060,386,229,265,180,1
2800,2800,2800,2800,3,114,680,1171340909716,2007-02-13 04:28:29.716,2006-09-19 23:43:51.254719268,566,131,141,141,153,1
2801,2801,2801,2801,2,59,320,1171342688716,2007-02-13 04:58:08.716,2006-09-19 23:43:51.811778236,261,118,35,63,45,1
2802,2802,2802,2802,2,65,340,1171344153716,2007-02-13 05:22:33.716,2006-09-19 23:43:52.270514261,275,101,60,59,55,1
2803,2803,2803,2803,3,215,1110,1171345191716,2007-02-13 05:39:51.716,2006-09-19 23:43:52.595543608,895,319,174,223,179,1
2804,2804,2804,2804,2,47,370,1171349536716,2007-02-13 06:52:16.716,2006-09-19 23:43:53.956095163,323,97,80,80,66,1
2805,2805,2805,2805,2,68,350,1171350223716,2007-02-13 07:03:43.716,2006-09-19 23:43:54.171215743,282,103,67,68,44,1
2806,2806,2806,2806,3,135,830,1171398902716,2007-02-13 20:35:02.716,2006-09-19 23:44:09.414090113,695,186,173,173,163,1
2807,2807,2807,2807,3,61,830,1171402106716,2007-02-13 21:28:26.716,2006-09-19 23:44:10.417359890,769,329,158,189,93,1
2808,2808,2808,2808,3,51,420,1171403766716,2007-02-13 21:56:06.716,2006-09-19 23:44:10.937156341,369,101,92,92,84,1
2809,2809,2809,2809,3,121,770,1171405058716,2007-02-13 22:17:38.716,2006-09-19 23:44:11.341720808,649,167,162,162,158,1
2810,2810,2810,2810,2,24,280,1171418665716,2007-02-14 02:04:25.716,2006-09-19 23:44:15.602486057,256,76,64,64,52,1
2811,2811,2811,2811,4,239,1640,1171419186716,2007-02-14 02:13:06.716,2006-09-19 23:44:15.765626992,1401,296,350,350,405,1
2812,2812,2812,2812,1,23,160,1171426873716,2007-02-14 04:21:13.716,2006-09-19 23:44:18.172660318,137,33,34,34,36,1
2813,2813,2813,2813,1,48,650,1171427338716,2007-02-14 04:28:58.716,2006-09-19 23:44:18.318265950,602,132,150,150,170,1
2814,2814,2814,2814,1,17,130,1171484664716,2007-02-14 20:24:24.716,2006-09-19 23:44:36.268778823,113,26,28,28,31,1
2815,2815,2815,2815,1,67,410,1171498701716,2007-02-15 00:18:21.716,2006-09-19 23:44:40.664190141,343,93,85,85,80,1
2816,2816,2816,2816,1,51,410,1171499122716,2007-02-15 00:25:22.716,2006-09-19 23:44:40.796018036,359,119,82,89,69,1
2817,2817,2817,2817,1,21,410,1171499908716,2007-02-15 00:38:28.716,2006-09-19 23:44:41.042138524,389,134,97,87,71,1
2818,2818,2818,2818,1,21,410,1171499999716,2007-02-15 00:39:59.716,2006-09-19 23:44:41.070633390,389,129,86,97,77,1
2819,2819,2819,2819,1,42,410,1171500312716,2007-02-15 00:45:12.716,2006-09-19 23:44:41.168643203,368,134,85,86,63,1
2820,2820,2820,2820,1,77,410,1171500769716,2007-02-15 00:52:49.716,2006-09-19 23:44:41.311743792,333,90,83,83,77,1
2821,2821,2821,2821,1,4,50,1171503259716,2007-02-15 01:34:19.716,2006-09-19 23:44:42.091438469,46,19,11,9,7,1
2822,2822,2822,2822,1,7,50,1171505615716,2007-02-15 02:13:35.716,2006-09-19 23:44:42.829173673,43,20,9,8,6,1
2823,2823,2823,2823,6,115,1390,1171506948716,2007-02-15 02:35:48.716,2006-09-19 23:44:43.246576486,1275,536,289,210,240,1
2824,2824,2824,2824,6,136,1390,1171509230716,2007-02-15 03:13:50.716,2006-09-19 23:44:43.961140042,1254,274,313,313,354,1
2825,2825,2825,2825,1,21,120,1171568533716,2007-02-15 19:42:13.716,2006-09-19 23:45:02.530711700,99,40,24,23,12,1
2826,2826,2826,2826,1,78,490,1171569648716,2007-02-15 20:00:48.716,2006-09-19 23:45:02.879852088,412,137,90,103,82,1
2827,2827,2827,2827,1,31,490,1171570257716,2007-02-15 20:10:57.716,2006-09-19 23:45:03.070548497,459,183,92,108,76,1
2828,2828,2828,2828,1,13,120,1171571984716,2007-02-15 20:39:44.716,2006-09-19 23:45:03.611324684,107,27,26,26,28,1
2829,2829,2829,2829,1,6,120,1171572207716,2007-02-15 20:43:27.716,2006-09-19 23:45:03.681152762,114,35,28,28,23,1
2830,2830,2830,2830,1,25,210,1171572665716,2007-02-15 20:51:05.716,2006-09-19 23:45:03.824566482,185,65,39,46,35,1
2831,2831,2831,2831,1,17,120,1171574346716,2007-02-15 21:19:06.716,2006-09-19 23:45:04.350938671,103,21,25,25,32,1
2832,2832,2832,2832,5,217,3210,1171575230716,2007-02-15 21:33:50.716,2006-09-19 23:45:04.627745938,2993,1026,635,736,596,1
2833,2833,2833,2833,1,9,100,1171575781716,2007-02-15 21:43:01.716,2006-09-19 23:45:04.800280784,91,28,22,22,19,1
2834,2834,2834,2834,2,88,810,1171576036716,2007-02-15 21:47:16.716,2006-09-19 23:45:04.880129034,722,324,119,164,115,1
2835,2835,2835,2835,1,37,200,1171576406716,2007-02-15 21:53:26.716,2006-09-19 23:45:04.995987279,163,71,37,38,17,1
2836,2836,2836,2836,1,7,40,1171577460716,2007-02-15 22:11:00.716,2006-09-19 23:45:05.326026713,33,7,8,8,10,1
2837,2837,2837,2837,1,35,620,1171578238716,2007-02-15 22:23:58.716,2006-09-19 23:45:05.569642158,585,252,91,130,112,1
2838,2838,2838,2838,4,384,2340,1171579895716,2007-02-15 22:51:35.716,2006-09-19 23:45:06.088499218,1956,575,489,489,403,1
2839,2839,2839,2839,1,13,130,1171584316716,2007-02-16 00:05:16.716,2006-09-19 23:45:07.472848683,117,58,21,26,12,1
2840,2840,2840,2840,1,21,200,1171585981716,2007-02-16 00:33:01.716,2006-09-19 23:45:07.994210786,179,86,38,36,19,1
2841,2841,2841,2841,2,48,300,1171586888716,2007-02-16 00:48:08.716,2006-09-19 23:45:08.278220052,252,94,62,47,49,1
2842,2842,2842,2842,1,18,100,1171587082716,2007-02-16 00:51:22.716,2006-09-19 23:45:08.338967348,82,28,18,20,16,1
2843,2843,2843,2843,1,78,410,1171587710716,2007-02-16 01:01:50.716,2006-09-19 23:45:08.535613235,332,144,58,73,57,1
2844,2844,2844,2844,1,13,100,1171587774716,2007-02-16 01:02:54.716,2006-09-19 23:45:08.555653580,87,19,21,21,26,1
2845,2845,2845,2845,13,402,3890,1171587970716,2007-02-16 01:06:10.716,2006-09-19 23:45:08.617027137,3488,699,872,872,1045,5
2846,2846,2846,2846,1,6,40,1171588532716,2007-02-16 01:15:32.716,2006-09-19 23:45:08.793006417,34,11,8,8,7,1
2847,2847,2847,2847,1,14,160,1171589207716,2007-02-16 01:26:47.716,2006-09-19 23:45:09.004369432,146,42,36,36,32,1
2848,2848,2848,2848,1,37,280,1171590262716,2007-02-16 01:44:22.716,2006-09-19 23:45:09.334721996,243,111,27,59,46,1
2849,2849,2849,2849,1,16,160,1171590470716,2007-02-16 01:47:50.716,2006-09-19 23:45:09.399853118,144,38,36,36,34,1
2850,2850,2850,2850,1,31,210,1171591653716,2007-02-16 02:07:33.716,2006-09-19 23:45:09.770286372,179,65,36,44,34,1
2851,2851,2851,2851,1,6,80,1171592871716,2007-02-16 02:27:51.716,2006-09-19 23:45:10.151679190,74,30,12,18,14,1
2852,2852,2852,2852,1,6,80,1171593432716,2007-02-16 02:37:12.716,2006-09-19 23:45:10.327345340,74,15,18,18,23,1
2853,2853,2853,2853,5,476,2540,1171594127716,2007-02-16 02:48:47.716,2006-09-19 23:45:10.544970963,2064,728,486,485,365,1
2854,2854,2854,2854,5,97,1500,1171598661716,2007-02-16 04:04:21.716,2006-09-19 23:45:11.964704162,1403,688,220,272,223,1
2855,2855,2855,2855,5,404,3210,1171600233716,2007-02-16 04:30:33.716,2006-09-19 23:45:12.456945138,2806,928,660,695,523,1
2856,2856,2856,2856,2,85,1030,1171602559716,2007-02-16 05:09:19.716,2006-09-19 23:45:13.185286431,945,397,221,220,107,1
2857,2857,2857,2857,1,27,490,1171603811716,2007-02-16 05:30:11.716,2006-09-19 23:45:13.577325682,463,135,115,115,98,1
2858,2858,2858,2858,7,239,4330,1171654897716,2007-02-16 19:41:37.716,2006-09-19 23:45:29.573904907,4091,1388,933,960,810,2
2859,2859,2859,2859,7,231,3040,1171657973716,2007-02-16 20:32:53.716,2006-09-19 23:45:30.537093994,2809,780,702,702,625,2
2860,2860,2860,2860,7,779,4330,1171661164716,2007-02-16 21:26:04.716,2006-09-19 23:45:31.536293076,3551,1634,761,846,310,2
2861,2861,2861,2861,1,12,130,1171667696716,2007-02-16 23:14:56.716,2006-09-19 23:45:33.581660799,118,38,28,29,23,1
2862,2862,2862,2862,7,292,1520,1171668205716,2007-02-16 23:23:25.716,2006-09-19 23:45:33.741044168,1228,521,218,269,220,2
2863,2863,2863,2863,1,4,30,1171675944716,2007-02-17 01:32:24.716,2006-09-19 23:45:36.164360275,26,8,6,6,6,1
2864,2864,2864,2864,1,12,110,1171676258716,2007-02-17 01:37:38.716,2006-09-19 23:45:36.262683218,98,28,24,24,22,1
2865,2865,2865,2865,7,204,1490,1171677020716,2007-02-17 01:50:20.716,2006-09-19 23:45:36.501288577,1286,501,292,297,196,2
2866,2866,2866,2866,1,1,10,1171678620716,2007-02-17 02:17:00.716,2006-09-19 23:45:37.002297205,9,2,2,2,3,1
2867,2867,2867,2867,7,709,4330,1171679039716,2007-02-17 02:23:59.716,2006-09-19 23:45:37.133498839,3621,1567,594,748,712,2
2868,2868,2868,2868,1,67,730,1171681898716,2007-02-17 03:11:38.716,2006-09-19 23:45:38.028738631,663,142,165,165,191,1
2869,2869,2869,2869,2,132,1290,1171686047716,2007-02-17 04:20:47.716,2006-09-19 23:45:39.327916629,1158,284,289,289,296,1
2870,2870,2870,2870,2,237,1290,1171688129716,2007-02-17 04:55:29.716,2006-09-19 23:45:39.979854106,1053,225,263,263,302,1
2871,2871,2871,2871,1,11,60,1171742384716,2007-02-17 19:59:44.716,2006-09-19 23:45:56.968743544,49,16,12,12,9,1
2872,2872,2872,2872,2,62,340,1171743066716,2007-02-17 20:11:06.716,2006-09-19 23:45:57.182298471,278,113,65,52,48,1
2873,2873,2873,2873,7,452,4010,1171743653716,2007-02-17 20:20:53.716,2006-09-19 23:45:57.366106012,3558,1665,678,597,618,2
2874,2874,2874,2874,8,299,1790,1171746555716,2007-02-17 21:09:15.716,2006-09-19 23:45:58.274810410,1491,519,311,363,298,2
2875,2875,2875,2875,1,21,180,1171747831716,2007-02-17 21:30:31.716,2006-09-19 23:45:58.674364791,159,56,34,39,30,1
2876,2876,2876,2876,4,72,580,1171748279716,2007-02-17 21:37:59.716,2006-09-19 23:45:58.814647207,508,240,62,122,84,1
2877,2877,2877,2877,1,14,180,1171748861716,2007-02-17 21:47:41.716,2006-09-19 23:45:58.996889095,166,64,28,41,33,1
2878,2878,2878,2878,7,556,4010,1171749227716,2007-02-17 21:53:47.716,2006-09-19 23:45:59.111494819,3454,1073,830,862,689,2
2879,2879,2879,2879,4,45,580,1171754472716,2007-02-17 23:21:12.716,2006-09-19 23:46:00.753863727,535,167,128,133,107,1
2880,2880,2880,2880,4,57,580,1171755052716,2007-02-17 23:30:52.716,2006-09-19 23:46:00.935479354,523,259,50,123,91,1
2881,2881,2881,2881,6,160,900,1171755396716,2007-02-17 23:36:36.716,2006-09-19 23:46:01.043196209,740,160,185,185,210,1
2882,2882,2882,2882,4,55,680,1171756047716,2007-02-17 23:47:27.716,2006-09-19 23:46:01.247044095,625,279,71,155,120,1
2883,2883,2883,2883,4,38,640,1171756377716,2007-02-17 23:52:57.716,2006-09-19 23:46:01.350377124,602,193,145,148,116,1
2884,2884,2884,2884,8,92,1530,1171756853716,2007-02-18 00:00:53.716,2006-09-19 23:46:01.499427191,1438,493,302,359,284,2
2885,2885,2885,2885,1,24,130,1171758633716,2007-02-18 00:30:33.716,2006-09-19 23:46:02.056799289,106,43,22,25,16,1
2886,2886,2886,2886,7,505,4010,1171759029716,2007-02-18 00:37:09.716,2006-09-19 23:46:02.180798925,3505,1040,876,876,713,2
2887,2887,2887,2887,7,446,4010,1171761475716,2007-02-18 01:17:55.716,2006-09-19 23:46:02.946715864,3564,915,891,891,867,2
2888,2888,2888,2888,7,688,4010,1171767903716,2007-02-18 03:05:03.716,2006-09-19 23:46:04.959518026,3322,824,830,830,838,2
2889,2889,2889,2889,7,703,4010,1171771105716,2007-02-18 03:58:25.716,2006-09-19 23:46:05.962161543,3307,1200,755,691,661,2
2890,2890,2890,2890,7,400,4010,1171774288716,2007-02-18 04:51:28.716,2006-09-19 23:46:06.958855582,3610,1296,711,886,717,2
2891,2891,2891,2891,7,617,4010,1171777393716,2007-02-18 05:43:13.716,2006-09-19 23:46:07.931125450,3393,1570,701,539,583,2
2892,2892,2892,2892,7,664,4010,1171780066716,2007-02-18 06:27:46.716,2006-09-19 23:46:08.768122989,3346,1343,576,762,665,2
2893,2893,2893,2893,7,594,4010,1171783281716,2007-02-18 07:21:21.716,2006-09-19 23:46:09.774837200,3416,1510,488,780,638,2
2894,2894,2894,2894,7,291,4010,1171787156716,2007-02-18 08:25:56.716,2006-09-19 23:46:10.988217471,3719,1432,790,887,610,2
2895,2895,2895,2895,1,45,250,1171804164716,2007-02-18 13:09:24.716,2006-09-19 23:46:16.313939184,205,65,51,49,40,1
2896,2896,2896,2896,3,57,440,1171857783716,2007-02-19 04:03:03.716,2006-09-19 23:46:33.103677692,383,134,85,94,70,1
2897,2897,2897,2897,1,37,410,1171858036716,2007-02-19 04:07:16.716,2006-09-19 23:46:33.182899682,373,102,93,93,85,1
2898,2898,2898,2898,1,18,160,1171858489716,2007-02-19 04:14:49.716,2006-09-19 23:46:33.324747749,142,34,35,35,38,1
2899,2899,2899,2899,1,45,810,1171858830716,2007-02-19 04:20:30.716,2006-09-19 23:46:33.431525213,765,256,177,184,148,1
2900,2900,2900,2900,1,56,810,1171861486716,2007-02-19 05:04:46.716,2006-09-19 23:46:34.263199535,754,295,122,188,149,1
2901,2901,2901,2901,1,29,180,1171933502716,2007-02-20 01:05:02.716,2006-09-19 23:46:56.813597872,151,40,37,37,37,1
2902,2902,2902,2902,1,13,270,1171957450716,2007-02-20 07:44:10.716,2006-09-19 23:47:04.312444508,257,104,43,61,49,1
2903,2903,2903,2903,7,179,1600,1171997627716,2007-02-20 18:53:47.716,2006-09-19 23:47:16.893084282,1421,559,265,343,254,2
2904,2904,2904,2904,7,191,1490,1172000393716,2007-02-20 19:39:53.716,2006-09-19 23:47:17.759202948,1299,349,324,324,302,2
2905,2905,2905,2905,7,90,1550,1172003404716,2007-02-20 20:30:04.716,2006-09-19 23:47:18.702038559,1460,352,365,365,378,2
2906,2906,2906,2906,7,358,1830,1172005747716,2007-02-20 21:09:07.716,2006-09-19 23:47:19.435703068,1472,658,242,312,260,2
2907,2907,2907,2907,2,23,280,1172007439716,2007-02-20 21:37:19.716,2006-09-19 23:47:19.965519692,257,65,64,64,64,1
2908,2908,2908,2908,7,153,1600,1172018258716,2007-02-21 00:37:38.716,2006-09-19 23:47:23.353277407,1447,688,361,121,277,2
2909,2909,2909,2909,1,8,90,1172020135716,2007-02-21 01:08:55.716,2006-09-19 23:47:23.941023154,82,32,16,20,14,1
2910,2910,2910,2910,1,1,20,1172020818716,2007-02-21 01:20:18.716,2006-09-19 23:47:24.154891212,19,5,4,4,6,1
2911,2911,2911,2911,1,1,20,1172025787716,2007-02-21 02:43:07.716,2006-09-19 23:47:25.710836131,19,7,4,4,4,1
2912,2912,2912,2912,1,12,80,1172092559716,2007-02-21 21:15:59.716,2006-09-19 23:47:46.619178690,68,31,12,14,11,1
2913,2913,2913,2913,4,124,640,1172106771716,2007-02-22 01:12:51.716,2006-09-19 23:47:51.069387827,516,150,129,129,108,1
2914,2914,2914,2914,1,10,130,1172177926716,2007-02-22 20:58:46.716,2006-09-19 23:48:13.350180896,120,58,29,14,19,1
2915,2915,2915,2915,1,5,40,1172194413716,2007-02-23 01:33:33.716,2006-09-19 23:48:18.512761675,35,14,7,7,7,1
2916,2916,2916,2916,11,1556,9650,1172195142716,2007-02-23 01:45:42.716,2006-09-19 23:48:18.741033731,8094,2609,1943,1955,1587,4
2917,2917,2917,2917,10,1191,6720,1172209361716,2007-02-23 05:42:41.716,2006-09-19 23:48:23.193434780,5529,1311,1382,1382,1454,3
2918,2918,2918,2918,11,690,6090,1172223630716,2007-02-23 09:40:30.716,2006-09-19 23:48:27.661492348,5400,2338,1073,1263,726,4
2919,2919,2919,2919,1,12,130,1172779309716,2007-03-01 20:01:49.716,2006-09-19 23:51:21.661475648,118,25,29,29,35,1
2920,2920,2920,2920,1,1,10,1172780882716,2007-03-01 20:28:02.716,2006-09-19 23:51:22.154029755,9,4,2,2,1,1
2921,2921,2921,2921,1,1,10,1172781089716,2007-03-01 20:31:29.716,2006-09-19 23:51:22.218847746,9,1,2,2,4,1
2922,2922,2922,2922,1,1,10,1172781598716,2007-03-01 20:39:58.716,2006-09-19 23:51:22.378231116,9,1,2,2,4,1
2923,2923,2923,2923,1,1,10,1172782379716,2007-03-01 20:52:59.716,2006-09-19 23:51:22.622785953,9,1,2,2,4,1
2924,2924,2924,2924,1,13,130,1172782547716,2007-03-01 20:55:47.716,2006-09-19 23:51:22.675391859,117,32,29,29,27,1
2925,2925,2925,2925,1,1,10,1172783329716,2007-03-01 21:08:49.716,2006-09-19 23:51:22.920259825,9,3,2,2,2,1
2926,2926,2926,2926,1,5,30,1172788136716,2007-03-01 22:28:56.716,2006-09-19 23:51:24.425477621,25,5,6,6,8,1
2927,2927,2927,2927,1,7,40,1172788759716,2007-03-01 22:39:19.716,2006-09-19 23:51:24.620557856,33,9,8,8,8,1
2928,2928,2928,2928,1,1,10,1172789361716,2007-03-01 22:49:21.716,2006-09-19 23:51:24.809062352,9,1,2,2,4,1
2929,2929,2929,2929,1,1,10,1172790405716,2007-03-01 23:06:45.716,2006-09-19 23:51:25.135970482,9,1,2,2,4,1
2930,2930,2930,2930,1,4,30,1172790701716,2007-03-01 23:11:41.716,2006-09-19 23:51:25.228657078,26,7,6,6,7,1
2931,2931,2931,2931,1,1,10,1172790993716,2007-03-01 23:16:33.716,2006-09-19 23:51:25.320091152,9,3,2,2,2,1
2932,2932,2932,2932,1,1,10,1172792620716,2007-03-01 23:43:40.716,2006-09-19 23:51:25.829554301,9,2,2,2,3,1
2933,2933,2933,2933,1,1,10,1172792922716,2007-03-01 23:48:42.716,2006-09-19 23:51:25.924119679,9,2,2,2,3,1
2934,2934,2934,2934,1,1,10,1172793550716,2007-03-01 23:59:10.716,2006-09-19 23:51:26.120765566,9,1,2,2,4,1
2935,2935,2935,2935,1,9,130,1172793581716,2007-03-01 23:59:41.716,2006-09-19 23:51:26.130472608,121,48,22,30,21,1
2936,2936,2936,2936,1,6,40,1172793966716,2007-03-02 00:06:06.716,2006-09-19 23:51:26.251027809,34,8,8,8,10,1
2937,2937,2937,2937,1,5,40,1172794699716,2007-03-02 00:18:19.716,2006-09-19 23:51:26.480552387,35,13,8,7,7,1
2938,2938,2938,2938,1,1,10,1172795217716,2007-03-02 00:26:57.716,2006-09-19 23:51:26.642753930,9,2,2,2,3,1
2939,2939,2939,2939,1,1,30,1172795699716,2007-03-02 00:34:59.716,2006-09-19 23:51:26.793682779,29,6,7,7,9,1
2940,2940,2940,2940,1,1,10,1172801569716,2007-03-02 02:12:49.716,2006-09-19 23:51:28.631758182,9,3,2,2,2,1
2941,2941,2941,2941,1,5,40,1172802061716,2007-03-02 02:21:01.716,2006-09-19 23:51:28.785818335,35,11,8,8,8,1
2942,2942,2942,2942,1,2,30,1172804001716,2007-03-02 02:53:21.716,2006-09-19 23:51:29.393291296,28,9,7,7,5,1
2943,2943,2943,2943,1,4,30,1172804110716,2007-03-02 02:55:10.716,2006-09-19 23:51:29.427422509,26,7,6,6,7,1
2944,2944,2944,2944,1,13,80,1172873117716,2007-03-02 22:05:17.716,2006-09-19 23:51:51.035611495,67,33,16,6,12,1
2945,2945,2945,2945,1,2,40,1172876700716,2007-03-02 23:05:00.716,2006-09-19 23:51:52.157557691,38,10,9,9,10,1
2946,2946,2946,2946,1,10,80,1172877316716,2007-03-02 23:15:16.716,2006-09-19 23:51:52.350446013,70,35,4,17,14,1
2947,2947,2947,2947,1,10,80,1172877898716,2007-03-02 23:24:58.716,2006-09-19 23:51:52.532687901,70,23,17,17,13,1
2948,2948,2948,2948,1,4,40,1172879148716,2007-03-02 23:45:48.716,2006-09-19 23:51:52.924100892,36,15,7,9,5,1
2949,2949,2949,2949,1,15,80,1172879455716,2007-03-02 23:50:55.716,2006-09-19 23:51:53.020231922,65,30,16,12,7,1
2950,2950,2950,2950,1,22,130,1172879752716,2007-03-02 23:55:52.716,2006-09-19 23:51:53.113231648,108,38,24,25,21,1
2951,2951,2951,2951,1,26,170,1172880720716,2007-03-03 00:12:00.716,2006-09-19 23:51:53.416341868,144,71,13,32,28,1
2952,2952,2952,2952,1,3,20,1172880896716,2007-03-03 00:14:56.716,2006-09-19 23:51:53.471452817,17,5,4,4,4,1
2953,2953,2953,2953,1,44,370,1172881147716,2007-03-03 00:19:07.716,2006-09-19 23:51:53.550048546,326,153,67,50,56,1
2954,2954,2954,2954,1,3,20,1172882000716,2007-03-03 00:33:20.716,2006-09-19 23:51:53.817148771,17,8,4,2,3,1
2955,2955,2955,2955,2,55,360,1172882292716,2007-03-03 00:38:12.716,2006-09-19 23:51:53.908582845,305,124,50,73,58,1
2956,2956,2956,2956,1,3,20,1172882389716,2007-03-03 00:39:49.716,2006-09-19 23:51:53.938956493,17,3,4,4,6,1
2957,2957,2957,2957,1,3,20,1172882732716,2007-03-03 00:45:32.716,2006-09-19 23:51:54.046360218,17,6,4,4,3,1
2958,2958,2958,2958,1,3,40,1172882960716,2007-03-03 00:49:20.716,2006-09-19 23:51:54.117753947,37,12,9,9,7,1
2959,2959,2959,2959,1,6,40,1172883543716,2007-03-03 00:59:03.716,2006-09-19 23:51:54.300308966,34,11,8,8,7,1
2960,2960,2960,2960,1,3,40,1172883852716,2007-03-03 01:04:12.716,2006-09-19 23:51:54.397066257,37,8,9,9,11,1
2961,2961,2961,2961,2,36,360,1172884036716,2007-03-03 01:07:16.716,2006-09-19 23:51:54.454682249,324,110,69,81,64,1
2962,2962,2962,2962,2,36,360,1172884914716,2007-03-03 01:21:54.716,2006-09-19 23:51:54.729610734,324,156,68,49,51,1
2963,2963,2963,2963,1,25,130,1172885693716,2007-03-03 01:34:53.716,2006-09-19 23:51:54.973539310,105,38,23,24,20,1
2964,2964,2964,2964,7,178,1000,1172886283716,2007-03-03 01:44:43.716,2006-09-19 23:51:55.158286241,822,275,178,205,164,2
2965,2965,2965,2965,1,20,130,1172886724716,2007-03-03 01:52:04.716,2006-09-19 23:51:55.296376744,110,36,26,27,21,1
2966,2966,2966,2966,2,62,390,1172886889716,2007-03-03 01:54:49.716,2006-09-19 23:51:55.348043259,328,158,60,47,63,1
2967,2967,2967,2967,2,48,360,1172887787716,2007-03-03 02:09:47.716,2006-09-19 23:51:55.629234351,312,89,78,78,67,1
2968,2968,2968,2968,7,193,1010,1173126661716,2007-03-05 20:31:01.716,2006-09-19 23:53:10.427943697,817,346,193,127,151,2
2969,2969,2969,2969,1,1,10,1173147155716,2007-03-06 02:12:35.716,2006-09-19 23:53:16.845237958,9,1,2,2,4,1
2970,2970,2970,2970,2,35,330,1173147285716,2007-03-06 02:14:45.716,2006-09-19 23:53:16.885944909,295,124,40,73,58,1
2971,2971,2971,2971,2,26,360,1173293814716,2007-03-07 18:56:54.716,2006-09-19 23:54:02.768628172,334,119,76,80,59,1
2972,2972,2972,2972,4,114,680,1173295261716,2007-03-07 19:21:01.716,2006-09-19 23:54:03.221727850,566,220,131,123,92,1
2973,2973,2973,2973,1,4,30,1173320321716,2007-03-08 02:18:41.716,2006-09-19 23:54:11.068775483,26,8,6,6,6,1
2974,2974,2974,2974,1,3,30,1173321389716,2007-03-08 02:36:29.716,2006-09-19 23:54:11.403198742,27,12,4,6,5,1
2975,2975,2975,2975,1,1,30,1173321731716,2007-03-08 02:42:11.716,2006-09-19 23:54:11.510289336,29,12,6,7,4,1
2976,2976,2976,2976,1,5,30,1173321883716,2007-03-08 02:44:43.716,2006-09-19 23:54:11.557885156,25,5,6,6,8,1
2977,2977,2977,2977,1,1,30,1173322092716,2007-03-08 02:48:12.716,2006-09-19 23:54:11.623329408,29,8,7,7,7,1
2978,2978,2978,2978,1,4,30,1173322296716,2007-03-08 02:51:36.716,2006-09-19 23:54:11.687208008,26,8,6,6,6,1
2979,2979,2979,2979,1,5,30,1173322366716,2007-03-08 02:52:46.716,2006-09-19 23:54:11.709127135,25,11,6,4,4,1
2980,2980,2980,2980,1,3,30,1173323754716,2007-03-08 03:15:54.716,2006-09-19 23:54:12.143752120,27,11,6,5,5,1
2981,2981,2981,2981,1,2,30,1173324056716,2007-03-08 03:20:56.716,2006-09-19 23:54:12.238317498,28,12,7,6,3,1
2982,2982,2982,2982,1,4,30,1173324260716,2007-03-08 03:24:20.716,2006-09-19 23:54:12.302196098,26,9,6,6,5,1
2983,2983,2983,2983,1,5,30,1173324466716,2007-03-08 03:27:46.716,2006-09-19 23:54:12.366700959,25,11,6,6,2,1
2984,2984,2984,2984,1,3,30,1173324609716,2007-03-08 03:30:09.716,2006-09-19 23:54:12.411478605,27,13,5,6,3,1
2985,2985,2985,2985,1,5,30,1173324866716,2007-03-08 03:34:26.716,2006-09-19 23:54:12.491953116,25,8,6,6,5,1
2986,2986,2986,2986,7,58,1010,1173325091716,2007-03-08 03:38:11.716,2006-09-19 23:54:12.562407455,952,423,219,176,134,2
2987,2987,2987,2987,1,3,30,1173387735716,2007-03-08 21:02:15.716,2006-09-19 23:54:32.178147754,27,12,6,6,3,1
2988,2988,2988,2988,1,9,60,1173389510716,2007-03-08 21:31:50.716,2006-09-19 23:54:32.733954200,51,14,12,12,13,1
2989,2989,2989,2989,1,10,60,1173389803716,2007-03-08 21:36:43.716,2006-09-19 23:54:32.825701405,50,23,10,10,7,1
2990,2990,2990,2990,1,11,150,1173396112716,2007-03-08 23:21:52.716,2006-09-19 23:54:34.801241051,139,65,33,25,16,1
2991,2991,2991,2991,1,40,240,1173398715716,2007-03-09 00:05:15.716,2006-09-19 23:54:35.616319462,200,88,38,43,31,1
2992,2992,2992,2992,1,43,330,1173399707716,2007-03-09 00:21:47.716,2006-09-19 23:54:35.926944811,287,85,71,71,60,1
2993,2993,2993,2993,1,36,330,1173408140716,2007-03-09 02:42:20.716,2006-09-19 23:54:38.567573410,294,76,73,73,72,1
2994,2994,2994,2994,1,25,360,1173408332716,2007-03-09 02:45:32.716,2006-09-19 23:54:38.627694445,335,77,83,83,92,1
2995,2995,2995,2995,1,59,330,1173408732716,2007-03-09 02:52:12.716,2006-09-19 23:54:38.752946602,271,103,53,64,51,1
2996,2996,2996,2996,1,37,510,1173409030716,2007-03-09 02:57:10.716,2006-09-19 23:54:38.846259459,473,151,111,117,94,1
2997,2997,2997,2997,1,49,510,1173472935716,2007-03-09 20:42:15.716,2006-09-19 23:54:58.856857184,461,111,115,115,120,1
2998,2998,2998,2998,2,33,360,1173486114716,2007-03-10 00:21:54.716,2006-09-19 23:55:02.983602625,327,114,72,77,64,1
2999,2999,2999,2999,2,65,360,1173486421716,2007-03-10 00:27:01.716,2006-09-19 23:55:03.079733655,295,90,73,73,59,1
3000,3000,3000,3000,2,54,360,1173487390716,2007-03-10 00:43:10.716,2006-09-19 23:55:03.383157005,306,112,71,66,57,1
3001,3001,3001,3001,1,6,40,1174515187716,2007-03-21 22:13:07.716,2006-09-20 00:00:25.217634888,34,9,8,8,9,1
3002,3002,3002,3002,1,3,40,1174520612716,2007-03-21 23:43:32.716,2006-09-20 00:00:26.916367267,37,9,9,9,10,1
3003,3003,3003,3003,2,43,300,1174525647716,2007-03-22 01:07:27.716,2006-09-20 00:00:28.492978792,257,87,63,63,44,1
3004,3004,3004,3004,2,40,300,1174526123716,2007-03-22 01:15:23.716,2006-09-20 00:00:28.642028859,260,123,59,48,30,1
3005,3005,3005,3005,2,52,300,1174526963716,2007-03-22 01:29:23.716,2006-09-20 00:00:28.905058389,248,59,62,62,65,1
3006,3006,3006,3006,2,55,300,1174527185716,2007-03-22 01:33:05.716,2006-09-20 00:00:28.974573336,245,112,30,58,45,1
3007,3007,3007,3007,2,15,300,1174530389716,2007-03-22 02:26:29.716,2006-09-20 00:00:29.977843113,285,112,54,68,51,1
3008,3008,3008,3008,2,45,300,1174598261716,2007-03-22 21:17:41.716,2006-09-20 00:00:51.230629104,255,78,63,63,51,1
3009,3009,3009,3009,2,17,300,1174598502716,2007-03-22 21:21:42.716,2006-09-20 00:00:51.306093528,283,104,56,67,56,1
3010,3010,3010,3010,2,39,300,1174598765716,2007-03-22 21:26:05.716,2006-09-20 00:00:51.388446821,261,64,65,65,67,1
3011,3011,3011,3011,2,33,360,1174599166716,2007-03-22 21:32:46.716,2006-09-20 00:00:51.514012109,327,160,56,71,40,1
3012,3012,3012,3012,2,34,360,1174605849716,2007-03-22 23:24:09.716,2006-09-20 00:00:53.606662521,326,150,33,80,63,1
3013,3013,3013,3013,1,4,40,1174613063716,2007-03-23 01:24:23.716,2006-09-20 00:00:55.865585171,36,8,9,9,10,1
3014,3014,3014,3014,7,154,1080,1174613284716,2007-03-23 01:28:04.716,2006-09-20 00:00:55.934786988,926,350,181,211,184,2
3015,3015,3015,3015,1,3,30,1174616769716,2007-03-23 02:26:09.716,2006-09-20 00:00:57.026046405,27,11,5,6,5,1
3016,3016,3016,3016,2,57,360,1174617914716,2007-03-23 02:45:14.716,2006-09-20 00:00:57.384580705,303,151,62,61,29,1
3017,3017,3017,3017,1,15,140,1174617999716,2007-03-23 02:46:39.716,2006-09-20 00:00:57.411196788,125,29,31,31,34,1
3018,3018,3018,3018,1,4,80,1174676593716,2007-03-23 19:03:13.716,2006-09-20 00:01:15.758758998,76,20,19,19,18,1
3019,3019,3019,3019,2,60,360,1175126330716,2007-03-28 23:58:50.716,2006-09-20 00:03:36.585082270,300,69,75,75,81,1
3020,3020,3020,3020,2,33,360,1175126836716,2007-03-29 00:07:16.716,2006-09-20 00:03:36.743526249,327,104,79,80,64,1
3021,3021,3021,3021,1,1,10,1176254492716,2007-04-11 01:21:32.716,2006-09-20 00:09:29.846891983,9,3,2,2,2,1
3022,3022,3022,3022,6,132,870,1176340626716,2007-04-12 01:17:06.716,2006-09-20 00:09:56.818065199,738,291,180,176,91,1
3023,3023,3023,3023,6,87,880,1176343368716,2007-04-12 02:02:48.716,2006-09-20 00:09:57.676668735,793,340,149,179,125,1
3024,3024,3024,3024,6,52,900,1176400252716,2007-04-12 17:50:52.716,2006-09-20 00:10:15.488777974,848,177,212,212,247,1
3025,3025,3025,3025,1,3,30,1176844250716,2007-04-17 21:10:50.716,2006-09-20 00:12:34.518045924,27,10,6,6,5,1
3026,3026,3026,3026,1,5,30,1176849037716,2007-04-17 22:30:37.716,2006-09-20 00:12:36.017001112,25,9,5,6,5,1
3027,3027,3027,3027,23,479,3280,1176849717716,2007-04-17 22:41:57.716,2006-09-20 00:12:36.229929779,2801,1247,311,694,549,7
3028,3028,3028,3028,21,452,3000,1176855463716,2007-04-18 00:17:43.716,2006-09-20 00:12:38.029177014,2548,907,600,546,495,7
3029,3029,3029,3029,1,13,90,1176942855716,2007-04-19 00:34:15.716,2006-09-20 00:13:05.394268263,77,29,18,15,15,1
3030,3030,3030,3030,6,70,880,1176943188716,2007-04-19 00:39:48.716,2006-09-20 00:13:05.498540684,810,193,202,202,213,1
3031,3031,3031,3031,8,139,1240,1176943926716,2007-04-19 00:52:06.716,2006-09-20 00:13:05.729630913,1101,259,275,275,292,2
3032,3032,3032,3032,3,91,560,1177356875716,2007-04-23 19:34:35.716,2006-09-20 00:15:15.036513311,469,174,97,113,85,1
3033,3033,3033,3033,1,2,40,1177629457716,2007-04-26 23:17:37.716,2006-09-20 00:16:40.390221923,38,18,7,7,6,1
3034,3034,3034,3034,1,1,10,1177632790716,2007-04-27 00:13:10.716,2006-09-20 00:16:41.433885520,9,3,2,2,2,1
3035,3035,3035,3035,1,1,20,1177633275716,2007-04-27 00:21:15.716,2006-09-20 00:16:41.585753761,19,6,4,4,5,1
3036,3036,3036,3036,1,26,230,1177633843716,2007-04-27 00:30:43.716,2006-09-20 00:16:41.763611824,204,46,51,51,56,1
3037,3037,3037,3037,1,25,130,1178149518716,2007-05-02 23:45:18.716,2006-09-20 00:19:23.237126907,105,45,15,25,20,1
3038,3038,3038,3038,1,7,130,1178564044716,2007-05-07 18:54:04.716,2006-09-20 00:21:33.037815933,123,39,30,30,24,1
3039,3039,3039,3039,1,1,10,1178926058716,2007-05-11 23:27:38.716,2006-09-20 00:23:26.395401795,9,3,2,2,2,1
3040,3040,3040,3040,1,1,10,1178926169716,2007-05-11 23:29:29.716,2006-09-20 00:23:26.430159269,9,3,2,2,2,1
3041,3041,3041,3041,1,1,10,1178926331716,2007-05-11 23:32:11.716,2006-09-20 00:23:26.480886392,9,4,2,2,1,1
3042,3042,3042,3042,1,1,10,1178926442716,2007-05-11 23:34:02.716,2006-09-20 00:23:26.515643866,9,3,2,2,2,1
3043,3043,3043,3043,1,1,10,1178926508716,2007-05-11 23:35:08.716,2006-09-20 00:23:26.536310472,9,1,2,2,4,1
3044,3044,3044,3044,1,12,80,1178926883716,2007-05-11 23:41:23.716,2006-09-20 00:23:26.653734369,68,20,17,17,14,1
3045,3045,3045,3045,1,20,130,1178927184716,2007-05-11 23:46:24.716,2006-09-20 00:23:26.747986617,110,34,27,27,22,1
3046,3046,3046,3046,1,7,70,1178927376716,2007-05-11 23:49:36.716,2006-09-20 00:23:26.808107652,63,24,12,15,12,1
3047,3047,3047,3047,1,7,70,1178928682716,2007-05-12 00:11:22.716,2006-09-20 00:23:27.217055945,63,28,12,13,10,1
3048,3048,3048,3048,1,8,80,1179262171716,2007-05-15 20:49:31.716,2006-09-20 00:25:11.642597365,72,26,14,18,14,1
3049,3049,3049,3049,1,7,80,1179285047716,2007-05-16 03:10:47.716,2006-09-20 00:25:18.805768220,73,27,17,18,11,1
3050,3050,3050,3050,1,6,80,1179285376716,2007-05-16 03:16:16.716,2006-09-20 00:25:18.908788119,74,20,18,18,18,1
3051,3051,3051,3051,1,9,80,1179285561716,2007-05-16 03:19:21.716,2006-09-20 00:25:18.966717242,71,21,17,17,16,1
3052,3052,3052,3052,1,7,80,1179285860716,2007-05-16 03:24:20.716,2006-09-20 00:25:19.060343229,73,26,18,17,12,1
3053,3053,3053,3053,1,7,80,1179286560716,2007-05-16 03:36:00.716,2006-09-20 00:25:19.279534504,73,19,18,18,18,1
3054,3054,3054,3054,1,11,80,1179287407716,2007-05-16 03:50:07.716,2006-09-20 00:25:19.544755946,69,18,17,17,17,1
3055,3055,3055,3055,1,15,80,1179287678716,2007-05-16 03:54:38.716,2006-09-20 00:25:19.629614283,65,15,16,16,18,1
3056,3056,3056,3056,1,1,10,1179288431716,2007-05-16 04:07:11.716,2006-09-20 00:25:19.865401468,9,4,2,2,1,1
3057,3057,3057,3057,1,3,50,1179288731716,2007-05-16 04:12:11.716,2006-09-20 00:25:19.959340586,47,11,11,11,14,1
3058,3058,3058,3058,1,3,50,1179288829716,2007-05-16 04:13:49.716,2006-09-20 00:25:19.990027364,47,21,11,7,8,1
3059,3059,3059,3059,1,25,130,1179337196716,2007-05-16 17:39:56.716,2006-09-20 00:25:35.135205052,105,36,26,22,21,1
3060,3060,3060,3060,1,7,80,1179339713716,2007-05-16 18:21:53.716,2006-09-20 00:25:35.923354249,73,19,18,18,18,1
3061,3061,3061,3061,1,5,80,1179340729716,2007-05-16 18:38:49.716,2006-09-20 00:25:36.241494728,75,28,16,17,14,1
3062,3062,3062,3062,1,11,80,1179341286716,2007-05-16 18:48:06.716,2006-09-20 00:25:36.415908357,69,15,17,17,20,1
3063,3063,3063,3063,1,18,130,1179341568716,2007-05-16 18:52:48.716,2006-09-20 00:25:36.504211127,112,33,28,28,23,1
3064,3064,3064,3064,1,19,130,1179341949716,2007-05-16 18:59:09.716,2006-09-20 00:25:36.623513807,111,52,14,26,19,1
3065,3065,3065,3065,1,7,80,1179342476716,2007-05-16 19:07:56.716,2006-09-20 00:25:36.788533524,73,22,18,18,15,1
3066,3066,3066,3066,1,4,80,1179343401716,2007-05-16 19:23:21.716,2006-09-20 00:25:37.078179137,76,35,16,13,12,1
3067,3067,3067,3067,1,15,80,1179343510716,2007-05-16 19:25:10.716,2006-09-20 00:25:37.112310349,65,19,16,16,14,1
3068,3068,3068,3068,1,7,80,1179343871716,2007-05-16 19:31:11.716,2006-09-20 00:25:37.225350421,73,35,9,15,14,1
3069,3069,3069,3069,1,12,80,1179344027716,2007-05-16 19:33:47.716,2006-09-20 00:25:37.274198762,68,25,14,17,12,1
3070,3070,3070,3070,1,20,130,1179344219716,2007-05-16 19:36:59.716,2006-09-20 00:25:37.334319797,110,41,23,24,22,1
3071,3071,3071,3071,1,14,100,1179344655716,2007-05-16 19:44:15.716,2006-09-20 00:25:37.470844649,86,33,20,19,14,1
3072,3072,3072,3072,1,12,130,1179344804716,2007-05-16 19:46:44.716,2006-09-20 00:25:37.517501077,118,55,11,29,23,1
3073,3073,3073,3073,1,11,130,1179355955716,2007-05-16 22:52:35.716,2006-09-20 00:25:41.009218082,119,37,29,29,24,1
3074,3074,3074,3074,1,11,80,1179356532716,2007-05-16 23:02:12.716,2006-09-20 00:25:41.189894319,69,25,14,17,13,1
3075,3075,3075,3075,1,23,130,1179356584716,2007-05-16 23:03:04.716,2006-09-20 00:25:41.206177099,107,44,25,24,14,1
3076,3076,3076,3076,1,94,490,1179356638716,2007-05-16 23:03:58.716,2006-09-20 00:25:41.223086140,396,192,48,90,66,1
3077,3077,3077,3077,1,18,280,1179356918716,2007-05-16 23:08:38.716,2006-09-20 00:25:41.310762650,262,123,29,60,50,1
3078,3078,3078,3078,1,8,110,1179357277716,2007-05-16 23:14:37.716,2006-09-20 00:25:41.423176461,102,45,22,21,14,1
3079,3079,3079,3079,1,122,640,1179357717716,2007-05-16 23:21:57.716,2006-09-20 00:25:41.560953834,518,258,116,101,43,1
3080,3080,3080,3080,1,8,50,1179364820716,2007-05-17 01:20:20.716,2006-09-20 00:25:43.785119011,42,14,10,10,8,1
3081,3081,3081,3081,1,9,50,1179365224716,2007-05-17 01:27:04.716,2006-09-20 00:25:43.911623689,41,9,10,10,12,1
3082,3082,3082,3082,1,4,50,1179366132716,2007-05-17 01:42:12.716,2006-09-20 00:25:44.195946085,46,14,11,11,10,1
3083,3083,3083,3083,1,5,40,1179945759716,2007-05-23 18:42:39.716,2006-09-20 00:28:45.694776022,35,8,8,8,11,1
3084,3084,3084,3084,1,1,10,1180057577716,2007-05-25 01:46:17.716,2006-09-20 00:29:20.708390235,9,3,2,2,2,1
3085,3085,3085,3085,1,1,10,1180058878716,2007-05-25 02:07:58.716,2006-09-20 00:29:21.115772876,9,1,2,2,4,1
3086,3086,3086,3086,1,1,10,1180060086716,2007-05-25 02:28:06.716,2006-09-20 00:29:21.494034390,9,2,2,2,3,1
3087,3087,3087,3087,1,1,10,1180061042716,2007-05-25 02:44:02.716,2006-09-20 00:29:21.793387045,9,3,2,2,2,1
3088,3088,3088,3088,1,1,10,1180061280716,2007-05-25 02:48:00.716,2006-09-20 00:29:21.867912078,9,1,2,2,4,1
3089,3089,3089,3089,1,1,10,1180061776716,2007-05-25 02:56:16.716,2006-09-20 00:29:22.023224753,9,4,2,2,1,1
3090,3090,3090,3090,1,1,10,1180062577716,2007-05-25 03:09:37.716,2006-09-20 00:29:22.274042197,9,2,2,2,3,1
3091,3091,3091,3091,1,1,10,1180066595716,2007-05-25 04:16:35.716,2006-09-20 00:29:23.532200113,9,1,2,2,4,1
3092,3092,3092,3092,1,1,10,1180068702716,2007-05-25 04:51:42.716,2006-09-20 00:29:24.191965850,9,2,2,2,3,1
3093,3093,3093,3093,1,1,10,1180071879716,2007-05-25 05:44:39.716,2006-09-20 00:29:25.186781107,9,2,2,2,3,1
3094,3094,3094,3094,1,1,10,1180117613716,2007-05-25 18:26:53.716,2006-09-20 00:29:39.507486471,9,2,2,2,3,1
3095,3095,3095,3095,1,1,10,1180118398716,2007-05-25 18:39:58.716,2006-09-20 00:29:39.753293829,9,1,2,2,4,1
3096,3096,3096,3096,1,1,10,1180119135716,2007-05-25 18:52:15.716,2006-09-20 00:29:39.984070928,9,3,2,2,2,1
3097,3097,3097,3097,1,5,80,1181093775716,2007-06-06 01:36:15.716,2006-09-20 00:34:45.173476544,75,35,11,14,15,1
3098,3098,3098,3098,1,6,130,1181094026716,2007-06-06 01:40:26.716,2006-09-20 00:34:45.252072273,124,42,30,30,22,1
3099,3099,3099,3099,1,14,130,1181094150716,2007-06-06 01:42:30.716,2006-09-20 00:34:45.290900441,116,31,29,29,27,1
3100,3100,3100,3100,1,5,80,1181158121716,2007-06-06 19:28:41.716,2006-09-20 00:35:05.322164771,75,34,17,13,11,1
3101,3101,3101,3101,1,12,80,1181160062716,2007-06-06 20:01:02.716,2006-09-20 00:35:05.929950863,68,32,6,17,13,1
3102,3102,3102,3102,1,14,80,1181161231716,2007-06-06 20:20:31.716,2006-09-20 00:35:06.296000292,66,32,13,13,8,1
3103,3103,3103,3103,1,10,90,1181161617716,2007-06-06 20:26:57.716,2006-09-20 00:35:06.416868623,80,30,14,20,16,1
3104,3104,3104,3104,1,7,80,1181172359716,2007-06-06 23:25:59.716,2006-09-20 00:35:09.780515298,73,25,18,18,12,1
3105,3105,3105,3105,1,10,90,1181173059716,2007-06-06 23:37:39.716,2006-09-20 00:35:09.999706573,80,17,20,20,23,1
3106,3106,3106,3106,1,14,90,1181177257716,2007-06-07 00:47:37.716,2006-09-20 00:35:11.314227960,76,30,12,19,15,1
3107,3107,3107,3107,1,4,90,1181177574716,2007-06-07 00:52:54.716,2006-09-20 00:35:11.413490294,86,31,20,18,17,1
3108,3108,3108,3108,1,12,90,1181180905716,2007-06-07 01:48:25.716,2006-09-20 00:35:12.456527631,78,27,18,18,15,1
3109,3109,3109,3109,12,252,1780,1181181106716,2007-06-07 01:51:46.716,2006-09-20 00:35:12.519466840,1528,745,167,337,279,4
3110,3110,3110,3110,1,11,80,1181182695716,2007-06-07 02:18:15.716,2006-09-20 00:35:13.017031034,69,24,15,17,13,1
3111,3111,3111,3111,1,2,30,1181315649716,2007-06-08 15:14:09.716,2006-09-20 00:35:54.648969220,28,12,5,7,4,1
3112,3112,3112,3112,1,12,80,1181327040716,2007-06-08 18:24:00.716,2006-09-20 00:35:58.215837520,68,31,17,13,7,1
3113,3113,3113,3113,1,5,90,1181327104716,2007-06-08 18:25:04.716,2006-09-20 00:35:58.235877865,85,27,20,21,17,1
3114,3114,3114,3114,1,2,30,1181327216716,2007-06-08 18:26:56.716,2006-09-20 00:35:58.270948469,28,5,7,7,9,1
3115,3115,3115,3115,1,5,30,1181327704716,2007-06-08 18:35:04.716,2006-09-20 00:35:58.423756100,25,5,6,6,8,1
3116,3116,3116,3116,1,4,30,1181328696716,2007-06-08 18:51:36.716,2006-09-20 00:35:58.734381449,26,9,6,6,5,1
3117,3117,3117,3117,1,26,510,1181329038716,2007-06-08 18:57:18.716,2006-09-20 00:35:58.841472044,484,180,109,104,91,1
3118,3118,3118,3118,1,44,510,1181329476716,2007-06-08 19:04:36.716,2006-09-20 00:35:58.978623155,466,178,116,115,57,1
3119,3119,3119,3119,1,4,50,1181340308716,2007-06-08 22:05:08.716,2006-09-20 00:36:02.370451566,46,21,7,10,8,1
3120,3120,3120,3120,1,4,50,1181340380716,2007-06-08 22:06:20.716,2006-09-20 00:36:02.392996954,46,16,10,11,9,1
3121,3121,3121,3121,1,4,50,1181340755716,2007-06-08 22:12:35.716,2006-09-20 00:36:02.510420851,46,9,11,11,15,1
3122,3122,3122,3122,1,8,150,1181340813716,2007-06-08 22:13:33.716,2006-09-20 00:36:02.528582414,142,62,35,27,18,1
3123,3123,3123,3123,1,5,50,1181346246716,2007-06-08 23:44:06.716,2006-09-20 00:36:04.229819835,45,16,9,11,9,1
3124,3124,3124,3124,1,14,90,1181346849716,2007-06-08 23:54:09.716,2006-09-20 00:36:04.418637462,76,35,9,18,14,1
3125,3125,3125,3125,1,7,50,1181346915716,2007-06-08 23:55:15.716,2006-09-20 00:36:04.439304068,43,15,10,10,8,1
3126,3126,3126,3126,1,7,50,1181347285716,2007-06-09 00:01:25.716,2006-09-20 00:36:04.555162313,43,10,10,10,13,1
3127,3127,3127,3127,1,5,90,1181347338716,2007-06-09 00:02:18.716,2006-09-20 00:36:04.571758224,85,23,21,21,20,1
3128,3128,3128,3128,1,9,50,1181347545716,2007-06-09 00:05:45.716,2006-09-20 00:36:04.636576215,41,19,6,8,8,1
3129,3129,3129,3129,1,8,50,1181348859716,2007-06-09 00:27:39.716,2006-09-20 00:36:05.048029551,42,13,10,10,9,1
3130,3130,3130,3130,1,8,50,1181349412716,2007-06-09 00:36:52.716,2006-09-20 00:36:05.221190658,42,10,10,10,12,1
3131,3131,3131,3131,1,88,510,1181353081716,2007-06-09 01:38:01.716,2006-09-20 00:36:06.370066067,422,139,99,103,81,1
3132,3132,3132,3132,1,9,50,1181353894716,2007-06-09 01:51:34.716,2006-09-20 00:36:06.624641076,41,9,10,10,12,1
3133,3133,3133,3133,1,22,170,1181354541716,2007-06-09 02:02:21.716,2006-09-20 00:36:06.827236440,148,66,20,35,27,1
3134,3134,3134,3134,1,6,80,1181355562716,2007-06-09 02:19:22.716,2006-09-20 00:36:07.146942571,74,33,12,16,13,1
3135,3135,3135,3135,1,12,90,1181355679716,2007-06-09 02:21:19.716,2006-09-20 00:36:07.183578827,78,31,15,18,14,1
3136,3136,3136,3136,1,20,130,1181355908716,2007-06-09 02:25:08.716,2006-09-20 00:36:07.255285686,110,34,27,27,22,1
3137,3137,3137,3137,1,20,130,1181374862716,2007-06-09 07:41:02.716,2006-09-20 00:36:13.190359143,110,53,24,19,14,1
3138,3138,3138,3138,1,65,510,1181443292716,2007-06-10 02:41:32.716,2006-09-20 00:36:34.617871893,445,171,108,104,62,1
3139,3139,3139,3139,1,5,90,1181585450716,2007-06-11 18:10:50.716,2006-09-20 00:37:19.131862211,85,17,21,21,26,1
3140,3140,3140,3140,1,53,510,1181585577716,2007-06-11 18:12:57.716,2006-09-20 00:37:19.171629771,457,138,114,114,91,1
3141,3141,3141,3141,1,28,150,1181585797716,2007-06-11 18:16:37.716,2006-09-20 00:37:19.240518457,122,56,23,26,17,1
3142,3142,3142,3142,1,11,80,1181604475716,2007-06-11 23:27:55.716,2006-09-20 00:37:25.089167926,69,28,12,17,12,1
3143,3143,3143,3143,1,10,80,1181604563716,2007-06-11 23:29:23.716,2006-09-20 00:37:25.116723400,70,19,17,17,17,1
3144,3144,3144,3144,1,11,130,1181605876716,2007-06-11 23:51:16.716,2006-09-20 00:37:25.527863605,119,49,26,28,16,1
3145,3145,3145,3145,1,3,30,1181608718716,2007-06-12 00:38:38.716,2006-09-20 00:37:26.417780181,27,12,6,5,4,1
3146,3146,3146,3146,1,23,130,1181608788716,2007-06-12 00:39:48.716,2006-09-20 00:37:26.439699308,107,45,16,25,21,1
3147,3147,3147,3147,1,4,30,1181608908716,2007-06-12 00:41:48.716,2006-09-20 00:37:26.477274955,26,12,4,6,4,1
3148,3148,3148,3148,1,85,510,1181611129716,2007-06-12 01:18:49.716,2006-09-20 00:37:27.172737557,425,190,52,101,82,1
3149,3149,3149,3149,1,3,30,1181611590716,2007-06-12 01:26:30.716,2006-09-20 00:37:27.317090667,27,12,5,5,5,1
3150,3150,3150,3150,1,73,510,1181611966716,2007-06-12 01:32:46.716,2006-09-20 00:37:27.434827695,437,153,92,107,85,1
3151,3151,3151,3151,1,13,150,1181612192716,2007-06-12 01:36:32.716,2006-09-20 00:37:27.505595164,137,53,23,34,27,1
3152,3152,3152,3152,1,24,160,1181612534716,2007-06-12 01:42:14.716,2006-09-20 00:37:27.612685758,136,41,34,34,27,1
3153,3153,3153,3153,1,58,510,1181613060716,2007-06-12 01:51:00.716,2006-09-20 00:37:27.777392344,452,194,107,104,47,1
3154,3154,3154,3154,1,10,90,1181613261716,2007-06-12 01:54:21.716,2006-09-20 00:37:27.840331553,80,30,15,19,16,1
3155,3155,3155,3155,1,13,90,1181613470716,2007-06-12 01:57:50.716,2006-09-20 00:37:27.905775805,77,32,14,19,12,1
3156,3156,3156,3156,1,97,510,1181613652716,2007-06-12 02:00:52.716,2006-09-20 00:37:27.962765537,413,168,63,102,80,1
3157,3157,3157,3157,1,30,510,1181614113716,2007-06-12 02:08:33.716,2006-09-20 00:37:28.107118647,480,207,57,120,96,1
3158,3158,3158,3158,1,13,80,1181614294716,2007-06-12 02:11:34.716,2006-09-20 00:37:28.163795248,67,14,16,16,21,1
3159,3159,3159,3159,1,15,160,1181614967716,2007-06-12 02:22:47.716,2006-09-20 00:37:28.374532002,145,58,24,35,28,1
3160,3160,3160,3160,1,18,160,1181615529716,2007-06-12 02:32:09.716,2006-09-20 00:37:28.550511283,142,48,31,35,28,1
3161,3161,3161,3161,1,4,80,1181615613716,2007-06-12 02:33:33.716,2006-09-20 00:37:28.576814236,76,34,8,19,15,1
3162,3162,3162,3162,1,12,130,1181615818716,2007-06-12 02:36:58.716,2006-09-20 00:37:28.641005966,118,44,26,29,19,1
3163,3163,3163,3163,1,3,30,1181616087716,2007-06-12 02:41:27.716,2006-09-20 00:37:28.725238042,27,5,6,6,10,1
3164,3164,3164,3164,1,1,30,1181616435716,2007-06-12 02:47:15.716,2006-09-20 00:37:28.834207418,29,8,7,7,7,1
3165,3165,3165,3165,1,63,510,1181616654716,2007-06-12 02:50:54.716,2006-09-20 00:37:28.902782974,447,126,111,111,99,1
3166,3166,3166,3166,1,34,180,1181616927716,2007-06-12 02:55:27.716,2006-09-20 00:37:28.988267572,146,43,36,36,31,1
3167,3167,3167,3167,1,33,510,1181617615716,2007-06-12 03:06:55.716,2006-09-20 00:37:29.203701281,477,204,110,82,81,1
3168,3168,3168,3168,1,11,70,1181617971716,2007-06-12 03:12:51.716,2006-09-20 00:37:29.315175701,59,24,10,14,11,1
3169,3169,3169,3169,1,16,150,1181618129716,2007-06-12 03:15:29.716,2006-09-20 00:37:29.364650303,134,46,29,33,26,1
3170,3170,3170,3170,1,4,30,1181618453716,2007-06-12 03:20:53.716,2006-09-20 00:37:29.466104550,26,9,6,6,5,1
3171,3171,3171,3171,1,20,230,1181619153716,2007-06-12 03:32:33.716,2006-09-20 00:37:29.685295825,210,47,52,52,59,1
3172,3172,3172,3172,1,9,130,1181619462716,2007-06-12 03:37:42.716,2006-09-20 00:37:29.782053116,121,46,24,29,22,1
3173,3173,3173,3173,1,5,80,1181680103716,2007-06-12 20:28:23.716,2006-09-20 00:37:48.770593240,75,32,14,17,12,1
3174,3174,3174,3174,1,4,80,1181686537716,2007-06-12 22:15:37.716,2006-09-20 00:37:50.785274184,76,17,19,19,21,1
3175,3175,3175,3175,1,6,80,1181687233716,2007-06-12 22:27:13.716,2006-09-20 00:37:51.003212937,74,35,14,17,8,1
3176,3176,3176,3176,1,11,80,1181688078716,2007-06-12 22:41:18.716,2006-09-20 00:37:51.267808119,69,15,17,17,20,1
3177,3177,3177,3177,1,14,80,1181688683716,2007-06-12 22:51:23.716,2006-09-20 00:37:51.457252006,66,20,16,16,14,1
3178,3178,3178,3178,1,13,80,1181688769716,2007-06-12 22:52:49.716,2006-09-20 00:37:51.484181220,67,30,16,11,10,1
3179,3179,3179,3179,1,12,80,1181688813716,2007-06-12 22:53:33.716,2006-09-20 00:37:51.497958957,68,29,16,16,7,1
3180,3180,3180,3180,1,5,80,1181688824716,2007-06-12 22:53:44.716,2006-09-20 00:37:51.501403391,75,25,17,18,15,1
3181,3181,3181,3181,1,7,80,1181688929716,2007-06-12 22:55:29.716,2006-09-20 00:37:51.534282083,73,18,18,18,19,1
3182,3182,3182,3182,1,7,80,1181688994716,2007-06-12 22:56:34.716,2006-09-20 00:37:51.554635558,73,26,15,18,14,1
3183,3183,3183,3183,1,6,80,1181689468716,2007-06-12 23:04:28.716,2006-09-20 00:37:51.703059364,74,36,10,16,12,1
3184,3184,3184,3184,1,11,90,1181689628716,2007-06-12 23:07:08.716,2006-09-20 00:37:51.753160227,79,27,19,18,15,1
3185,3185,3185,3185,1,10,80,1181691256716,2007-06-12 23:34:16.716,2006-09-20 00:37:52.262936506,70,18,17,17,18,1
3186,3186,3186,3186,1,52,510,1181692225716,2007-06-12 23:50:25.716,2006-09-20 00:37:52.566359856,458,163,105,100,90,1
3187,3187,3187,3187,1,52,510,1181695055716,2007-06-13 00:37:35.716,2006-09-20 00:37:53.452518866,458,194,109,93,62,1
3188,3188,3188,3188,1,15,90,1181695533716,2007-06-13 00:45:33.716,2006-09-20 00:37:53.602195194,75,25,18,18,14,1
3189,3189,3189,3189,1,15,90,1181696413716,2007-06-13 01:00:13.716,2006-09-20 00:37:53.877749939,75,26,18,17,14,1
3190,3190,3190,3190,1,8,90,1181696722716,2007-06-13 01:05:22.716,2006-09-20 00:37:53.974507230,82,28,20,20,14,1
3191,3191,3191,3191,1,16,90,1181697826716,2007-06-13 01:23:46.716,2006-09-20 00:37:54.320203184,74,35,18,16,5,1
3192,3192,3192,3192,1,15,80,1181698055716,2007-06-13 01:27:35.716,2006-09-20 00:37:54.391910043,65,21,15,16,13,1
3193,3193,3193,3193,1,8,90,1181698117716,2007-06-13 01:28:37.716,2006-09-20 00:37:54.411324128,82,41,9,17,15,1
3194,3194,3194,3194,1,52,510,1181698215716,2007-06-13 01:30:15.716,2006-09-20 00:37:54.442010906,458,121,114,114,109,1
3195,3195,3195,3195,1,10,80,1181699851716,2007-06-13 01:57:31.716,2006-09-20 00:37:54.954292228,70,33,14,9,14,1
3196,3196,3196,3196,1,28,150,1181699942716,2007-06-13 01:59:02.716,2006-09-20 00:37:54.982787094,122,45,30,27,20,1
3197,3197,3197,3197,1,29,160,1181764441716,2007-06-13 19:54:01.716,2006-09-20 00:38:15.179384271,131,26,32,32,41,1
3198,3198,3198,3198,1,10,160,1181764911716,2007-06-13 20:01:51.716,2006-09-20 00:38:15.326555555,150,30,37,37,46,1
3199,3199,3199,3199,1,17,160,1181765776716,2007-06-13 20:16:16.716,2006-09-20 00:38:15.597413345,143,69,32,23,19,1
3200,3200,3200,3200,1,21,160,1181766346716,2007-06-13 20:25:46.716,2006-09-20 00:38:15.775897668,139,47,33,32,27,1
3201,3201,3201,3201,1,20,160,1181773195716,2007-06-13 22:19:55.716,2006-09-20 00:38:17.920527726,140,49,33,32,26,1
3202,3202,3202,3202,1,32,410,1181774344716,2007-06-13 22:39:04.716,2006-09-20 00:38:18.280314547,378,183,33,92,70,1
3203,3203,3203,3203,1,73,410,1181776429716,2007-06-13 23:13:49.716,2006-09-20 00:38:18.933191415,337,113,73,84,67,1
3204,3204,3204,3204,71,1823,12030,1181778193716,2007-06-13 23:43:13.716,2006-09-20 00:38:19.485553427,10207,2569,2551,2551,2536,7
3205,3205,3205,3205,1,17,100,1181780018716,2007-06-14 00:13:38.716,2006-09-20 00:38:20.057016393,83,37,19,11,16,1
3206,3206,3206,3206,1,73,410,1181781262716,2007-06-14 00:34:22.716,2006-09-20 00:38:20.446550601,337,104,82,84,67,1
3207,3207,3207,3207,1,66,410,1181781940716,2007-06-14 00:45:40.716,2006-09-20 00:38:20.658853007,344,145,50,83,66,1
3208,3208,3208,3208,7,232,2010,1181782546716,2007-06-14 00:55:46.716,2006-09-20 00:38:20.848610025,1778,720,272,438,348,2
3209,3209,3209,3209,34,1262,8920,1181785825716,2007-06-14 01:50:25.716,2006-09-20 00:38:21.875364581,7658,2185,1914,1914,1645,7
3210,3210,3210,3210,1,1,10,1181792128716,2007-06-14 03:35:28.716,2006-09-20 00:38:23.849025444,9,2,2,2,3,1
3211,3211,3211,3211,1,1,10,1181794282716,2007-06-14 04:11:22.716,2006-09-20 00:38:24.523508310,9,1,2,2,4,1
3212,3212,3212,3212,1,3,40,1181794567716,2007-06-14 04:16:07.716,2006-09-20 00:38:24.612750471,37,17,8,5,7,1
3213,3213,3213,3213,1,20,130,1181794716716,2007-06-14 04:18:36.716,2006-09-20 00:38:24.659406900,110,52,11,26,21,1
3214,3214,3214,3214,1,7,90,1181796278716,2007-06-14 04:44:38.716,2006-09-20 00:38:25.148516573,83,20,20,20,23,1
3215,3215,3215,3215,1,1,10,1181796585716,2007-06-14 04:49:45.716,2006-09-20 00:38:25.244647603,9,2,2,2,3,1
3216,3216,3216,3216,1,1,10,1181798485716,2007-06-14 05:21:25.716,2006-09-20 00:38:25.839595349,9,2,2,2,3,1
3217,3217,3217,3217,1,1,10,1181798682716,2007-06-14 05:24:42.716,2006-09-20 00:38:25.901282036,9,1,2,2,4,1
3218,3218,3218,3218,1,1,10,1181799458716,2007-06-14 05:37:38.716,2006-09-20 00:38:26.144271221,9,3,2,2,2,1
3219,3219,3219,3219,1,1,10,1181800265716,2007-06-14 05:51:05.716,2006-09-20 00:38:26.396967447,9,1,2,2,4,1
3220,3220,3220,3220,1,1,10,1181801331716,2007-06-14 06:08:51.716,2006-09-20 00:38:26.730764445,9,2,2,2,3,1
3221,3221,3221,3221,1,1,10,1181804885716,2007-06-14 07:08:05.716,2006-09-20 00:38:27.843629860,9,2,2,2,3,1
3222,3222,3222,3222,34,411,6580,1181849611716,2007-06-14 19:33:31.716,2006-09-20 00:38:41.848699789,6169,3071,1351,1499,248,7
3223,3223,3223,3223,2,16,320,1181860889716,2007-06-14 22:41:29.716,2006-09-20 00:38:45.380184354,304,79,76,76,73,1
3224,3224,3224,3224,35,658,8800,1181861102716,2007-06-14 22:45:02.716,2006-09-20 00:38:45.446881128,8142,2017,2035,2035,2055,7
3225,3225,3225,3225,1,1,10,1181876496716,2007-06-15 03:01:36.716,2006-09-20 00:38:50.267210388,9,2,2,2,3,1
3226,3226,3226,3226,1,1,10,1181876716716,2007-06-15 03:05:16.716,2006-09-20 00:38:50.336099074,9,3,2,2,2,1
3227,3227,3227,3227,1,1,10,1181876877716,2007-06-15 03:07:57.716,2006-09-20 00:38:50.386513067,9,4,2,2,1,1
3228,3228,3228,3228,1,1,10,1181877317716,2007-06-15 03:15:17.716,2006-09-20 00:38:50.524290440,9,2,2,2,3,1
3229,3229,3229,3229,1,1,10,1181877520716,2007-06-15 03:18:40.716,2006-09-20 00:38:50.587855909,9,2,2,2,3,1
3230,3230,3230,3230,1,1,10,1181877618716,2007-06-15 03:20:18.716,2006-09-20 00:38:50.618542688,9,4,2,2,1,1
3231,3231,3231,3231,14,566,4010,1181879906716,2007-06-15 03:58:26.716,2006-09-20 00:38:51.334985026,3444,1472,671,626,675,6
3232,3232,3232,3232,21,521,6010,1181885070716,2007-06-15 05:24:30.716,2006-09-20 00:38:52.951990372,5489,2582,450,1366,1091,7
3233,3233,3233,3233,1,5,90,1181948260716,2007-06-15 22:57:40.716,2006-09-20 00:39:12.738699865,85,28,21,21,15,1
3234,3234,3234,3234,1,9,90,1181948386716,2007-06-15 22:59:46.716,2006-09-20 00:39:12.778154295,81,34,13,18,16,1
3235,3235,3235,3235,1,22,270,1181979297716,2007-06-16 07:34:57.716,2006-09-20 00:39:22.457327853,248,83,56,62,47,1
3236,3236,3236,3236,1,22,270,1181984861716,2007-06-16 09:07:41.716,2006-09-20 00:39:24.199585356,248,80,58,62,48,1
3237,3237,3237,3237,1,31,160,1182033590716,2007-06-16 22:39:50.716,2006-09-20 00:39:39.458116246,129,64,31,25,9,1
3238,3238,3238,3238,1,22,160,1182033968716,2007-06-16 22:46:08.716,2006-09-20 00:39:39.576479534,138,33,34,34,37,1
3239,3239,3239,3239,7,268,2010,1182034170716,2007-06-16 22:49:30.716,2006-09-20 00:39:39.639731874,1742,710,298,386,348,2
3240,3240,3240,3240,14,450,4010,1182037611716,2007-06-16 23:46:51.716,2006-09-20 00:39:40.717213554,3560,1066,890,890,714,6
3241,3241,3241,3241,21,687,6010,1182042654716,2007-06-17 01:10:54.716,2006-09-20 00:39:42.296330122,5323,1863,1229,1307,924,7
3242,3242,3242,3242,7,263,2010,1182113194716,2007-06-17 20:46:34.716,2006-09-20 00:40:04.384548000,1747,476,436,436,399,2
3243,3243,3243,3243,1,38,250,1182126242716,2007-06-18 00:24:02.716,2006-09-20 00:40:08.470273360,212,55,53,53,51,1
3244,3244,3244,3244,1,41,270,1182127682716,2007-06-18 00:48:02.716,2006-09-20 00:40:08.921181125,229,81,49,57,42,1
3245,3245,3245,3245,1,1,10,1182137123716,2007-06-18 03:25:23.716,2006-09-20 00:40:11.877445159,9,3,2,2,2,1
3246,3246,3246,3246,1,11,90,1182195773716,2007-06-18 19:42:53.716,2006-09-20 00:40:30.242542671,79,30,18,19,12,1
3247,3247,3247,3247,1,30,270,1182216231716,2007-06-19 01:23:51.716,2006-09-20 00:40:36.648564238,240,109,26,57,48,1
3248,3248,3248,3248,1,48,270,1182217237716,2007-06-19 01:40:37.716,2006-09-20 00:40:36.963573413,222,71,55,52,44,1
3249,3249,3249,3249,1,44,310,1182219116716,2007-06-19 02:11:56.716,2006-09-20 00:40:37.551945420,266,118,59,38,51,1
3250,3250,3250,3250,1,53,410,1182221000716,2007-06-19 02:43:20.716,2006-09-20 00:40:38.141883079,357,78,89,89,101,1
3251,3251,3251,3251,1,25,380,1182221164716,2007-06-19 02:46:04.716,2006-09-20 00:40:38.193236464,355,94,88,88,85,1
3252,3252,3252,3252,1,71,510,1182221748716,2007-06-19 02:55:48.716,2006-09-20 00:40:38.376104613,439,101,109,109,120,1
3253,3253,3253,3253,1,34,510,1182222490716,2007-06-19 03:08:10.716,2006-09-20 00:40:38.608447364,476,139,119,119,99,1
3254,3254,3254,3254,1,1,10,1182223099716,2007-06-19 03:18:19.716,2006-09-20 00:40:38.799143773,9,2,2,2,3,1
3255,3255,3255,3255,1,1,10,1182223861716,2007-06-19 03:31:01.716,2006-09-20 00:40:39.037749132,9,4,2,2,1,1
3256,3256,3256,3256,1,1,10,1182224063716,2007-06-19 03:34:23.716,2006-09-20 00:40:39.101001471,9,3,2,2,2,1
3257,3257,3257,3257,1,1,10,1182239856716,2007-06-19 07:57:36.716,2006-09-20 00:40:44.046269758,9,4,2,2,1,1
3258,3258,3258,3258,1,1,10,1182240021716,2007-06-19 08:00:21.716,2006-09-20 00:40:44.097936273,9,4,2,2,1,1
3259,3259,3259,3259,1,14,80,1182291613716,2007-06-19 22:20:13.716,2006-09-20 00:41:00.252959476,66,31,12,11,12,1
3260,3260,3260,3260,1,6,80,1182291911716,2007-06-19 22:25:11.716,2006-09-20 00:41:00.346272332,74,29,15,17,13,1
3261,3261,3261,3261,1,10,80,1182292161716,2007-06-19 22:29:21.716,2006-09-20 00:41:00.424554931,70,23,17,17,13,1
3262,3262,3262,3262,1,10,90,1182292283716,2007-06-19 22:31:23.716,2006-09-20 00:41:00.462756838,80,33,15,20,12,1
3263,3263,3263,3263,1,2,50,1182292325716,2007-06-19 22:32:05.716,2006-09-20 00:41:00.475908315,48,21,12,9,6,1
3264,3264,3264,3264,1,13,80,1182292652716,2007-06-19 22:37:32.716,2006-09-20 00:41:00.578301953,67,14,16,16,21,1
3265,3265,3265,3265,1,5,90,1182294488716,2007-06-19 23:08:08.716,2006-09-20 00:41:01.153209354,85,27,21,20,17,1
3266,3266,3266,3266,1,9,80,1182294911716,2007-06-19 23:15:11.716,2006-09-20 00:41:01.285663510,71,18,17,17,19,1
3267,3267,3267,3267,1,12,90,1182295007716,2007-06-19 23:16:47.716,2006-09-20 00:41:01.315724027,78,20,19,19,20,1
3268,3268,3268,3268,1,12,90,1182295309716,2007-06-19 23:21:49.716,2006-09-20 00:41:01.410289406,78,38,15,13,12,1
3269,3269,3269,3269,1,1,10,1182301212716,2007-06-20 01:00:12.716,2006-09-20 00:41:03.258698112,9,1,2,2,4,1
3270,3270,3270,3270,1,1,10,1182301844716,2007-06-20 01:10:44.716,2006-09-20 00:41:03.456596520,9,3,2,2,2,1
3271,3271,3271,3271,1,4,90,1182302856716,2007-06-20 01:27:36.716,2006-09-20 00:41:03.773484477,86,22,21,21,22,1
3272,3272,3272,3272,1,20,130,1182306056716,2007-06-20 02:20:56.716,2006-09-20 00:41:04.775501733,110,53,17,19,21,1
3273,3273,3273,3273,1,2,20,1182316102716,2007-06-20 05:08:22.716,2006-09-20 00:41:07.921209654,18,9,3,4,2,1
3274,3274,3274,3274,1,3,20,1182317700716,2007-06-20 05:35:00.716,2006-09-20 00:41:08.421592021,17,3,4,4,6,1
3275,3275,3275,3275,1,3,20,1182318143716,2007-06-20 05:42:23.716,2006-09-20 00:41:08.560308785,17,7,4,4,2,1
3276,3276,3276,3276,1,3,20,1182318834716,2007-06-20 05:53:54.716,2006-09-20 00:41:08.776681886,17,8,4,4,1,1
3277,3277,3277,3277,1,2,20,1182319468716,2007-06-20 06:04:28.716,2006-09-20 00:41:08.975206555,18,5,4,4,5,1
3278,3278,3278,3278,1,2,20,1182328177716,2007-06-20 08:29:37.716,2006-09-20 00:41:11.702259142,18,4,4,4,6,1
3279,3279,3279,3279,1,3,20,1182329250716,2007-06-20 08:47:30.716,2006-09-20 00:41:12.038248053,17,5,4,4,4,1
3280,3280,3280,3280,1,1,10,1182363069716,2007-06-20 18:11:09.716,2006-09-20 00:41:22.628004792,9,3,2,2,2,1
3281,3281,3281,3281,1,1,10,1182363075716,2007-06-20 18:11:15.716,2006-09-20 00:41:22.629883575,9,1,2,2,4,1
3282,3282,3282,3282,1,1,10,1182366935716,2007-06-20 19:15:35.716,2006-09-20 00:41:23.838566889,9,4,2,2,1,1
3283,3283,3283,3283,6,160,880,1182368298716,2007-06-20 19:38:18.716,2006-09-20 00:41:24.265363614,720,275,124,177,144,1
3284,3284,3284,3284,1,2,20,1182392085716,2007-06-21 02:14:45.716,2006-09-20 00:41:31.713796257,18,3,4,4,7,1
3285,3285,3285,3285,1,1,20,1182392356716,2007-06-21 02:19:16.716,2006-09-20 00:41:31.798654594,19,5,4,4,6,1
3286,3286,3286,3286,1,2,20,1182392532716,2007-06-21 02:22:12.716,2006-09-20 00:41:31.853765543,18,7,4,4,3,1
3287,3287,3287,3287,1,3,20,1182392683716,2007-06-21 02:24:43.716,2006-09-20 00:41:31.901048232,17,8,3,3,3,1
3288,3288,3288,3288,1,3,20,1182396650716,2007-06-21 03:30:50.716,2006-09-20 00:41:33.143236499,17,8,2,4,3,1
3289,3289,3289,3289,1,1,20,1182397250716,2007-06-21 03:40:50.716,2006-09-20 00:41:33.331114734,19,6,4,4,5,1
3290,3290,3290,3290,1,1,20,1182397494716,2007-06-21 03:44:54.716,2006-09-20 00:41:33.407518550,19,8,4,4,3,1
3291,3291,3291,3291,1,3,20,1182397638716,2007-06-21 03:47:18.716,2006-09-20 00:41:33.452609326,17,5,4,4,4,1
3292,3292,3292,3292,1,2,20,1182398223716,2007-06-21 03:57:03.716,2006-09-20 00:41:33.635790606,18,7,4,4,3,1
3293,3293,3293,3293,1,2,20,1182398474716,2007-06-21 04:01:14.716,2006-09-20 00:41:33.714386334,18,5,4,4,5,1
3294,3294,3294,3294,1,3,20,1182401595716,2007-06-21 04:53:15.716,2006-09-20 00:41:34.691666289,17,4,4,4,5,1
3295,3295,3295,3295,1,1,20,1182402726716,2007-06-21 05:12:06.716,2006-09-20 00:41:35.045816763,19,5,4,4,6,1
3296,3296,3296,3296,1,2,20,1182403003716,2007-06-21 05:16:43.716,2006-09-20 00:41:35.132553881,18,3,4,4,7,1
3297,3297,3297,3297,1,1,20,1182403410716,2007-06-21 05:23:30.716,2006-09-20 00:41:35.259997951,19,6,4,4,5,1
3298,3298,3298,3298,1,10,100,1182411327716,2007-06-21 07:35:27.716,2006-09-20 00:41:37.739051267,90,29,21,22,18,1
3299,3299,3299,3299,1,17,100,1182411945716,2007-06-21 07:45:45.716,2006-09-20 00:41:37.932565850,83,29,18,20,16,1
3300,3300,3300,3300,1,11,100,1182412533716,2007-06-21 07:55:33.716,2006-09-20 00:41:38.116686520,89,34,16,22,17,1
3301,3301,3301,3301,1,11,60,1182414617716,2007-06-21 08:30:17.716,2006-09-20 00:41:38.769250258,49,19,9,12,9,1
3302,3302,3302,3302,1,10,80,1182415309716,2007-06-21 08:41:49.716,2006-09-20 00:41:38.985936490,70,22,17,17,14,1
3303,3303,3303,3303,1,7,80,1182470539716,2007-06-22 00:02:19.716,2006-09-20 00:41:56.280128060,73,36,14,11,12,1
3304,3304,3304,3304,1,6,80,1182472772716,2007-06-22 00:39:32.716,2006-09-20 00:41:56.979348226,74,28,18,17,11,1
3305,3305,3305,3305,1,8,80,1182474892716,2007-06-22 01:14:52.716,2006-09-20 00:41:57.643184658,72,36,17,13,6,1
3306,3306,3306,3306,1,8,80,1182476359716,2007-06-22 01:39:19.716,2006-09-20 00:41:58.102546944,72,15,18,18,21,1
3307,3307,3307,3307,1,4,80,1182476795716,2007-06-22 01:46:35.716,2006-09-20 00:41:58.239071795,76,27,15,19,15,1
3308,3308,3308,3308,1,8,80,1182477225716,2007-06-22 01:53:45.716,2006-09-20 00:41:58.373717863,72,23,18,18,13,1
3309,3309,3309,3309,1,9,80,1182477231716,2007-06-22 01:53:51.716,2006-09-20 00:41:58.375596646,71,27,14,17,13,1
3310,3310,3310,3310,1,12,80,1182477249716,2007-06-22 01:54:09.716,2006-09-20 00:41:58.381232993,68,21,17,17,13,1
3311,3311,3311,3311,1,11,80,1182477477716,2007-06-22 01:57:57.716,2006-09-20 00:41:58.452626722,69,26,15,16,12,1
3312,3312,3312,3312,1,12,80,1182477927716,2007-06-22 02:05:27.716,2006-09-20 00:41:58.593535399,68,22,16,17,13,1
3313,3313,3313,3313,1,4,90,1182478625716,2007-06-22 02:17:05.716,2006-09-20 00:41:58.812100413,86,27,21,21,17,1
3314,3314,3314,3314,1,7,90,1182479076716,2007-06-22 02:24:36.716,2006-09-20 00:41:58.953322220,83,26,20,20,17,1
3315,3315,3315,3315,1,13,90,1182479489716,2007-06-22 02:31:29.716,2006-09-20 00:41:59.082645072,77,35,12,19,11,1
3316,3316,3316,3316,1,9,80,1182488923716,2007-06-22 05:08:43.716,2006-09-20 00:42:02.036717193,71,20,17,17,17,1
3317,3317,3317,3317,1,3,70,1182489933716,2007-06-22 05:25:33.716,2006-09-20 00:42:02.352978890,67,29,16,14,8,1
3318,3318,3318,3318,1,11,70,1182489984716,2007-06-22 05:26:24.716,2006-09-20 00:42:02.368948540,59,12,14,14,19,1
3319,3319,3319,3319,1,1,10,1182490697716,2007-06-22 05:38:17.716,2006-09-20 00:42:02.592210509,9,4,2,2,1,1
3320,3320,3320,3320,1,1,10,1182491717716,2007-06-22 05:55:17.716,2006-09-20 00:42:02.911603510,9,1,2,2,4,1
3321,3321,3321,3321,1,4,80,1182492194716,2007-06-22 06:03:14.716,2006-09-20 00:42:03.060966707,76,24,19,19,14,1
3322,3322,3322,3322,1,13,80,1182496183716,2007-06-22 07:09:43.716,2006-09-20 00:42:04.310043842,67,23,16,15,13,1
3323,3323,3323,3323,1,11,80,1182497009716,2007-06-22 07:23:29.716,2006-09-20 00:42:04.568689546,69,31,9,16,13,1
3324,3324,3324,3324,1,15,90,1182535159716,2007-06-22 17:59:19.716,2006-09-20 00:42:16.514614015,75,35,17,17,6,1
3325,3325,3325,3325,1,16,100,1182535389716,2007-06-22 18:03:09.716,2006-09-20 00:42:16.586634005,84,31,21,16,16,1
3326,3326,3326,3326,1,17,100,1182535571716,2007-06-22 18:06:11.716,2006-09-20 00:42:16.643623736,83,27,20,20,16,1
3327,3327,3327,3327,1,12,100,1182538146716,2007-06-22 18:49:06.716,2006-09-20 00:42:17.449934497,88,27,22,22,17,1
3328,3328,3328,3328,1,1,10,1182538375716,2007-06-22 18:52:55.716,2006-09-20 00:42:17.521641357,9,3,2,2,2,1
3329,3329,3329,3329,1,10,70,1182553171716,2007-06-22 22:59:31.716,2006-09-20 00:42:22.154718642,60,26,10,14,10,1
3330,3330,3330,3330,1,11,80,1182562861716,2007-06-23 01:41:01.716,2006-09-20 00:42:25.188952144,69,34,6,17,12,1
3331,3331,3331,3331,1,3,20,1182565018716,2007-06-23 02:16:58.716,2006-09-20 00:42:25.864374400,17,5,4,4,4,1
3332,3332,3332,3332,1,6,80,1182568204716,2007-06-23 03:10:04.716,2006-09-20 00:42:26.862007831,74,28,17,18,11,1
3333,3333,3333,3333,1,6,80,1182820880716,2007-06-26 01:21:20.716,2006-09-20 00:43:45.982542852,74,26,17,17,14,1
3334,3334,3334,3334,1,14,80,1182821087716,2007-06-26 01:24:47.716,2006-09-20 00:43:46.047360843,66,29,8,16,13,1
3335,3335,3335,3335,1,12,80,1182822955716,2007-06-26 01:55:55.716,2006-09-20 00:43:46.632288416,68,16,17,17,18,1
3336,3336,3336,3336,1,14,80,1182823675716,2007-06-26 02:07:55.716,2006-09-20 00:43:46.857742299,66,33,11,13,9,1
3337,3337,3337,3337,1,13,80,1182829941716,2007-06-26 03:52:21.716,2006-09-20 00:43:48.819817337,67,28,13,16,10,1
3338,3338,3338,3338,1,11,80,1182830510716,2007-06-26 04:01:50.716,2006-09-20 00:43:48.997988531,69,34,17,16,2,1
3339,3339,3339,3339,6,130,880,1182903200716,2007-06-27 00:13:20.716,2006-09-20 00:44:11.759436752,750,250,185,180,135,1
3340,3340,3340,3340,6,165,900,1182906898716,2007-06-27 01:14:58.716,2006-09-20 00:44:12.917392943,735,160,183,183,209,1
3341,3341,3341,3341,1,10,80,1182908993716,2007-06-27 01:49:53.716,2006-09-20 00:44:13.573401115,70,23,16,17,14,1
3342,3342,3342,3342,1,11,80,1182909504716,2007-06-27 01:58:24.716,2006-09-20 00:44:13.733410745,69,25,17,17,10,1
3343,3343,3343,3343,1,1,20,1182914399716,2007-06-27 03:19:59.716,2006-09-20 00:44:15.266184016,19,7,4,4,4,1
3344,3344,3344,3344,1,1,10,1182916795716,2007-06-27 03:59:55.716,2006-09-20 00:44:16.016444436,9,1,2,2,4,1
3345,3345,3345,3345,1,3,20,1182976159716,2007-06-27 20:29:19.716,2006-09-20 00:44:34.605117048,17,7,3,4,3,1
3346,3346,3346,3346,1,1,20,1182976426716,2007-06-27 20:33:46.716,2006-09-20 00:44:34.688722863,19,9,4,3,3,1
3347,3347,3347,3347,1,1,20,1182989971716,2007-06-28 00:19:31.716,2006-09-20 00:44:38.930074028,19,8,4,4,3,1
3348,3348,3348,3348,1,1,10,1182990210716,2007-06-28 00:23:30.716,2006-09-20 00:44:39.004912191,9,4,2,2,1,1
3349,3349,3349,3349,1,1,20,1182990334716,2007-06-28 00:25:34.716,2006-09-20 00:44:39.043740360,19,5,4,4,6,1
3350,3350,3350,3350,1,3,40,1182990731716,2007-06-28 00:32:11.716,2006-09-20 00:44:39.168053126,37,16,9,9,3,1
3351,3351,3351,3351,1,4,40,1182991211716,2007-06-28 00:40:11.716,2006-09-20 00:44:39.318355714,36,17,9,6,4,1
3352,3352,3352,3352,1,7,40,1182991780716,2007-06-28 00:49:40.716,2006-09-20 00:44:39.496526907,33,9,8,8,8,1
3353,3353,3353,3353,1,10,80,1182992128716,2007-06-28 00:55:28.716,2006-09-20 00:44:39.605496284,70,19,17,17,17,1
3354,3354,3354,3354,1,1,10,1183440293716,2007-07-03 05:24:53.716,2006-09-20 00:46:59.939578579,9,3,2,2,2,1
3355,3355,3355,3355,1,1,10,1183440503716,2007-07-03 05:28:23.716,2006-09-20 00:47:00.005335961,9,4,2,2,1,1
3356,3356,3356,3356,1,1,10,1183440752716,2007-07-03 05:32:32.716,2006-09-20 00:47:00.083305429,9,2,2,2,3,1
3357,3357,3357,3357,1,1,10,1183490481716,2007-07-03 19:21:21.716,2006-09-20 00:47:15.654966711,9,2,2,2,3,1
3358,3358,3358,3358,1,1,10,1183518936716,2007-07-04 03:15:36.716,2006-09-20 00:47:24.565092026,9,4,2,2,1,1
3359,3359,3359,3359,1,1,10,1183519569716,2007-07-04 03:26:09.716,2006-09-20 00:47:24.763303564,9,4,2,2,1,1
3360,3360,3360,3360,1,1,10,1183522557716,2007-07-04 04:15:57.716,2006-09-20 00:47:25.698937176,9,2,2,2,3,1
3361,3361,3361,3361,2,29,330,1183683749716,2007-07-06 01:02:29.716,2006-09-20 00:48:16.173051383,301,128,73,69,31,1
3362,3362,3362,3362,1,12,80,1183685489716,2007-07-06 01:31:29.716,2006-09-20 00:48:16.717898266,68,25,15,17,11,1
3363,3363,3363,3363,1,8,90,1183685633716,2007-07-06 01:33:53.716,2006-09-20 00:48:16.762989042,82,17,20,20,25,1
3364,3364,3364,3364,1,17,90,1183686217716,2007-07-06 01:43:37.716,2006-09-20 00:48:16.945857191,73,26,17,17,13,1
3365,3365,3365,3365,1,1,10,1183687415716,2007-07-06 02:03:35.716,2006-09-20 00:48:17.320987401,9,2,2,2,3,1
3366,3366,3366,3366,1,7,80,1183692039716,2007-07-06 03:20:39.716,2006-09-20 00:48:18.768902336,73,17,18,18,20,1
3367,3367,3367,3367,1,7,80,1183705656716,2007-07-06 07:07:36.716,2006-09-20 00:48:23.032798888,73,35,9,18,11,1
3368,3368,3368,3368,1,6,80,1183707469716,2007-07-06 07:37:49.716,2006-09-20 00:48:23.600504290,74,28,17,15,14,1
3369,3369,3369,3369,1,12,80,1183707859716,2007-07-06 07:44:19.716,2006-09-20 00:48:23.722625143,68,19,17,17,15,1
3370,3370,3370,3370,1,6,80,1183709865716,2007-07-06 08:17:45.716,2006-09-20 00:48:24.350764710,74,32,12,17,13,1
3371,3371,3371,3371,1,13,100,1183759321716,2007-07-06 22:02:01.716,2006-09-20 00:48:39.836941395,87,22,21,21,23,1
3372,3372,3372,3372,1,8,100,1183759464716,2007-07-06 22:04:24.716,2006-09-20 00:48:39.881719041,92,37,22,18,15,1
3373,3373,3373,3373,1,13,90,1183761187716,2007-07-06 22:33:07.716,2006-09-20 00:48:40.421242707,77,23,19,19,16,1
3374,3374,3374,3374,1,15,90,1183761598716,2007-07-06 22:39:58.716,2006-09-20 00:48:40.549939298,75,18,18,18,21,1
3375,3375,3375,3375,1,15,90,1183762373716,2007-07-06 22:52:53.716,2006-09-20 00:48:40.792615352,75,32,11,17,15,1
3376,3376,3376,3376,2,54,330,1183762761716,2007-07-06 22:59:21.716,2006-09-20 00:48:40.914109944,276,74,69,69,64,1
3377,3377,3377,3377,1,2,30,1183763049716,2007-07-06 23:04:09.716,2006-09-20 00:48:41.004291497,28,11,6,6,5,1
3378,3378,3378,3378,4,41,650,1183767802716,2007-07-07 00:23:22.716,2006-09-20 00:48:42.492600252,609,285,72,134,118,1
3379,3379,3379,3379,1,1,10,1183795017716,2007-07-07 07:56:57.716,2006-09-20 00:48:51.014443881,9,1,2,2,4,1
3380,3380,3380,3380,1,1,10,1183795169716,2007-07-07 07:59:29.716,2006-09-20 00:48:51.062039700,9,4,2,2,1,1
3381,3381,3381,3381,1,1,10,1183795446716,2007-07-07 08:04:06.716,2006-09-20 00:48:51.148776819,9,2,2,2,3,1
3382,3382,3382,3382,1,1,10,1183796030716,2007-07-07 08:13:50.716,2006-09-20 00:48:51.331644968,9,1,2,2,4,1
3383,3383,3383,3383,1,1,10,1183865639716,2007-07-08 03:33:59.716,2006-09-20 00:49:13.128338450,9,2,2,2,3,1
3384,3384,3384,3384,1,1,10,1183866859716,2007-07-08 03:54:19.716,2006-09-20 00:49:13.510357529,9,1,2,2,4,1
3385,3385,3385,3385,1,1,10,1183867188716,2007-07-08 03:59:48.716,2006-09-20 00:49:13.613377428,9,2,2,2,3,1
3386,3386,3386,3386,1,1,10,1184124555716,2007-07-11 03:29:15.716,2006-09-20 00:50:34.202807120,9,3,2,2,2,1
3387,3387,3387,3387,1,1,10,1184127567716,2007-07-11 04:19:27.716,2006-09-20 00:50:35.145955862,9,3,2,2,2,1
3388,3388,3388,3388,1,4,80,1184129678716,2007-07-11 04:54:38.716,2006-09-20 00:50:35.806974120,76,18,19,19,20,1
3389,3389,3389,3389,1,12,80,1184132642716,2007-07-11 05:44:02.716,2006-09-20 00:50:36.735092603,68,31,16,10,11,1
3390,3390,3390,3390,1,7,80,1184133381716,2007-07-11 05:56:21.716,2006-09-20 00:50:36.966495963,73,34,9,18,12,1
3391,3391,3391,3391,1,7,40,1184133779716,2007-07-11 06:02:59.716,2006-09-20 00:50:37.091121859,33,10,8,8,7,1
3392,3392,3392,3392,1,7,40,1184134107716,2007-07-11 06:08:27.716,2006-09-20 00:50:37.193828628,33,7,8,8,10,1
3393,3393,3393,3393,1,3,40,1184134291716,2007-07-11 06:11:31.716,2006-09-20 00:50:37.251444620,37,17,7,7,6,1
3394,3394,3394,3394,1,1,10,1184134626716,2007-07-11 06:17:06.716,2006-09-20 00:50:37.356343302,9,2,2,2,3,1
3395,3395,3395,3395,1,15,80,1184134717716,2007-07-11 06:18:37.716,2006-09-20 00:50:37.384838167,65,14,16,16,19,1
3396,3396,3396,3396,1,13,80,1184135468716,2007-07-11 06:31:08.716,2006-09-20 00:50:37.619999092,67,29,16,16,6,1
3397,3397,3397,3397,1,14,80,1184136598716,2007-07-11 06:49:58.716,2006-09-20 00:50:37.973836435,66,28,14,15,9,1
3398,3398,3398,3398,1,6,80,1184207461716,2007-07-12 02:31:01.716,2006-09-20 00:51:00.163195430,74,24,18,18,14,1
3399,3399,3399,3399,1,10,80,1184210671716,2007-07-12 03:24:31.716,2006-09-20 00:51:01.168343989,70,14,17,17,22,1
3400,3400,3400,3400,1,2,40,1184291805716,2007-07-13 01:56:45.716,2006-09-20 00:51:26.573865243,38,17,9,8,4,1
3401,3401,3401,3401,1,5,80,1184297671716,2007-07-13 03:34:31.716,2006-09-20 00:51:28.410688125,75,21,18,18,18,1
3402,3402,3402,3402,1,1,10,1184626070716,2007-07-16 22:47:50.716,2006-09-20 00:53:11.242395848,9,2,2,2,3,1
3403,3403,3403,3403,1,1,10,1184626232716,2007-07-16 22:50:32.716,2006-09-20 00:53:11.293122971,9,3,2,2,2,1
3404,3404,3404,3404,1,1,10,1184626311716,2007-07-16 22:51:51.716,2006-09-20 00:53:11.317860272,9,2,2,2,3,1
3405,3405,3405,3405,1,1,10,1184627514716,2007-07-16 23:11:54.716,2006-09-20 00:53:11.694556134,9,4,2,2,1,1
3406,3406,3406,3406,1,1,10,1184627607716,2007-07-16 23:13:27.716,2006-09-20 00:53:11.723677261,9,3,2,2,2,1
3407,3407,3407,3407,1,1,10,1184627669716,2007-07-16 23:14:29.716,2006-09-20 00:53:11.743091345,9,1,2,2,4,1
3408,3408,3408,3408,1,1,10,1184627999716,2007-07-16 23:19:59.716,2006-09-20 00:53:11.846424375,9,1,2,2,4,1
3409,3409,3409,3409,1,1,10,1184630551716,2007-07-17 00:02:31.716,2006-09-20 00:53:12.645533136,9,3,2,2,2,1
3410,3410,3410,3410,1,1,10,1184630882716,2007-07-17 00:08:02.716,2006-09-20 00:53:12.749179296,9,4,2,2,1,1
3411,3411,3411,3411,1,1,10,1184631359716,2007-07-17 00:15:59.716,2006-09-20 00:53:12.898542493,9,4,2,2,1,1
3412,3412,3412,3412,1,1,10,1184633342716,2007-07-17 00:49:02.716,2006-09-20 00:53:13.519480061,9,1,2,2,4,1
3413,3413,3413,3413,1,1,10,1184633422716,2007-07-17 00:50:22.716,2006-09-20 00:53:13.544530492,9,3,2,2,2,1
3414,3414,3414,3414,1,1,10,1184633548716,2007-07-17 00:52:28.716,2006-09-20 00:53:13.583984922,9,4,2,2,1,1
3415,3415,3415,3415,1,10,80,1184633785716,2007-07-17 00:56:25.716,2006-09-20 00:53:13.658196825,70,34,14,14,8,1
3416,3416,3416,3416,1,7,80,1184634308716,2007-07-17 01:05:08.716,2006-09-20 00:53:13.821964020,73,15,18,18,22,1
3417,3417,3417,3417,1,11,80,1184634631716,2007-07-17 01:10:31.716,2006-09-20 00:53:13.923105137,69,22,17,17,13,1
3418,3418,3418,3418,1,6,80,1184637538716,2007-07-17 01:58:58.716,2006-09-20 00:53:14.833375187,74,37,8,18,11,1
3419,3419,3419,3419,1,4,80,1184638540716,2007-07-17 02:15:40.716,2006-09-20 00:53:15.147131841,76,33,18,17,8,1
3420,3420,3420,3420,1,13,80,1184639236716,2007-07-17 02:27:16.716,2006-09-20 00:53:15.365070594,67,30,10,16,11,1
3421,3421,3421,3421,1,11,80,1184644392716,2007-07-17 03:53:12.716,2006-09-20 00:53:16.979570897,69,22,17,17,13,1
3422,3422,3422,3422,1,13,80,1184648964716,2007-07-17 05:09:24.716,2006-09-20 00:53:18.411203051,67,29,14,12,12,1
3423,3423,3423,3423,1,4,80,1184649822716,2007-07-17 05:23:42.716,2006-09-20 00:53:18.679868927,76,31,12,19,14,1
3424,3424,3424,3424,1,14,80,1184650675716,2007-07-17 05:37:55.716,2006-09-20 00:53:18.946969152,66,32,10,14,10,1
3425,3425,3425,3425,1,11,80,1184651127716,2007-07-17 05:45:27.716,2006-09-20 00:53:19.088504089,69,22,17,17,13,1
3426,3426,3426,3426,1,10,80,1184651759716,2007-07-17 05:55:59.716,2006-09-20 00:53:19.286402497,70,23,17,16,14,1
3427,3427,3427,3427,1,1,10,1184652989716,2007-07-17 06:16:29.716,2006-09-20 00:53:19.671552880,9,1,2,2,4,1
3428,3428,3428,3428,1,3,20,1184659215716,2007-07-17 08:00:15.716,2006-09-20 00:53:21.621102703,17,3,4,4,6,1
3429,3429,3429,3429,1,1,10,1184660323716,2007-07-17 08:18:43.716,2006-09-20 00:53:21.968051178,9,2,2,2,3,1
3430,3430,3430,3430,1,2,20,1184660468716,2007-07-17 08:21:08.716,2006-09-20 00:53:22.013455084,18,4,4,4,6,1
3431,3431,3431,3431,1,3,20,1184660773716,2007-07-17 08:26:13.716,2006-09-20 00:53:22.108959854,17,7,4,4,2,1
3432,3432,3432,3432,1,3,20,1184660977716,2007-07-17 08:29:37.716,2006-09-20 00:53:22.172838454,17,7,4,3,3,1
3433,3433,3433,3433,1,2,20,1184661123716,2007-07-17 08:32:03.716,2006-09-20 00:53:22.218555491,18,6,4,4,4,1
3434,3434,3434,3434,1,1,10,1184726926716,2007-07-18 02:48:46.716,2006-09-20 00:53:42.823474700,9,2,2,2,3,1
3435,3435,3435,3435,1,2,20,1184731196716,2007-07-18 03:59:56.716,2006-09-20 00:53:44.160541476,18,5,4,4,5,1
3436,3436,3436,3436,1,6,80,1184731411716,2007-07-18 04:03:31.716,2006-09-20 00:53:44.227864510,74,22,18,18,16,1
3437,3437,3437,3437,1,1,10,1184741003716,2007-07-18 06:43:23.716,2006-09-20 00:53:47.231411234,9,4,2,2,1,1
3438,3438,3438,3438,1,1,10,1184783195716,2007-07-18 18:26:35.716,2006-09-20 00:54:00.443008748,9,2,2,2,3,1
3439,3439,3439,3439,1,1,10,1184783321716,2007-07-18 18:28:41.716,2006-09-20 00:54:00.482463178,9,4,2,2,1,1
3440,3440,3440,3440,1,1,10,1184783853716,2007-07-18 18:37:33.716,2006-09-20 00:54:00.649048547,9,2,2,2,3,1
3441,3441,3441,3441,1,10,80,1184810798716,2007-07-19 02:06:38.716,2006-09-20 00:54:09.086346969,70,15,17,17,21,1
3442,3442,3442,3442,1,6,80,1184814640716,2007-07-19 03:10:40.716,2006-09-20 00:54:10.289393936,74,25,18,17,14,1
3443,3443,3443,3443,1,3,20,1184815937716,2007-07-19 03:32:17.716,2006-09-20 00:54:10.695524055,17,6,4,4,3,1
3444,3444,3444,3444,1,15,80,1184820672716,2007-07-19 04:51:12.716,2006-09-20 00:54:12.178196463,65,21,16,16,12,1
3445,3445,3445,3445,1,11,80,1184821002716,2007-07-19 04:56:42.716,2006-09-20 00:54:12.281529493,69,14,17,17,21,1
3446,3446,3446,3446,14,343,2010,1184875501716,2007-07-19 20:05:01.716,2006-09-20 00:54:29.346822746,1667,508,413,415,331,6
3447,3447,3447,3447,14,316,2010,1184877040716,2007-07-19 20:30:40.716,2006-09-20 00:54:29.828730420,1694,397,423,423,451,6
3448,3448,3448,3448,6,134,970,1184884375716,2007-07-19 22:32:55.716,2006-09-20 00:54:32.125541848,836,232,209,209,186,1
3449,3449,3449,3449,14,116,2010,1184884547716,2007-07-19 22:35:47.716,2006-09-20 00:54:32.179400275,1894,698,468,385,343,6
3450,3450,3450,3450,14,237,2010,1184888750716,2007-07-19 23:45:50.716,2006-09-20 00:54:33.495487315,1773,761,369,418,225,6
3451,3451,3451,3451,8,190,1260,1184889390716,2007-07-19 23:56:30.716,2006-09-20 00:54:33.695890766,1070,372,230,255,213,2
3452,3452,3452,3452,4,92,610,1184891792716,2007-07-20 00:36:32.716,2006-09-20 00:54:34.448029968,518,131,129,129,129,1
3453,3453,3453,3453,4,64,610,1184893100716,2007-07-20 00:58:20.716,2006-09-20 00:54:34.857604521,546,123,136,136,151,1
3454,3454,3454,3454,4,116,610,1184895856716,2007-07-20 01:44:16.716,2006-09-20 00:54:35.720591883,494,109,123,123,139,1
3455,3455,3455,3455,1,30,410,1184964771716,2007-07-20 20:52:51.716,2006-09-20 00:54:57.299972873,380,176,60,87,57,1
3456,3456,3456,3456,1,12,100,1184980137716,2007-07-21 01:08:57.716,2006-09-20 00:55:02.111534482,88,23,22,22,21,1
3457,3457,3457,3457,1,62,410,1185323796716,2007-07-25 00:36:36.716,2006-09-20 00:56:49.721611992,348,92,87,87,82,1
3458,3458,3458,3458,1,7,50,1185324323716,2007-07-25 00:45:23.716,2006-09-20 00:56:49.886631709,43,12,10,10,11,1
3459,3459,3459,3459,1,1,10,1185327075716,2007-07-25 01:31:15.716,2006-09-20 00:56:50.748366549,9,2,2,2,3,1
3460,3460,3460,3460,1,1,10,1185327432716,2007-07-25 01:37:12.716,2006-09-20 00:56:50.860154099,9,2,2,2,3,1
3461,3461,3461,3461,1,14,200,1185386475716,2007-07-25 18:01:15.716,2006-09-20 00:57:09.348311855,186,50,46,46,44,1
3462,3462,3462,3462,1,59,410,1185387254716,2007-07-25 18:14:14.716,2006-09-20 00:57:09.592240431,351,170,41,83,57,1
3463,3463,3463,3463,1,57,410,1185395986716,2007-07-25 20:39:46.716,2006-09-20 00:57:12.326495017,353,103,88,88,74,1
3464,3464,3464,3464,1,31,410,1185397331716,2007-07-25 21:02:11.716,2006-09-20 00:57:12.747655395,379,132,89,88,70,1
3465,3465,3465,3465,1,63,410,1185406569716,2007-07-25 23:36:09.716,2006-09-20 00:57:15.640353959,347,138,75,78,56,1
3466,3466,3466,3466,1,48,410,1185416207716,2007-07-26 02:16:47.716,2006-09-20 00:57:18.658304681,362,151,84,79,48,1
3467,3467,3467,3467,1,61,410,1185491195716,2007-07-26 23:06:35.716,2006-09-20 00:57:42.139326544,349,164,61,74,50,1
3468,3468,3468,3468,1,71,410,1185491769716,2007-07-26 23:16:09.716,2006-09-20 00:57:42.319063389,339,84,84,84,87,1
3469,3469,3469,3469,1,3,50,1185864618716,2007-07-31 06:50:18.716,2006-09-20 00:59:39.069417052,47,14,11,11,11,1
3470,3470,3470,3470,1,2,50,1185865653716,2007-07-31 07:07:33.716,2006-09-20 00:59:39.393507008,48,11,12,12,13,1
3471,3471,3471,3471,1,8,50,1185870472716,2007-07-31 08:27:52.716,2006-09-20 00:59:40.902482369,42,14,10,10,8,1
3472,3472,3472,3472,1,7,50,1185870880716,2007-07-31 08:34:40.716,2006-09-20 00:59:41.030239569,43,20,7,10,6,1
3473,3473,3473,3473,1,7,50,1185939207716,2007-08-01 03:33:27.716,2006-09-20 01:00:02.425499889,43,12,10,10,11,1
3474,3474,3474,3474,1,17,100,1186013516716,2007-08-02 00:11:56.716,2006-09-20 01:00:25.693906215,83,19,20,20,24,1
3475,3475,3475,3475,1,17,100,1186014431716,2007-08-02 00:27:11.716,2006-09-20 01:00:25.980420524,83,36,18,15,14,1
3476,3476,3476,3476,1,9,50,1186020220716,2007-08-02 02:03:40.716,2006-09-20 01:00:27.793132365,41,14,9,10,8,1
3477,3477,3477,3477,1,10,80,1186023634716,2007-08-02 03:00:34.716,2006-09-20 01:00:28.862159525,70,27,17,15,11,1
3478,3478,3478,3478,1,9,80,1186023884716,2007-08-02 03:04:44.716,2006-09-20 01:00:28.940442123,71,29,11,17,14,1
3479,3479,3479,3479,1,1,10,1186024215716,2007-08-02 03:10:15.716,2006-09-20 01:00:29.044088283,9,1,2,2,4,1
3480,3480,3480,3480,1,1,10,1186025206716,2007-08-02 03:26:46.716,2006-09-20 01:00:29.354400502,9,3,2,2,2,1
3481,3481,3481,3481,1,1,10,1186027467716,2007-08-02 04:04:27.716,2006-09-20 01:00:30.062388319,9,2,2,2,3,1
3482,3482,3482,3482,1,7,80,1186040920716,2007-08-02 07:48:40.716,2006-09-20 01:00:34.274931487,73,20,18,18,17,1
3483,3483,3483,3483,1,15,80,1186041614716,2007-08-02 08:00:14.716,2006-09-20 01:00:34.492243980,65,26,16,13,10,1
3484,3484,3484,3484,1,6,50,1186041908716,2007-08-02 08:05:08.716,2006-09-20 01:00:34.584304315,44,8,11,11,14,1
3485,3485,3485,3485,1,12,90,1186044799716,2007-08-02 08:53:19.716,2006-09-20 01:00:35.489564279,78,23,19,19,17,1
3486,3486,3486,3486,1,4,40,1186099147716,2007-08-02 23:59:07.716,2006-09-20 01:00:52.507574844,36,12,8,9,7,1
3487,3487,3487,3487,1,2,40,1186105216716,2007-08-03 01:40:16.716,2006-09-20 01:00:54.407963195,38,18,5,8,7,1
3488,3488,3488,3488,1,4,90,1186107922716,2007-08-03 02:25:22.716,2006-09-20 01:00:55.255294037,86,29,21,21,15,1
3489,3489,3489,3489,1,1,10,1186108509716,2007-08-03 02:35:09.716,2006-09-20 01:00:55.439101577,9,4,2,2,1,1
3490,3490,3490,3490,1,3,50,1186109778716,2007-08-03 02:56:18.716,2006-09-20 01:00:55.836464045,47,19,9,10,9,1
3491,3491,3491,3491,1,7,50,1186121996716,2007-08-03 06:19:56.716,2006-09-20 01:00:59.662291179,43,18,7,10,8,1
3492,3492,3492,3492,1,9,50,1186123373716,2007-08-03 06:42:53.716,2006-09-20 01:01:00.093471729,41,12,10,10,9,1
3493,3493,3493,3493,1,16,90,1186123861716,2007-08-03 06:51:01.716,2006-09-20 01:01:00.246279361,74,16,18,18,22,1
3494,3494,3494,3494,1,13,90,1186127157716,2007-08-03 07:45:57.716,2006-09-20 01:01:01.278357134,77,31,15,18,13,1
3495,3495,3495,3495,1,7,90,1186128908716,2007-08-03 08:15:08.716,2006-09-20 01:01:01.826648451,83,29,19,20,15,1
3496,3496,3496,3496,1,16,90,1186129269716,2007-08-03 08:21:09.716,2006-09-20 01:01:01.939688522,74,36,13,15,10,1
3497,3497,3497,3497,1,12,70,1186129705716,2007-08-03 08:28:25.716,2006-09-20 01:01:02.076213374,58,13,14,14,17,1
3498,3498,3498,3498,1,5,70,1186130063716,2007-08-03 08:34:23.716,2006-09-20 01:01:02.188314054,65,17,16,16,16,1
3499,3499,3499,3499,1,14,90,1186130233716,2007-08-03 08:37:13.716,2006-09-20 01:01:02.241546221,76,23,19,19,15,1
3500,3500,3500,3500,1,8,90,1186130719716,2007-08-03 08:45:19.716,2006-09-20 01:01:02.393727591,82,21,20,20,21,1
3501,3501,3501,3501,1,15,90,1186130928716,2007-08-03 08:48:48.716,2006-09-20 01:01:02.459171843,75,36,7,17,15,1
3502,3502,3502,3502,1,9,50,1186131195716,2007-08-03 08:53:15.716,2006-09-20 01:01:02.542777658,41,12,10,10,9,1
3503,3503,3503,3503,1,2,50,1186191936716,2007-08-04 01:45:36.716,2006-09-20 01:01:21.562630821,48,20,9,10,9,1
3504,3504,3504,3504,1,16,90,1186192262716,2007-08-04 01:51:02.716,2006-09-20 01:01:21.664711329,74,21,18,18,17,1
3505,3505,3505,3505,1,7,50,1186192657716,2007-08-04 01:57:37.716,2006-09-20 01:01:21.788397834,43,14,10,10,9,1
3506,3506,3506,3506,1,15,80,1186192871716,2007-08-04 02:01:11.716,2006-09-20 01:01:21.855407738,65,13,16,16,20,1
3507,3507,3507,3507,1,9,80,1186193472716,2007-08-04 02:11:12.716,2006-09-20 01:01:22.043599104,71,33,13,13,12,1
3508,3508,3508,3508,1,14,80,1186194349716,2007-08-04 02:25:49.716,2006-09-20 01:01:22.318214458,66,19,16,16,15,1
3509,3509,3509,3509,1,5,90,1186195140716,2007-08-04 02:39:00.716,2006-09-20 01:01:22.565900598,85,31,21,18,15,1
3510,3510,3510,3510,1,5,50,1186451677716,2007-08-07 01:54:37.716,2006-09-20 01:02:42.895432064,45,21,9,7,8,1
3511,3511,3511,3511,1,4,80,1186452000716,2007-08-07 02:00:00.716,2006-09-20 01:02:42.996573181,76,30,14,18,14,1
3512,3512,3512,3512,1,17,90,1186452966716,2007-08-07 02:16:06.716,2006-09-20 01:02:43.299057140,73,16,18,18,21,1
3513,3513,3513,3513,1,15,90,1186475676716,2007-08-07 08:34:36.716,2006-09-20 01:02:50.410248351,75,15,18,18,24,1
3514,3514,3514,3514,1,16,90,1186646582716,2007-08-09 08:03:02.716,2006-09-20 01:03:43.926111189,74,34,8,18,14,1
3515,3515,3515,3515,1,17,90,1186647240716,2007-08-09 08:14:00.716,2006-09-20 01:03:44.132150987,73,30,12,17,14,1
3516,3516,3516,3516,1,5,90,1186647397716,2007-08-09 08:16:37.716,2006-09-20 01:03:44.181312458,85,36,16,20,13,1
3517,3517,3517,3517,1,7,70,1187056637716,2007-08-14 01:57:17.716,2006-09-20 01:05:52.326794230,63,27,11,13,12,1
3518,3518,3518,3518,1,2,40,1187657014716,2007-08-21 00:43:34.716,2006-09-20 01:09:00.323079808,38,9,9,9,11,1
3519,3519,3519,3519,1,3,40,1187659039716,2007-08-21 01:17:19.716,2006-09-20 01:09:00.957168853,37,18,5,7,7,1
3520,3520,3520,3520,1,8,100,1187662643716,2007-08-21 02:17:23.716,2006-09-20 01:09:02.085690787,92,44,18,23,7,1
3521,3521,3521,3521,1,6,50,1189475090716,2007-09-11 01:44:50.716,2006-09-20 01:18:29.617931040,44,11,11,11,11,1
3522,3522,3522,3522,1,1,10,1191613434716,2007-10-05 19:43:54.716,2006-09-20 01:29:39.198426774,9,1,2,2,4,1
3523,3523,3523,3523,1,6,100,1192129116716,2007-10-11 18:58:36.716,2006-09-20 01:32:20.674133770,94,37,16,23,18,1
3524,3524,3524,3524,1,1,10,1192215890716,2007-10-12 19:04:50.716,2006-09-20 01:32:47.845710437,9,3,2,2,2,1
3525,3525,3525,3525,1,1,10,1192216035716,2007-10-12 19:07:15.716,2006-09-20 01:32:47.891114344,9,4,2,2,1,1
3526,3526,3526,3526,1,1,10,1192216820716,2007-10-12 19:20:20.716,2006-09-20 01:32:48.136921702,9,3,2,2,2,1
3527,3527,3527,3527,1,31,190,1192217219716,2007-10-12 19:26:59.716,2006-09-20 01:32:48.261860729,159,49,39,39,32,1
3528,3528,3528,3528,1,1,10,1192224113716,2007-10-12 21:21:53.716,2006-09-20 01:32:50.420581654,9,2,2,2,3,1
3529,3529,3529,3529,1,1,10,1192224256716,2007-10-12 21:24:16.716,2006-09-20 01:32:50.465359300,9,3,2,2,2,1
3530,3530,3530,3530,1,1,10,1192224534716,2007-10-12 21:28:54.716,2006-09-20 01:32:50.552409549,9,1,2,2,4,1
3531,3531,3531,3531,1,1,10,1192225072716,2007-10-12 21:37:52.716,2006-09-20 01:32:50.720873700,9,3,2,2,2,1
3532,3532,3532,3532,1,1,10,1192233248716,2007-10-12 23:54:08.716,2006-09-20 01:32:53.281027788,9,1,2,2,4,1
3533,3533,3533,3533,1,1,10,1192487292716,2007-10-15 22:28:12.716,2006-09-20 01:34:12.829925186,9,1,2,2,4,1
3534,3534,3534,3534,1,1,10,1192487591716,2007-10-15 22:33:11.716,2006-09-20 01:34:12.923551174,9,4,2,2,1,1
3535,3535,3535,3535,1,1,10,1192487966716,2007-10-15 22:39:26.716,2006-09-20 01:34:13.040975071,9,1,2,2,4,1
3536,3536,3536,3536,1,1,10,1192753256716,2007-10-19 00:20:56.716,2006-09-20 01:35:36.111336862,9,2,2,2,3,1
3537,3537,3537,3537,1,1,10,1192755083716,2007-10-19 00:51:23.716,2006-09-20 01:35:36.683426089,9,4,2,2,1,1
3538,3538,3538,3538,1,1,10,1192755167716,2007-10-19 00:52:47.716,2006-09-20 01:35:36.709729042,9,4,2,2,1,1
3539,3539,3539,3539,1,1,10,1192755324716,2007-10-19 00:55:24.716,2006-09-20 01:35:36.758890513,9,3,2,2,2,1
3540,3540,3540,3540,1,1,10,1192811666716,2007-10-19 16:34:26.716,2006-09-20 01:35:54.401283080,9,1,2,2,4,1
3541,3541,3541,3541,1,1,10,1192863572716,2007-10-20 06:59:32.716,2006-09-20 01:36:10.654629226,9,1,2,2,4,1
3542,3542,3542,3542,1,1,10,1192864764716,2007-10-20 07:19:24.716,2006-09-20 01:36:11.027880654,9,2,2,2,3,1
3543,3543,3543,3543,1,1,10,1192865333716,2007-10-20 07:28:53.716,2006-09-20 01:36:11.206051847,9,3,2,2,2,1
3544,3544,3544,3544,1,1,10,1192865380716,2007-10-20 07:29:40.716,2006-09-20 01:36:11.220768975,9,3,2,2,2,1
3545,3545,3545,3545,1,1,10,1192904674716,2007-10-20 18:24:34.716,2006-09-20 01:36:23.524914613,9,4,2,2,1,1
3546,3546,3546,3546,1,1,20,1192904819716,2007-10-20 18:26:59.716,2006-09-20 01:36:23.570318520,19,6,4,4,5,1
3547,3547,3547,3547,1,1,10,1192932148716,2007-10-21 02:02:28.716,2006-09-20 01:36:32.127859013,9,4,2,2,1,1
3548,3548,3548,3548,1,1,10,1192933236716,2007-10-21 02:20:36.716,2006-09-20 01:36:32.468544880,9,2,2,2,3,1
3549,3549,3549,3549,1,1,10,1192983933716,2007-10-21 16:25:33.716,2006-09-20 01:36:48.343316382,9,2,2,2,3,1
3550,3550,3550,3550,1,5,30,1193195884716,2007-10-24 03:18:04.716,2006-09-20 01:37:54.711616174,25,12,4,5,4,1
3551,3551,3551,3551,1,2,30,1193195898716,2007-10-24 03:18:18.716,2006-09-20 01:37:54.716000000,28,11,7,5,5,1
