Unnamed: 0;max_concurrent_tasks;aggregation_queries_count;total_queries_count;ts_submit;ts_submit_dt;ts_submit_dt2;standard_queries_count;first_name_queries_count;last_name_queries_count;country_queries_count;other_queries_count
0;1;10;10;1158705474716;2006-09-19 22:37:54.716;2006-09-19 22:37:54.716000000;0;0;0;0;0
1;1;20;20;1158706766716;2006-09-19 22:59:26.716;2006-09-19 22:37:55.120564466;0;0;0;0;0
2;2;20;670;1158707924716;2006-09-19 23:18:44.716;2006-09-19 22:37:55.483169461;650;232;154;148;116
3;1;10;10;1158710610716;2006-09-20 00:03:30.716;2006-09-19 22:37:56.324237695;0;0;0;0;0
4;1;10;10;1158711688716;2006-09-20 00:21:28.716;2006-09-19 22:37:56.661792258;0;0;0;0;0
5;1;40;110;1158713930716;2006-09-20 00:58:50.716;2006-09-19 22:37:57.363830597;70;24;15;17;14
6;1;40;110;1158714436716;2006-09-20 01:07:16.716;2006-09-19 22:37:57.522274576;70;34;11;12;13
7;1;50;410;1158715519716;2006-09-20 01:25:19.716;2006-09-19 22:37:57.861394791;360;154;66;78;62
8;1;50;110;1158716678716;2006-09-20 01:44:38.716;2006-09-19 22:37:58.224312916;60;22;15;14;9
9;1;20;20;1158788582716;2006-09-20 21:43:02.716;2006-09-19 22:38:20.739640648;0;0;0;0;0
10;1;10;10;1158791971716;2006-09-20 22:39:31.716;2006-09-19 22:38:21.800839548;0;0;0;0;0
11;1;20;20;1158792853716;2006-09-20 22:54:13.716;2006-09-19 22:38:22.077020554;0;0;0;0;0
12;1;10;20;1158796498716;2006-09-20 23:54:58.716;2006-09-19 22:38:23.218380834;10;5;2;1;2
13;1;20;20;1158800741716;2006-09-21 01:05:41.716;2006-09-19 22:38:24.546993089;0;0;0;0;0
14;1;20;20;1158802331716;2006-09-21 01:32:11.716;2006-09-19 22:38:25.044870413;0;0;0;0;0
15;1;20;20;1158805470716;2006-09-21 02:24:30.716;2006-09-19 22:38:26.027786715;0;0;0;0;0
16;1;20;20;1158809246716;2006-09-21 03:27:26.716;2006-09-19 22:38:27.210167076;0;0;0;0;0
17;1;20;20;1158818369716;2006-09-21 05:59:29.716;2006-09-19 22:38:30.066855646;0;0;0;0;0
18;1;20;20;1158860285716;2006-09-21 17:38:05.716;2006-09-19 22:38:43.192029172;0;0;0;0;0
19;1;20;20;1158872601716;2006-09-21 21:03:21.716;2006-09-19 22:38:47.048543085;0;0;0;0;0
20;1;20;20;1158873525716;2006-09-21 21:18:45.716;2006-09-19 22:38:47.337875567;0;0;0;0;0
21;1;20;20;1158874621716;2006-09-21 21:37:01.716;2006-09-19 22:38:47.681066477;0;0;0;0;0
22;1;10;10;1158876993716;2006-09-21 22:16:33.716;2006-09-19 22:38:48.423811768;0;0;0;0;0
23;1;10;10;1158975004716;2006-09-23 01:30:04.716;2006-09-19 22:39:19.114034654;0;0;0;0;0
24;1;10;20;1158975068716;2006-09-23 01:31:08.716;2006-09-19 22:39:19.134074999;10;3;2;2;3
25;1;30;400;1159230626716;2006-09-26 00:30:26.716;2006-09-19 22:40:39.157051811;370;126;79;92;73
26;1;50;410;1159230987716;2006-09-26 00:36:27.716;2006-09-19 22:40:39.270091883;360;179;48;66;67
27;2;20;660;1159296461716;2006-09-26 18:47:41.716;2006-09-19 22:40:59.771991193;640;257;158;156;69
28;2;50;1330;1159300075716;2006-09-26 19:47:55.716;2006-09-19 22:41:00.903644431;1280;532;229;284;235
29;5;50;2950;1159305652716;2006-09-26 21:20:52.716;2006-09-19 22:41:02.649972629;2900;832;725;725;618
30;1;20;100;1159313258716;2006-09-26 23:27:38.716;2006-09-19 22:41:05.031642393;80;27;17;20;16
31;1;40;100;1159314736716;2006-09-26 23:52:16.716;2006-09-19 22:41:05.494449113;60;28;15;15;2
32;1;20;60;1159314931716;2006-09-26 23:55:31.716;2006-09-19 22:41:05.555509540;40;17;8;10;5
33;1;10;10;1159316836716;2006-09-27 00:27:16.716;2006-09-19 22:41:06.152022937;0;0;0;0;0
34;1;10;10;1159321892716;2006-09-27 01:51:32.716;2006-09-19 22:41:07.735210201;0;0;0;0;0
35;1;20;20;1159322663716;2006-09-27 02:04:23.716;2006-09-19 22:41:07.976633734;0;0;0;0;0
36;1;20;20;1159323697716;2006-09-27 02:21:37.716;2006-09-19 22:41:08.300410559;0;0;0;0;0
37;1;20;20;1159381749716;2006-09-27 18:29:09.716;2006-09-19 22:41:26.478256097;0;0;0;0;0
38;1;10;10;1159383277716;2006-09-27 18:54:37.716;2006-09-19 22:41:26.956719337;0;0;0;0;0
39;1;20;20;1159383444716;2006-09-27 18:57:24.716;2006-09-19 22:41:27.009012112;0;0;0;0;0
40;1;20;20;1159383700716;2006-09-27 19:01:40.716;2006-09-19 22:41:27.089173493;0;0;0;0;0
41;1;20;20;1159384139716;2006-09-27 19:08:59.716;2006-09-19 22:41:27.226637735;0;0;0;0;0
42;1;20;20;1159384351716;2006-09-27 19:12:31.716;2006-09-19 22:41:27.293021378;0;0;0;0;0
43;1;20;20;1159384590716;2006-09-27 19:16:30.716;2006-09-19 22:41:27.367859542;0;0;0;0;0
44;1;10;10;1159384742716;2006-09-27 19:19:02.716;2006-09-19 22:41:27.415455361;0;0;0;0;0
45;1;10;10;1159385146716;2006-09-27 19:25:46.716;2006-09-19 22:41:27.541960040;0;0;0;0;0
46;1;20;20;1159385533716;2006-09-27 19:32:13.716;2006-09-19 22:41:27.663141502;0;0;0;0;0
47;1;20;20;1159389682716;2006-09-27 20:41:22.716;2006-09-19 22:41:28.962319500;0;0;0;0;0
48;1;20;20;1159389959716;2006-09-27 20:45:59.716;2006-09-19 22:41:29.049056618;0;0;0;0;0
49;1;10;10;1159390425716;2006-09-27 20:53:45.716;2006-09-19 22:41:29.194975381;0;0;0;0;0
50;1;10;10;1159390638716;2006-09-27 20:57:18.716;2006-09-19 22:41:29.261672155;0;0;0;0;0
51;1;10;10;1159390847716;2006-09-27 21:00:47.716;2006-09-19 22:41:29.327116407;0;0;0;0;0
52;1;20;20;1159391071716;2006-09-27 21:04:31.716;2006-09-19 22:41:29.397257615;0;0;0;0;0
53;1;20;20;1159391856716;2006-09-27 21:17:36.716;2006-09-19 22:41:29.643064973;0;0;0;0;0
54;1;20;20;1159394259716;2006-09-27 21:57:39.716;2006-09-19 22:41:30.395517306;0;0;0;0;0
55;1;20;20;1159394756716;2006-09-27 22:05:56.716;2006-09-19 22:41:30.551143111;0;0;0;0;0
56;1;20;20;1159395139716;2006-09-27 22:12:19.716;2006-09-19 22:41:30.671072051;0;0;0;0;0
57;1;10;10;1159396201716;2006-09-27 22:30:01.716;2006-09-19 22:41:31.003616527;0;0;0;0;0
58;1;10;10;1159396286716;2006-09-27 22:31:26.716;2006-09-19 22:41:31.030232611;0;0;0;0;0
59;1;10;10;1159397058716;2006-09-27 22:44:18.716;2006-09-19 22:41:31.271969274;0;0;0;0;0
60;1;10;10;1159473907716;2006-09-28 20:05:07.716;2006-09-19 22:41:55.335726797;0;0;0;0;0
61;1;10;10;1159473981716;2006-09-28 20:06:21.716;2006-09-19 22:41:55.358898446;0;0;0;0;0
62;1;10;10;1159474295716;2006-09-28 20:11:35.716;2006-09-19 22:41:55.457221389;0;0;0;0;0
63;1;20;20;1159481923716;2006-09-28 22:18:43.716;2006-09-19 22:41:57.845780022;0;0;0;0;0
64;1;10;10;1159486844716;2006-09-28 23:40:44.716;2006-09-19 22:41:59.386694683;0;0;0;0;0
65;1;10;10;1159486908716;2006-09-28 23:41:48.716;2006-09-19 22:41:59.406735028;0;0;0;0;0
66;1;10;10;1159488026716;2006-09-29 00:00:26.716;2006-09-19 22:41:59.756814807;0;0;0;0;0
67;1;20;20;1159489659716;2006-09-29 00:27:39.716;2006-09-19 22:42:00.268156737;0;0;0;0;0
68;1;10;10;1159489813716;2006-09-29 00:30:13.716;2006-09-19 22:42:00.316378818;0;0;0;0;0
69;1;20;20;1159489834716;2006-09-29 00:30:34.716;2006-09-19 22:42:00.322954556;0;0;0;0;0
70;1;10;10;1159489868716;2006-09-29 00:31:08.716;2006-09-19 22:42:00.333600989;0;0;0;0;0
71;1;20;20;1159491286716;2006-09-29 00:54:46.716;2006-09-19 22:42:00.777619886;0;0;0;0;0
72;1;10;10;1159492851716;2006-09-29 01:20:51.716;2006-09-19 22:42:01.267668950;0;0;0;0;0
73;1;50;110;1159492911716;2006-09-29 01:21:51.716;2006-09-19 22:42:01.286456773;60;27;8;15;10
74;4;50;2350;1159493418716;2006-09-29 01:30:18.716;2006-09-19 22:42:01.445213882;2300;703;570;569;458
75;1;10;10;1159493524716;2006-09-29 01:32:04.716;2006-09-19 22:42:01.478405704;0;0;0;0;0
76;4;50;2350;1159494988716;2006-09-29 01:56:28.716;2006-09-19 22:42:01.936828598;2300;944;371;531;454
77;4;50;2350;1159550716716;2006-09-29 17:25:16.716;2006-09-19 22:42:19.386959104;2300;480;575;575;670
78;1;30;370;1159556254716;2006-09-29 18:57:34.716;2006-09-19 22:42:21.121075217;340;140;85;64;51
79;1;20;20;1159558058716;2006-09-29 19:27:38.716;2006-09-19 22:42:21.685962445;0;0;0;0;0
80;3;20;970;1159560254716;2006-09-29 20:04:14.716;2006-09-19 22:42:22.373596786;950;278;237;237;198
81;1;10;20;1159562840716;2006-09-29 20:47:20.716;2006-09-19 22:42:23.183351981;10;5;2;2;1
82;1;10;10;1159573510716;2006-09-29 23:45:10.716;2006-09-19 22:42:26.524453268;0;0;0;0;0
83;1;20;60;1159574743716;2006-09-30 00:05:43.716;2006-09-19 22:42:26.910543041;40;17;5;10;8
84;4;50;2350;1159576364716;2006-09-30 00:32:44.716;2006-09-19 22:42:27.418127407;2300;805;512;524;459
85;1;10;20;1159578773716;2006-09-30 01:12:53.716;2006-09-19 22:42:28.172458523;10;5;2;1;2
86;1;20;100;1159578982716;2006-09-30 01:16:22.716;2006-09-19 22:42:28.237902775;80;22;20;20;18
87;1;10;10;1159579756716;2006-09-30 01:29:16.716;2006-09-19 22:42:28.480265698;0;0;0;0;0
88;1;50;390;1159581133716;2006-09-30 01:52:13.716;2006-09-19 22:42:28.911446249;340;111;83;84;62
89;1;30;410;1159811059716;2006-10-02 17:44:19.716;2006-09-19 22:43:40.908264844;380;110;95;95;80
90;6;20;1710;1159811515716;2006-10-02 17:51:55.716;2006-09-19 22:43:41.051052303;1690;543;403;409;335
91;1;10;10;1159815549716;2006-10-02 18:59:09.716;2006-09-19 22:43:42.314220306;0;0;0;0;0
92;1;30;410;1159815654716;2006-10-02 19:00:54.716;2006-09-19 22:43:42.347098997;380;125;91;91;73
93;1;10;10;1159815836716;2006-10-02 19:03:56.716;2006-09-19 22:43:42.404088728;0;0;0;0;0
94;1;20;20;1159816208716;2006-10-02 19:10:08.716;2006-09-19 22:43:42.520573234;0;0;0;0;0
95;1;20;20;1159816592716;2006-10-02 19:16:32.716;2006-09-19 22:43:42.640815305;0;0;0;0;0
96;1;20;20;1159816924716;2006-10-02 19:22:04.716;2006-09-19 22:43:42.744774595;0;0;0;0;0
97;1;10;10;1159817259716;2006-10-02 19:27:39.716;2006-09-19 22:43:42.849673276;0;0;0;0;0
98;1;10;10;1159817433716;2006-10-02 19:30:33.716;2006-09-19 22:43:42.904157965;0;0;0;0;0
99;7;20;2060;1159818473716;2006-10-02 19:47:53.716;2006-09-19 22:43:43.229813573;2040;409;510;510;611
100;1;20;20;1159819830716;2006-10-02 20:10:30.716;2006-09-19 22:43:43.654731515;0;0;0;0;0
101;1;20;20;1159820002716;2006-10-02 20:13:22.716;2006-09-19 22:43:43.708589943;0;0;0;0;0
102;1;20;20;1159820214716;2006-10-02 20:16:54.716;2006-09-19 22:43:43.774973586;0;0;0;0;0
103;1;10;10;1159820627716;2006-10-02 20:23:47.716;2006-09-19 22:43:43.904296438;0;0;0;0;0
104;1;10;10;1159832513716;2006-10-02 23:41:53.716;2006-09-19 22:43:47.626164282;0;0;0;0;0
105;1;10;20;1159837754716;2006-10-03 01:09:14.716;2006-09-19 22:43:49.267280668;10;3;2;2;3
106;1;10;10;1159840320716;2006-10-03 01:52:00.716;2006-09-19 22:43:50.070773255;0;0;0;0;0
107;1;10;10;1159840428716;2006-10-03 01:53:48.716;2006-09-19 22:43:50.104591337;0;0;0;0;0
108;1;10;10;1159841885716;2006-10-03 02:18:05.716;2006-09-19 22:43:50.560822319;0;0;0;0;0
109;1;10;10;1159842665716;2006-10-03 02:31:05.716;2006-09-19 22:43:50.805064025;0;0;0;0;0
110;1;10;10;1159904979716;2006-10-03 19:49:39.716;2006-09-19 22:44:10.317471295;0;0;0;0;0
111;1;20;20;1159907163716;2006-10-03 20:26:03.716;2006-09-19 22:44:11.001348072;0;0;0;0;0
112;1;20;20;1159907592716;2006-10-03 20:33:12.716;2006-09-19 22:44:11.135681010;0;0;0;0;0
113;1;10;10;1159909127716;2006-10-03 20:58:47.716;2006-09-19 22:44:11.616336162;0;0;0;0;0
114;1;10;10;1159909327716;2006-10-03 21:02:07.716;2006-09-19 22:44:11.678962241;0;0;0;0;0
115;1;20;20;1159910044716;2006-10-03 21:14:04.716;2006-09-19 22:44:11.903476732;0;0;0;0;0
116;1;10;10;1159912187716;2006-10-03 21:49:47.716;2006-09-19 22:44:12.574515163;0;0;0;0;0
117;1;10;10;1159912770716;2006-10-03 21:59:30.716;2006-09-19 22:44:12.757070182;0;0;0;0;0
118;1;10;10;1159915296716;2006-10-03 22:41:36.716;2006-09-19 22:44:13.548037553;0;0;0;0;0
119;3;20;810;1159916135716;2006-10-03 22:55:35.716;2006-09-19 22:44:13.810753952;790;291;197;185;117
120;1;10;10;1159918173716;2006-10-03 23:29:33.716;2006-09-19 22:44:14.448913692;0;0;0;0;0
121;3;20;790;1159919683716;2006-10-03 23:54:43.716;2006-09-19 22:44:14.921740584;770;157;192;192;229
122;1;10;10;1159921566716;2006-10-04 00:26:06.716;2006-09-19 22:44:15.511365113;0;0;0;0;0
123;1;10;10;1159922942716;2006-10-04 00:49:02.716;2006-09-19 22:44:15.942232533;0;0;0;0;0
124;1;10;10;1159923251716;2006-10-04 00:54:11.716;2006-09-19 22:44:16.038989824;0;0;0;0;0
125;1;10;10;1159925165716;2006-10-04 01:26:05.716;2006-09-19 22:44:16.638321395;0;0;0;0;0
126;1;10;10;1159925240716;2006-10-04 01:27:20.716;2006-09-19 22:44:16.661806175;0;0;0;0;0
127;1;10;10;1159925790716;2006-10-04 01:36:30.716;2006-09-19 22:44:16.834027890;0;0;0;0;0
128;1;10;10;1159940496716;2006-10-04 05:41:36.716;2006-09-19 22:44:21.438923441;0;0;0;0;0
129;1;10;20;1159941362716;2006-10-04 05:56:02.716;2006-09-19 22:44:21.710094360;10;3;2;2;3
130;1;10;10;1159985916716;2006-10-04 18:18:36.716;2006-09-19 22:44:35.661305862;0;0;0;0;0
131;1;10;10;1159987291716;2006-10-04 18:41:31.716;2006-09-19 22:44:36.091860151;0;0;0;0;0
132;1;30;40;1159987647716;2006-10-04 18:47:27.716;2006-09-19 22:44:36.203334571;10;2;2;2;4
133;1;30;40;1159988156716;2006-10-04 18:55:56.716;2006-09-19 22:44:36.362717941;10;4;2;2;2
134;1;10;10;1159988953716;2006-10-04 19:09:13.716;2006-09-19 22:44:36.612282863;0;0;0;0;0
135;1;50;110;1159989135716;2006-10-04 19:12:15.716;2006-09-19 22:44:36.669272595;60;29;13;7;11
136;1;40;110;1159989875716;2006-10-04 19:24:35.716;2006-09-19 22:44:36.900989085;70;23;17;17;13
137;1;50;110;1159990360716;2006-10-04 19:32:40.716;2006-09-19 22:44:37.052857325;60;25;14;15;6
138;1;10;50;1159992590716;2006-10-04 20:09:50.716;2006-09-19 22:44:37.751138100;40;15;8;9;8
139;1;10;10;1159994002716;2006-10-04 20:33:22.716;2006-09-19 22:44:38.193278214;0;0;0;0;0
140;1;10;10;1159994814716;2006-10-04 20:46:54.716;2006-09-19 22:44:38.447540093;0;0;0;0;0
141;1;50;110;1159996566716;2006-10-04 21:16:06.716;2006-09-19 22:44:38.996144540;60;19;14;15;12
142;1;50;50;1159997468716;2006-10-04 21:31:08.716;2006-09-19 22:44:39.278588154;0;0;0;0;0
143;1;50;110;1160000161716;2006-10-04 22:16:01.716;2006-09-19 22:44:40.121848301;60;27;7;14;12
144;1;50;50;1160000426716;2006-10-04 22:20:26.716;2006-09-19 22:44:40.204827855;0;0;0;0;0
145;1;100;220;1160000499716;2006-10-04 22:21:39.716;2006-09-19 22:44:40.227686374;120;47;28;29;16
146;1;10;10;1160000709716;2006-10-04 22:25:09.716;2006-09-19 22:44:40.293443756;0;0;0;0;0
147;1;50;110;1160000859716;2006-10-04 22:27:39.716;2006-09-19 22:44:40.340413315;60;24;9;15;12
148;1;10;10;1160001258716;2006-10-04 22:34:18.716;2006-09-19 22:44:40.465352341;0;0;0;0;0
149;1;10;10;1160001538716;2006-10-04 22:38:58.716;2006-09-19 22:44:40.553028851;0;0;0;0;0
150;1;10;10;1160001579716;2006-10-04 22:39:39.716;2006-09-19 22:44:40.565867197;0;0;0;0;0
151;1;10;10;1160001632716;2006-10-04 22:40:32.716;2006-09-19 22:44:40.582463108;0;0;0;0;0
152;1;10;10;1160002910716;2006-10-04 23:01:50.716;2006-09-19 22:44:40.982643750;0;0;0;0;0
153;1;50;110;1160003343716;2006-10-04 23:09:03.716;2006-09-19 22:44:41.118229210;60;26;7;15;12
154;1;10;10;1160003787716;2006-10-04 23:16:27.716;2006-09-19 22:44:41.257259104;0;0;0;0;0
155;1;10;10;1160005190716;2006-10-04 23:39:50.716;2006-09-19 22:44:41.696581044;0;0;0;0;0
156;1;10;10;1160005493716;2006-10-04 23:44:53.716;2006-09-19 22:44:41.791459553;0;0;0;0;0
157;1;10;10;1160005596716;2006-10-04 23:46:36.716;2006-09-19 22:44:41.823711984;0;0;0;0;0
158;1;10;20;1160008462716;2006-10-05 00:34:22.716;2006-09-19 22:44:42.721143688;10;2;2;2;4
159;1;10;10;1160010287716;2006-10-05 01:04:47.716;2006-09-19 22:44:43.292606654;0;0;0;0;0
160;1;10;10;1160010372716;2006-10-05 01:06:12.716;2006-09-19 22:44:43.319222737;0;0;0;0;0
161;1;50;110;1160010946716;2006-10-05 01:15:46.716;2006-09-19 22:44:43.498959583;60;18;15;15;12
162;1;10;10;1160011188716;2006-10-05 01:19:48.716;2006-09-19 22:44:43.574737138;0;0;0;0;0
163;1;10;10;1160011874716;2006-10-05 01:31:14.716;2006-09-19 22:44:43.789544587;0;0;0;0;0
164;1;10;10;1160012502716;2006-10-05 01:41:42.716;2006-09-19 22:44:43.986190473;0;0;0;0;0
165;1;10;10;1160013296716;2006-10-05 01:54:56.716;2006-09-19 22:44:44.234816005;0;0;0;0;0
166;1;10;10;1160013428716;2006-10-05 01:57:08.716;2006-09-19 22:44:44.276149217;0;0;0;0;0
167;1;10;10;1160013501716;2006-10-05 01:58:21.716;2006-09-19 22:44:44.299007735;0;0;0;0;0
168;1;50;110;1160013575716;2006-10-05 01:59:35.716;2006-09-19 22:44:44.322179384;60;20;13;15;12
169;1;50;110;1160013860716;2006-10-05 02:04:20.716;2006-09-19 22:44:44.411421546;60;23;12;15;10
170;1;10;10;1160037124716;2006-10-05 08:32:04.716;2006-09-19 22:44:51.696086994;0;0;0;0;0
171;1;10;50;1160037167716;2006-10-05 08:32:47.716;2006-09-19 22:44:51.709551601;40;8;10;10;12
172;1;10;250;1160037281716;2006-10-05 08:34:41.716;2006-09-19 22:44:51.745248466;240;55;60;60;65
173;1;130;610;1160038140716;2006-10-05 08:49:00.716;2006-09-19 22:44:52.014227473;480;128;120;120;112
174;1;10;10;1160072660716;2006-10-05 18:24:20.716;2006-09-19 22:45:02.823488617;0;0;0;0;0
175;1;50;110;1160074010716;2006-10-05 18:46:50.716;2006-09-19 22:45:03.246214647;60;16;15;15;14
176;1;10;10;1160076483716;2006-10-05 19:28:03.716;2006-09-19 22:45:04.020586107;0;0;0;0;0
177;1;130;610;1160090983716;2006-10-05 23:29:43.716;2006-09-19 22:45:08.560976797;480;136;120;120;104
178;1;10;10;1160092149716;2006-10-05 23:49:09.716;2006-09-19 22:45:08.926086834;0;0;0;0;0
179;1;10;10;1160092166716;2006-10-05 23:49:26.716;2006-09-19 22:45:08.931410051;0;0;0;0;0
180;1;50;50;1160092321716;2006-10-05 23:52:01.716;2006-09-19 22:45:08.979945262;0;0;0;0;0
181;1;20;20;1160092477716;2006-10-05 23:54:37.716;2006-09-19 22:45:09.028793603;0;0;0;0;0
182;1;50;110;1160092976716;2006-10-06 00:02:56.716;2006-09-19 22:45:09.185045669;60;18;15;15;12
183;1;130;610;1160093142716;2006-10-06 00:05:42.716;2006-09-19 22:45:09.237025314;480;167;108;110;95
184;1;50;110;1160093539716;2006-10-06 00:12:19.716;2006-09-19 22:45:09.361338079;60;12;15;15;18
185;1;50;110;1160094627716;2006-10-06 00:30:27.716;2006-09-19 22:45:09.702023946;60;27;12;15;6
186;1;10;20;1160095173716;2006-10-06 00:39:33.716;2006-09-19 22:45:09.872993141;10;3;2;2;3
187;1;10;10;1160095359716;2006-10-06 00:42:39.716;2006-09-19 22:45:09.931235394;0;0;0;0;0
188;1;10;10;1160095513716;2006-10-06 00:45:13.716;2006-09-19 22:45:09.979457474;0;0;0;0;0
189;1;10;10;1160095989716;2006-10-06 00:53:09.716;2006-09-19 22:45:10.128507541;0;0;0;0;0
190;1;10;10;1160096048716;2006-10-06 00:54:08.716;2006-09-19 22:45:10.146982234;0;0;0;0;0
191;1;10;10;1160096132716;2006-10-06 00:55:32.716;2006-09-19 22:45:10.173285187;0;0;0;0;0
192;1;10;10;1160096252716;2006-10-06 00:57:32.716;2006-09-19 22:45:10.210860834;0;0;0;0;0
193;1;10;10;1160096304716;2006-10-06 00:58:24.716;2006-09-19 22:45:10.227143614;0;0;0;0;0
194;1;10;10;1160096950716;2006-10-06 01:09:10.716;2006-09-19 22:45:10.429425848;0;0;0;0;0
195;1;10;10;1160097102716;2006-10-06 01:11:42.716;2006-09-19 22:45:10.477021667;0;0;0;0;0
196;1;10;10;1160097750716;2006-10-06 01:22:30.716;2006-09-19 22:45:10.679930162;0;0;0;0;0
197;7;50;3890;1160098064716;2006-10-06 01:27:44.716;2006-09-19 22:45:10.778253105;3840;1572;638;905;725
198;1;20;20;1160098123716;2006-10-06 01:28:43.716;2006-09-19 22:45:10.796727798;0;0;0;0;0
199;1;20;20;1160098257716;2006-10-06 01:30:57.716;2006-09-19 22:45:10.838687271;0;0;0;0;0
200;1;20;20;1160098506716;2006-10-06 01:35:06.716;2006-09-19 22:45:10.916656738;0;0;0;0;0
201;7;50;3890;1160099128716;2006-10-06 01:45:28.716;2006-09-19 22:45:11.111423842;3840;1493;653;926;768
202;1;50;210;1160099562716;2006-10-06 01:52:42.716;2006-09-19 22:45:11.247322433;160;66;26;38;30
203;1;10;10;1160102680716;2006-10-06 02:44:40.716;2006-09-19 22:45:12.223662996;0;0;0;0;0
204;1;10;10;1160103473716;2006-10-06 02:57:53.716;2006-09-19 22:45:12.471975397;0;0;0;0;0
205;1;10;10;1160103881716;2006-10-06 03:04:41.716;2006-09-19 22:45:12.599732597;0;0;0;0;0
206;1;10;10;1160104008716;2006-10-06 03:06:48.716;2006-09-19 22:45:12.639500157;0;0;0;0;0
207;1;10;10;1160104240716;2006-10-06 03:10:40.716;2006-09-19 22:45:12.712146408;0;0;0;0;0
208;1;10;10;1160104827716;2006-10-06 03:20:27.716;2006-09-19 22:45:12.895953948;0;0;0;0;0
209;1;10;10;1160105349716;2006-10-06 03:29:09.716;2006-09-19 22:45:13.059408013;0;0;0;0;0
210;1;10;10;1160105460716;2006-10-06 03:31:00.716;2006-09-19 22:45:13.094165487;0;0;0;0;0
211;1;10;10;1160105731716;2006-10-06 03:35:31.716;2006-09-19 22:45:13.179023823;0;0;0;0;0
212;1;10;10;1160106067716;2006-10-06 03:41:07.716;2006-09-19 22:45:13.284235635;0;0;0;0;0
213;1;10;10;1160106200716;2006-10-06 03:43:20.716;2006-09-19 22:45:13.325881977;0;0;0;0;0
214;1;10;10;1160106299716;2006-10-06 03:44:59.716;2006-09-19 22:45:13.356881886;0;0;0;0;0
215;1;10;10;1160106404716;2006-10-06 03:46:44.716;2006-09-19 22:45:13.389760577;0;0;0;0;0
216;1;20;20;1160106559716;2006-10-06 03:49:19.716;2006-09-19 22:45:13.438295788;0;0;0;0;0
217;1;20;20;1160106748716;2006-10-06 03:52:28.716;2006-09-19 22:45:13.497477432;0;0;0;0;0
218;1;20;20;1160106968716;2006-10-06 03:56:08.716;2006-09-19 22:45:13.566366119;0;0;0;0;0
219;1;50;410;1160107157716;2006-10-06 03:59:17.716;2006-09-19 22:45:13.625547763;360;72;90;90;108
220;1;20;160;1160107700716;2006-10-06 04:08:20.716;2006-09-19 22:45:13.795577566;140;32;35;35;38
221;1;50;410;1160108168716;2006-10-06 04:16:08.716;2006-09-19 22:45:13.942122589;360;161;50;83;66
222;1;20;150;1160108938716;2006-10-06 04:28:58.716;2006-09-19 22:45:14.183232991;130;52;28;26;24
223;1;20;150;1160109617716;2006-10-06 04:40:17.716;2006-09-19 22:45:14.395848528;130;57;21;26;26
224;1;20;150;1160109834716;2006-10-06 04:43:54.716;2006-09-19 22:45:14.463797823;130;57;18;30;25
225;1;20;150;1160110380716;2006-10-06 04:53:00.716;2006-09-19 22:45:14.634767017;130;62;32;16;20
226;1;30;190;1160110758716;2006-10-06 04:59:18.716;2006-09-19 22:45:14.753130306;160;76;26;36;22
227;1;50;210;1160110938716;2006-10-06 05:02:18.716;2006-09-19 22:45:14.809493776;160;60;31;37;32
228;1;40;410;1160111218716;2006-10-06 05:06:58.716;2006-09-19 22:45:14.897170286;370;105;92;92;81
229;1;50;410;1160112681716;2006-10-06 05:31:21.716;2006-09-19 22:45:15.355280050;360;142;77;70;71
230;1;20;160;1160113329716;2006-10-06 05:42:09.716;2006-09-19 22:45:15.558188544;140;69;20;31;20
231;1;40;190;1160113812716;2006-10-06 05:50:12.716;2006-09-19 22:45:15.709430524;150;35;37;37;41
232;1;50;210;1160114155716;2006-10-06 05:55:55.716;2006-09-19 22:45:15.816834248;160;59;40;40;21
233;1;50;410;1160114585716;2006-10-06 06:03:05.716;2006-09-19 22:45:15.951480317;360;115;86;88;71
234;1;10;10;1160115231716;2006-10-06 06:13:51.716;2006-09-19 22:45:16.153762551;0;0;0;0;0
235;1;20;20;1160115653716;2006-10-06 06:20:53.716;2006-09-19 22:45:16.285903576;0;0;0;0;0
236;1;20;20;1160116304716;2006-10-06 06:31:44.716;2006-09-19 22:45:16.489751462;0;0;0;0;0
237;1;20;20;1160116820716;2006-10-06 06:40:20.716;2006-09-19 22:45:16.651326744;0;0;0;0;0
238;1;20;20;1160117209716;2006-10-06 06:46:49.716;2006-09-19 22:45:16.773134467;0;0;0;0;0
239;1;20;20;1160117378716;2006-10-06 06:49:38.716;2006-09-19 22:45:16.826053503;0;0;0;0;0
240;1;20;20;1160117549716;2006-10-06 06:52:29.716;2006-09-19 22:45:16.879598800;0;0;0;0;0
241;1;50;410;1160117928716;2006-10-06 06:58:48.716;2006-09-19 22:45:16.998275219;360;133;75;89;63
242;1;50;410;1160119125716;2006-10-06 07:18:45.716;2006-09-19 22:45:17.373092299;360;163;59;72;66
243;1;30;230;1160119764716;2006-10-06 07:29:24.716;2006-09-19 22:45:17.573182619;200;72;38;50;40
244;1;50;290;1160120136716;2006-10-06 07:35:36.716;2006-09-19 22:45:17.689667125;240;74;59;59;48
245;1;50;290;1160121510716;2006-10-06 07:58:30.716;2006-09-19 22:45:18.119908284;240;50;60;60;70
246;1;10;10;1160122155716;2006-10-06 08:09:15.716;2006-09-19 22:45:18.321877387;0;0;0;0;0
247;1;20;20;1160122419716;2006-10-06 08:13:39.716;2006-09-19 22:45:18.404543811;0;0;0;0;0
248;1;20;20;1160122823716;2006-10-06 08:20:23.716;2006-09-19 22:45:18.531048489;0;0;0;0;0
249;1;50;290;1160123284716;2006-10-06 08:28:04.716;2006-09-19 22:45:18.675401600;240;117;22;55;46
250;1;10;20;1160124360716;2006-10-06 08:46:00.716;2006-09-19 22:45:19.012329903;10;2;2;2;4
251;1;10;20;1160126579716;2006-10-06 09:22:59.716;2006-09-19 22:45:19.707166243;10;3;2;2;3
252;1;10;10;1160127821716;2006-10-06 09:43:41.716;2006-09-19 22:45:20.096074191;0;0;0;0;0
253;1;20;20;1160129300716;2006-10-06 10:08:20.716;2006-09-19 22:45:20.559194041;0;0;0;0;0
254;1;10;10;1160155780716;2006-10-06 17:29:40.716;2006-09-19 22:45:28.850886831;0;0;0;0;0
255;1;50;410;1160156126716;2006-10-06 17:35:26.716;2006-09-19 22:45:28.959229946;360;108;90;90;72
256;2;20;450;1160156542716;2006-10-06 17:42:22.716;2006-09-19 22:45:29.089492190;430;136;102;107;85
257;1;50;410;1160159776716;2006-10-06 18:36:16.716;2006-09-19 22:45:30.102155879;360;95;90;90;85
258;1;10;10;1160162032716;2006-10-06 19:13:52.716;2006-09-19 22:45:30.808578044;0;0;0;0;0
259;1;20;50;1160162120716;2006-10-06 19:15:20.716;2006-09-19 22:45:30.836133518;30;11;7;7;5
260;1;20;50;1160163130716;2006-10-06 19:32:10.716;2006-09-19 22:45:31.152395215;30;13;4;7;6
261;1;50;110;1160163754716;2006-10-06 19:42:34.716;2006-09-19 22:45:31.347788579;60;28;5;15;12
262;1;50;110;1160164654716;2006-10-06 19:57:34.716;2006-09-19 22:45:31.629605933;60;23;15;11;11
263;1;50;410;1160164797716;2006-10-06 19:59:57.716;2006-09-19 22:45:31.674383579;360;74;90;90;106
264;1;50;110;1160165733716;2006-10-06 20:15:33.716;2006-09-19 22:45:31.967473626;60;28;9;11;12
265;1;50;110;1160166663716;2006-10-06 20:31:03.716;2006-09-19 22:45:32.258684891;60;28;15;5;12
266;1;10;10;1160167496716;2006-10-06 20:44:56.716;2006-09-19 22:45:32.519522508;0;0;0;0;0
267;6;20;1580;1160167552716;2006-10-06 20:45:52.716;2006-09-19 22:45:32.537057810;1560;313;390;390;467
268;7;20;1950;1160170943716;2006-10-06 21:42:23.716;2006-09-19 22:45:33.598882970;1930;605;478;465;382
269;1;150;360;1160173176716;2006-10-06 22:19:36.716;2006-09-19 22:45:34.298103136;210;73;43;52;42
270;1;10;20;1160173653716;2006-10-06 22:27:33.716;2006-09-19 22:45:34.447466333;10;2;2;2;4
271;4;40;1720;1160173950716;2006-10-06 22:32:30.716;2006-09-19 22:45:34.540466060;1680;738;311;296;335
272;1;40;410;1160175148716;2006-10-06 22:52:28.716;2006-09-19 22:45:34.915596270;370;126;89;90;65
273;1;250;960;1160180502716;2006-10-07 00:21:42.716;2006-09-19 22:45:36.592096391;710;301;159;139;111
274;1;420;1920;1160182806716;2006-10-07 01:00:06.716;2006-09-19 22:45:37.313548815;1500;546;346;362;246
275;1;190;500;1160187064716;2006-10-07 02:11:04.716;2006-09-19 22:45:38.646858025;310;136;51;66;57
276;1;20;60;1160188424716;2006-10-07 02:33:44.716;2006-09-19 22:45:39.072715359;40;15;7;10;8
277;1;110;290;1160188739716;2006-10-07 02:38:59.716;2006-09-19 22:45:39.171351433;180;87;45;17;31
278;1;50;210;1160189632716;2006-10-07 02:53:52.716;2006-09-19 22:45:39.450976873;160;53;37;40;30
279;1;50;210;1160190209716;2006-10-07 03:03:29.716;2006-09-19 22:45:39.631653109;160;79;24;25;32
280;2;50;2010;1160190891716;2006-10-07 03:14:51.716;2006-09-19 22:45:39.845208037;1960;592;489;489;390
281;1;10;20;1160204698716;2006-10-07 07:04:58.716;2006-09-19 22:45:44.168599364;10;3;2;2;3
282;2;50;2010;1160253070716;2006-10-07 20:31:10.716;2006-09-19 22:45:59.315342704;1960;855;481;379;245
283;2;50;2010;1160288100716;2006-10-08 06:15:00.716;2006-09-19 22:46:10.284300349;1960;794;373;467;326
284;1;60;120;1160289622716;2006-10-08 06:40:22.716;2006-09-19 22:46:10.760884806;60;30;6;15;9
285;1;10;10;1160290286716;2006-10-08 06:51:26.716;2006-09-19 22:46:10.968803386;0;0;0;0;0
286;1;10;10;1160291204716;2006-10-08 07:06:44.716;2006-09-19 22:46:11.256257087;0;0;0;0;0
287;1;10;10;1160291464716;2006-10-08 07:11:04.716;2006-09-19 22:46:11.337670989;0;0;0;0;0
288;1;50;290;1160291968716;2006-10-08 07:19:28.716;2006-09-19 22:46:11.495488706;240;118;54;52;16
289;1;50;290;1160295185716;2006-10-08 08:13:05.716;2006-09-19 22:46:12.502829179;240;87;60;51;42
290;1;10;10;1160296680716;2006-10-08 08:38:00.716;2006-09-19 22:46:12.970959115;0;0;0;0;0
291;2;10;570;1160332719716;2006-10-08 18:38:39.716;2006-09-19 22:46:24.255865326;560;193;122;133;112
292;2;50;1070;1160336662716;2006-10-08 19:44:22.716;2006-09-19 22:46:25.490538463;1020;470;241;146;163
293;2;50;1070;1160337647716;2006-10-08 20:00:47.716;2006-09-19 22:46:25.798971899;1020;302;255;255;208
294;2;50;1070;1160338500716;2006-10-08 20:15:00.716;2006-09-19 22:46:26.066072124;1020;466;238;201;115
295;2;50;1070;1160339298716;2006-10-08 20:28:18.716;2006-09-19 22:46:26.315950177;1020;315;254;250;201
296;2;50;1070;1160340114716;2006-10-08 20:41:54.716;2006-09-19 22:46:26.571464577;1020;263;255;255;247
297;1;10;10;1160343404716;2006-10-08 21:36:44.716;2006-09-19 22:46:27.601663568;0;0;0;0;0
298;1;10;10;1160379403716;2006-10-09 07:36:43.716;2006-09-19 22:46:38.874044563;0;0;0;0;0
299;1;10;10;1160380729716;2006-10-09 07:58:49.716;2006-09-19 22:46:39.289255463;0;0;0;0;0
300;2;50;1070;1160405749716;2006-10-09 14:55:49.716;2006-09-19 22:46:47.123777880;1020;205;255;255;305
301;2;50;1070;1160407400716;2006-10-09 15:23:20.716;2006-09-19 22:46:47.640756158;1020;507;193;152;168
302;2;50;1070;1160409032716;2006-10-09 15:50:32.716;2006-09-19 22:46:48.151784958;1020;363;252;209;196
303;1;10;10;1160410267716;2006-10-09 16:11:07.716;2006-09-19 22:46:48.538500993;0;0;0;0;0
304;2;50;1070;1160410449716;2006-10-09 16:14:09.716;2006-09-19 22:46:48.595490724;1020;436;223;175;186
305;1;10;10;1160411548716;2006-10-09 16:32:28.716;2006-09-19 22:46:48.939621025;0;0;0;0;0
306;2;10;530;1160412172716;2006-10-09 16:42:52.716;2006-09-19 22:46:49.135014390;520;151;130;130;109
307;1;10;10;1160412742716;2006-10-09 16:52:22.716;2006-09-19 22:46:49.313498714;0;0;0;0;0
308;2;50;2010;1160414343716;2006-10-09 17:19:03.716;2006-09-19 22:46:49.814820472;1960;599;481;489;391
309;2;10;680;1160414933716;2006-10-09 17:28:53.716;2006-09-19 22:46:49.999567404;670;253;148;158;111
310;1;10;10;1160415212716;2006-10-09 17:33:32.716;2006-09-19 22:46:50.086930783;0;0;0;0;0
311;2;20;1160;1160415475716;2006-10-09 17:37:55.716;2006-09-19 22:46:50.169284076;1140;343;284;285;228
312;1;10;10;1160415805716;2006-10-09 17:43:25.716;2006-09-19 22:46:50.272617106;0;0;0;0;0
313;7;50;3890;1160415952716;2006-10-09 17:45:52.716;2006-09-19 22:46:50.318647273;3840;871;960;960;1049
314;1;10;10;1160417601716;2006-10-09 18:13:21.716;2006-09-19 22:46:50.834999290;0;0;0;0;0
315;7;50;3890;1160418191716;2006-10-09 18:23:11.716;2006-09-19 22:46:51.019746222;3840;1021;960;960;899
316;1;20;30;1160419360716;2006-10-09 18:42:40.716;2006-09-19 22:46:51.385795651;10;4;2;2;2
317;7;50;3890;1160419587716;2006-10-09 18:46:27.716;2006-09-19 22:46:51.456876250;3840;1903;718;923;296
318;7;50;3690;1160420993716;2006-10-09 19:09:53.716;2006-09-19 22:46:51.897137581;3640;826;910;910;994
319;1;20;30;1160421255716;2006-10-09 19:14:15.716;2006-09-19 22:46:51.979177744;10;2;2;2;4
320;1;20;30;1160421846716;2006-10-09 19:24:06.716;2006-09-19 22:46:52.164237806;10;2;2;2;4
321;1;20;30;1160422842716;2006-10-09 19:40:42.716;2006-09-19 22:46:52.476115677;10;3;2;2;3
322;1;10;30;1160423305716;2006-10-09 19:48:25.716;2006-09-19 22:46:52.621095048;20;9;3;5;3
323;1;10;20;1160424247716;2006-10-09 20:04:07.716;2006-09-19 22:46:52.916063878;10;3;2;2;3
324;7;30;2740;1160424554716;2006-10-09 20:09:14.716;2006-09-19 22:46:53.012194909;2710;704;677;677;652
325;1;10;10;1160424605716;2006-10-09 20:10:05.716;2006-09-19 22:46:53.028164559;0;0;0;0;0
326;1;20;30;1160425084716;2006-10-09 20:18:04.716;2006-09-19 22:46:53.178154017;10;5;1;2;2
327;1;20;30;1160425472716;2006-10-09 20:24:32.716;2006-09-19 22:46:53.299648609;10;2;2;2;4
328;1;20;30;1160426001716;2006-10-09 20:33:21.716;2006-09-19 22:46:53.465294586;10;5;1;2;2
329;1;10;10;1160427404716;2006-10-09 20:56:44.716;2006-09-19 22:46:53.904616527;0;0;0;0;0
330;1;20;30;1160427821716;2006-10-09 21:03:41.716;2006-09-19 22:46:54.035191900;10;5;1;2;2
331;1;20;30;1160428320716;2006-10-09 21:12:00.716;2006-09-19 22:46:54.191443966;10;3;2;2;3
332;2;50;2010;1160432357716;2006-10-09 22:19:17.716;2006-09-19 22:46:55.455551360;1960;668;457;462;373
333;2;10;1000;1160432986716;2006-10-09 22:29:46.716;2006-09-19 22:46:55.652510377;990;332;215;245;198
334;2;50;2010;1160433404716;2006-10-09 22:36:44.716;2006-09-19 22:46:55.783398881;1960;424;490;490;556
335;2;50;2010;1160434258716;2006-10-09 22:50:58.716;2006-09-19 22:46:56.050812236;1960;851;248;482;379
336;2;50;2010;1160435002716;2006-10-09 23:03:22.716;2006-09-19 22:46:56.283781248;1960;429;490;490;551
337;2;50;2010;1160435777716;2006-10-09 23:16:17.716;2006-09-19 22:46:56.526457302;1960;621;464;485;390
338;2;40;1260;1160441432716;2006-10-10 00:50:32.716;2006-09-19 22:46:58.297209671;1220;270;305;305;340
339;2;10;770;1160442025716;2006-10-10 01:00:25.716;2006-09-19 22:46:58.482895994;760;377;61;170;152
340;1;20;30;1160444789716;2006-10-10 01:46:29.716;2006-09-19 22:46:59.348388398;10;5;1;2;2
341;1;20;60;1160445559716;2006-10-10 01:59:19.716;2006-09-19 22:46:59.589498800;40;8;10;10;12
342;1;20;60;1160446551716;2006-10-10 02:15:51.716;2006-09-19 22:46:59.900124149;40;12;10;10;8
343;1;60;250;1160448630716;2006-10-10 02:50:30.716;2006-09-19 22:47:00.551122235;190;85;38;32;35
344;1;10;10;1160450804716;2006-10-10 03:26:44.716;2006-09-19 22:47:01.231867708;0;0;0;0;0
345;1;60;260;1160453851716;2006-10-10 04:17:31.716;2006-09-19 22:47:02.185976014;200;74;36;50;40
346;1;90;390;1160505600716;2006-10-10 18:40:00.716;2006-09-19 22:47:18.390160688;300;76;75;75;74
347;1;80;390;1160506601716;2006-10-10 18:56:41.716;2006-09-19 22:47:18.703604211;310;105;77;70;58
348;1;10;10;1160511210716;2006-10-10 20:13:30.716;2006-09-19 22:47:20.146822189;0;0;0;0;0
349;1;10;10;1160511491716;2006-10-10 20:18:11.716;2006-09-19 22:47:20.234811830;0;0;0;0;0
350;1;80;390;1160511558716;2006-10-10 20:19:18.716;2006-09-19 22:47:20.255791566;310;67;77;77;89
351;1;80;390;1160512096716;2006-10-10 20:28:16.716;2006-09-19 22:47:20.424255717;310;98;77;73;62
352;1;90;400;1160512657716;2006-10-10 20:37:37.716;2006-09-19 22:47:20.599921867;310;107;68;75;60
353;1;80;390;1160513725716;2006-10-10 20:55:25.716;2006-09-19 22:47:20.934345126;310;121;50;77;62
354;1;80;390;1160514798716;2006-10-10 21:13:18.716;2006-09-19 22:47:21.270334037;310;124;75;69;42
355;1;20;60;1160515619716;2006-10-10 21:26:59.716;2006-09-19 22:47:21.527414089;40;14;8;10;8
356;1;80;390;1160516228716;2006-10-10 21:37:08.716;2006-09-19 22:47:21.718110498;310;128;60;69;53
357;1;80;390;1160517446716;2006-10-10 21:57:26.716;2006-09-19 22:47:22.099503316;310;115;58;76;61
358;1;60;330;1160520282716;2006-10-10 22:44:42.716;2006-09-19 22:47:22.987541109;270;77;67;67;59
359;4;50;1630;1160520725716;2006-10-10 22:52:05.716;2006-09-19 22:47:23.126257873;1580;429;395;395;361
360;1;20;20;1160522627716;2006-10-10 23:23:47.716;2006-09-19 22:47:23.721831879;0;0;0;0;0
361;1;20;20;1160523081716;2006-10-10 23:31:21.716;2006-09-19 22:47:23.863993077;0;0;0;0;0
362;1;20;20;1160524063716;2006-10-10 23:47:43.716;2006-09-19 22:47:24.171487123;0;0;0;0;0
363;1;10;10;1160524321716;2006-10-10 23:52:01.716;2006-09-19 22:47:24.252274764;0;0;0;0;0
364;1;20;170;1160526791716;2006-10-11 00:33:11.716;2006-09-19 22:47:25.025706833;150;61;36;28;25
365;2;20;650;1160532163716;2006-10-11 02:02:43.716;2006-09-19 22:47:26.707843301;630;276;136;118;100
366;1;10;10;1160599378716;2006-10-11 20:42:58.716;2006-09-19 22:47:47.754902624;0;0;0;0;0
367;1;20;20;1160599649716;2006-10-11 20:47:29.716;2006-09-19 22:47:47.839760960;0;0;0;0;0
368;1;10;10;1160608057716;2006-10-11 23:07:37.716;2006-09-19 22:47:50.472561299;0;0;0;0;0
369;1;10;10;1160608703716;2006-10-11 23:18:23.716;2006-09-19 22:47:50.674843532;0;0;0;0;0
370;1;10;10;1160608904716;2006-10-11 23:21:44.716;2006-09-19 22:47:50.737782741;0;0;0;0;0
371;1;10;10;1160608991716;2006-10-11 23:23:11.716;2006-09-19 22:47:50.765025085;0;0;0;0;0
372;1;10;10;1160609080716;2006-10-11 23:24:40.716;2006-09-19 22:47:50.792893690;0;0;0;0;0
373;1;10;10;1160610343716;2006-10-11 23:45:43.716;2006-09-19 22:47:51.188377376;0;0;0;0;0
374;1;10;10;1160613995716;2006-10-12 00:46:35.716;2006-09-19 22:47:52.331929569;0;0;0;0;0
375;1;10;10;1160614349716;2006-10-12 00:52:29.716;2006-09-19 22:47:52.442777728;0;0;0;0;0
376;1;10;10;1160614533716;2006-10-12 00:55:33.716;2006-09-19 22:47:52.500393720;0;0;0;0;0
377;1;10;10;1160614766716;2006-10-12 00:59:26.716;2006-09-19 22:47:52.573353101;0;0;0;0;0
378;1;10;10;1160614844716;2006-10-12 01:00:44.716;2006-09-19 22:47:52.597777272;0;0;0;0;0
379;1;10;10;1160615095716;2006-10-12 01:04:55.716;2006-09-19 22:47:52.676373000;0;0;0;0;0
380;1;10;10;1160615162716;2006-10-12 01:06:02.716;2006-09-19 22:47:52.697352737;0;0;0;0;0
381;1;10;10;1160615322716;2006-10-12 01:08:42.716;2006-09-19 22:47:52.747453599;0;0;0;0;0
382;1;10;100;1160616109716;2006-10-12 01:21:49.716;2006-09-19 22:47:52.993887218;90;27;22;22;19
383;1;10;100;1160616683716;2006-10-12 01:31:23.716;2006-09-19 22:47:53.173624064;90;19;22;22;27
384;1;10;50;1160618184716;2006-10-12 01:56:24.716;2006-09-19 22:47:53.643632782;40;17;5;10;8
385;1;50;210;1160618595716;2006-10-12 02:03:15.716;2006-09-19 22:47:53.772329374;160;71;17;40;32
386;1;50;810;1160619887716;2006-10-12 02:24:47.716;2006-09-19 22:47:54.176893841;760;288;172;186;114
387;1;10;10;1160625331716;2006-10-12 03:55:31.716;2006-09-19 22:47:55.881575697;0;0;0;0;0
388;4;50;2030;1160625442716;2006-10-12 03:57:22.716;2006-09-19 22:47:55.916333170;1980;872;386;351;371
389;1;10;10;1160675376716;2006-10-12 17:49:36.716;2006-09-19 22:48:11.552186183;0;0;0;0;0
390;1;10;10;1160676626716;2006-10-12 18:10:26.716;2006-09-19 22:48:11.943599173;0;0;0;0;0
391;4;20;1050;1160680298716;2006-10-12 19:11:38.716;2006-09-19 22:48:13.093413974;1030;511;208;256;55
392;1;50;110;1160681759716;2006-10-12 19:35:59.716;2006-09-19 22:48:13.550897477;60;24;12;13;11
393;1;30;150;1160684477716;2006-10-12 20:21:17.716;2006-09-19 22:48:14.401985884;120;30;30;30;30
394;1;30;150;1160684880716;2006-10-12 20:28:00.716;2006-09-19 22:48:14.528177432;120;59;19;21;21
395;1;20;20;1160684871716;2006-10-12 20:27:51.716;2006-09-19 22:48:14.525359258;0;0;0;0;0
396;1;60;270;1160685235716;2006-10-12 20:33:55.716;2006-09-19 22:48:14.639338721;210;42;52;52;64
397;1;60;270;1160694404716;2006-10-12 23:06:44.716;2006-09-19 22:48:17.510431289;210;49;52;52;57
398;1;10;30;1160698997716;2006-10-13 00:23:17.716;2006-09-19 22:48:18.948639181;20;9;5;3;3
399;1;60;270;1160699258716;2006-10-13 00:27:38.716;2006-09-19 22:48:19.030366213;210;53;52;52;53
400;1;10;10;1160700166716;2006-10-13 00:42:46.716;2006-09-19 22:48:19.314688609;0;0;0;0;0
401;1;60;270;1160700274716;2006-10-13 00:44:34.716;2006-09-19 22:48:19.348506692;210;92;46;44;28
402;1;60;270;1160701073716;2006-10-13 00:57:53.716;2006-09-19 22:48:19.598697875;210;69;48;52;41
403;4;50;2030;1160702620716;2006-10-13 01:23:40.716;2006-09-19 22:48:20.083110592;1980;446;495;495;544
404;1;10;10;1160707294716;2006-10-13 02:41:34.716;2006-09-19 22:48:21.546682046;0;0;0;0;0
405;1;60;270;1160707372716;2006-10-13 02:42:52.716;2006-09-19 22:48:21.571106217;210;66;51;51;42
406;1;60;270;1160710721716;2006-10-13 03:38:41.716;2006-09-19 22:48:22.619779901;210;103;34;52;21
407;1;60;270;1160711315716;2006-10-13 03:48:35.716;2006-09-19 22:48:22.805779354;210;90;45;42;33
408;1;50;110;1160717669716;2006-10-13 05:34:29.716;2006-09-19 22:48:24.795409867;60;17;15;15;13
409;1;50;110;1160719023716;2006-10-13 05:57:03.716;2006-09-19 22:48:25.219388418;60;26;12;12;10
410;1;50;50;1160719726716;2006-10-13 06:08:46.716;2006-09-19 22:48:25.439519084;0;0;0;0;0
411;1;40;50;1160720586716;2006-10-13 06:23:06.716;2006-09-19 22:48:25.708811222;10;5;1;2;2
412;1;50;50;1160721051716;2006-10-13 06:30:51.716;2006-09-19 22:48:25.854416854;0;0;0;0;0
413;1;50;50;1160721836716;2006-10-13 06:43:56.716;2006-09-19 22:48:26.100224212;0;0;0;0;0
414;1;10;10;1160764878716;2006-10-13 18:41:18.716;2006-09-19 22:48:39.577982560;0;0;0;0;0
415;1;10;10;1160765238716;2006-10-13 18:47:18.716;2006-09-19 22:48:39.690709501;0;0;0;0;0
416;1;10;10;1160765352716;2006-10-13 18:49:12.716;2006-09-19 22:48:39.726406366;0;0;0;0;0
417;1;10;10;1160765407716;2006-10-13 18:50:07.716;2006-09-19 22:48:39.743628538;0;0;0;0;0
418;1;10;10;1160765646716;2006-10-13 18:54:06.716;2006-09-19 22:48:39.818466702;0;0;0;0;0
419;1;20;20;1160768491716;2006-10-13 19:41:31.716;2006-09-19 22:48:40.709322668;0;0;0;0;0
420;1;10;10;1160770930716;2006-10-13 20:22:10.716;2006-09-19 22:48:41.473047695;0;0;0;0;0
421;1;10;10;1160776859716;2006-10-13 22:00:59.716;2006-09-19 22:48:43.329597791;0;0;0;0;0
422;1;20;20;1160777410716;2006-10-13 22:10:10.716;2006-09-19 22:48:43.502132637;0;0;0;0;0
423;1;20;20;1160777687716;2006-10-13 22:14:47.716;2006-09-19 22:48:43.588869756;0;0;0;0;0
424;1;20;20;1160778603716;2006-10-13 22:30:03.716;2006-09-19 22:48:43.875697195;0;0;0;0;0
425;1;20;20;1160779309716;2006-10-13 22:41:49.716;2006-09-19 22:48:44.096767252;0;0;0;0;0
426;1;10;10;1160779857716;2006-10-13 22:50:57.716;2006-09-19 22:48:44.268362707;0;0;0;0;0
427;1;20;20;1160780378716;2006-10-13 22:59:38.716;2006-09-19 22:48:44.431503642;0;0;0;0;0
428;1;20;20;1160780952716;2006-10-13 23:09:12.716;2006-09-19 22:48:44.611240487;0;0;0;0;0
429;1;20;20;1160781339716;2006-10-13 23:15:39.716;2006-09-19 22:48:44.732421949;0;0;0;0;0
430;1;30;150;1160781820716;2006-10-13 23:23:40.716;2006-09-19 22:48:44.883037668;120;56;17;27;20
431;1;10;10;1160782152716;2006-10-13 23:29:12.716;2006-09-19 22:48:44.986996958;0;0;0;0;0
432;1;10;30;1160782289716;2006-10-13 23:31:29.716;2006-09-19 22:48:45.029895822;20;7;5;5;3
433;1;10;10;1160782960716;2006-10-13 23:42:40.716;2006-09-19 22:48:45.240006315;0;0;0;0;0
434;1;10;10;1160783195716;2006-10-13 23:46:35.716;2006-09-19 22:48:45.313591957;0;0;0;0;0
435;1;10;10;1160783261716;2006-10-13 23:47:41.716;2006-09-19 22:48:45.334258563;0;0;0;0;0
436;1;30;150;1160783937716;2006-10-13 23:58:57.716;2006-09-19 22:48:45.545934708;120;28;30;30;32
437;1;10;100;1160784085716;2006-10-14 00:01:25.716;2006-09-19 22:48:45.592278006;90;24;22;22;22
438;1;60;270;1160784302716;2006-10-14 00:05:02.716;2006-09-19 22:48:45.660227302;210;45;52;52;61
439;1;20;20;1160785600716;2006-10-14 00:26:40.716;2006-09-19 22:48:46.066670551;0;0;0;0;0
440;1;20;90;1160786396716;2006-10-14 00:39:56.716;2006-09-19 22:48:46.315922343;70;19;17;17;17
441;1;60;270;1160786741716;2006-10-14 00:45:41.716;2006-09-19 22:48:46.423952329;210;86;49;47;28
442;1;10;10;1160787124716;2006-10-14 00:52:04.716;2006-09-19 22:48:46.543881269;0;0;0;0;0
443;1;10;10;1160787244716;2006-10-14 00:54:04.716;2006-09-19 22:48:46.581456916;0;0;0;0;0
444;1;10;10;1160787452716;2006-10-14 00:57:32.716;2006-09-19 22:48:46.646588038;0;0;0;0;0
445;1;10;10;1160787622716;2006-10-14 01:00:22.716;2006-09-19 22:48:46.699820204;0;0;0;0;0
446;1;10;10;1160787661716;2006-10-14 01:01:01.716;2006-09-19 22:48:46.712032290;0;0;0;0;0
447;1;10;10;1160787788716;2006-10-14 01:03:08.716;2006-09-19 22:48:46.751799849;0;0;0;0;0
448;1;10;10;1160787872716;2006-10-14 01:04:32.716;2006-09-19 22:48:46.778102802;0;0;0;0;0
449;1;10;10;1160788188716;2006-10-14 01:09:48.716;2006-09-19 22:48:46.877052006;0;0;0;0;0
450;1;20;20;1160788487716;2006-10-14 01:14:47.716;2006-09-19 22:48:46.970677994;0;0;0;0;0
451;1;10;10;1160788792716;2006-10-14 01:19:52.716;2006-09-19 22:48:47.066182763;0;0;0;0;0
452;1;10;10;1160788914716;2006-10-14 01:21:54.716;2006-09-19 22:48:47.104384671;0;0;0;0;0
453;1;10;30;1160789577716;2006-10-14 01:32:57.716;2006-09-19 22:48:47.311990121;20;6;5;5;4
454;1;20;30;1160790273716;2006-10-14 01:44:33.716;2006-09-19 22:48:47.529928874;10;4;2;2;2
455;1;20;20;1160790516716;2006-10-14 01:48:36.716;2006-09-19 22:48:47.606019560;0;0;0;0;0
456;1;20;20;1160790752716;2006-10-14 01:52:32.716;2006-09-19 22:48:47.679918332;0;0;0;0;0
457;1;20;30;1160791012716;2006-10-14 01:56:52.716;2006-09-19 22:48:47.761332234;10;5;2;2;1
458;1;20;30;1160791657716;2006-10-14 02:07:37.716;2006-09-19 22:48:47.963301337;10;2;2;2;4
459;1;20;30;1160792005716;2006-10-14 02:13:25.716;2006-09-19 22:48:48.072270714;10;3;2;2;3
460;1;10;30;1160792348716;2006-10-14 02:19:08.716;2006-09-19 22:48:48.179674439;20;7;5;5;3
461;1;20;30;1160792487716;2006-10-14 02:21:27.716;2006-09-19 22:48:48.223199563;10;4;2;2;2
462;1;20;30;1160793020716;2006-10-14 02:30:20.716;2006-09-19 22:48:48.390098062;10;2;2;2;4
463;1;10;10;1160797621716;2006-10-14 03:47:01.716;2006-09-19 22:48:49.830810997;0;0;0;0;0
464;1;20;30;1160797762716;2006-10-14 03:49:22.716;2006-09-19 22:48:49.874962383;10;5;1;2;2
465;1;20;30;1160799473716;2006-10-14 04:17:53.716;2006-09-19 22:48:50.410728484;10;4;2;2;2
466;1;60;270;1160945639716;2006-10-15 20:53:59.716;2006-09-19 22:49:36.179745415;210;69;48;51;42
467;1;60;270;1160948763716;2006-10-15 21:46:03.716;2006-09-19 22:49:37.157964761;210;67;49;52;42
468;1;60;270;1160962020716;2006-10-16 01:27:00.716;2006-09-19 22:49:41.309134372;210;67;49;52;42
469;1;10;10;1160963082716;2006-10-16 01:44:42.716;2006-09-19 22:49:41.641678849;0;0;0;0;0
470;1;10;10;1160966177716;2006-10-16 02:36:17.716;2006-09-19 22:49:42.610817413;0;0;0;0;0
471;1;10;10;1160967327716;2006-10-16 02:55:27.716;2006-09-19 22:49:42.970917364;0;0;0;0;0
472;1;10;10;1160967480716;2006-10-16 02:58:00.716;2006-09-19 22:49:43.018826314;0;0;0;0;0
473;1;60;270;1160967896716;2006-10-16 03:04:56.716;2006-09-19 22:49:43.149088558;210;103;35;38;34
474;1;20;30;1161020609716;2006-10-16 17:43:29.716;2006-09-19 22:49:59.655130930;10;5;1;2;2
475;1;10;10;1161026403716;2006-10-16 19:20:03.716;2006-09-19 22:50:01.469408424;0;0;0;0;0
476;1;10;10;1161027548716;2006-10-16 19:39:08.716;2006-09-19 22:50:01.827942723;0;0;0;0;0
477;1;20;20;1161027978716;2006-10-16 19:46:18.716;2006-09-19 22:50:01.962588792;0;0;0;0;0
478;1;10;10;1161029625716;2006-10-16 20:13:45.716;2006-09-19 22:50:02.478314548;0;0;0;0;0
479;1;60;270;1161030668716;2006-10-16 20:31:08.716;2006-09-19 22:50:02.804909547;210;42;52;52;64
480;1;10;10;1161031363716;2006-10-16 20:42:43.716;2006-09-19 22:50:03.022535170;0;0;0;0;0
481;1;10;10;1161031627716;2006-10-16 20:47:07.716;2006-09-19 22:50:03.105201594;0;0;0;0;0
482;1;20;20;1161031891716;2006-10-16 20:51:31.716;2006-09-19 22:50:03.187868017;0;0;0;0;0
483;1;30;150;1161032320716;2006-10-16 20:58:40.716;2006-09-19 22:50:03.322200955;120;24;30;30;36
484;1;10;10;1161032853716;2006-10-16 21:07:33.716;2006-09-19 22:50:03.489099455;0;0;0;0;0
485;1;10;10;1161033239716;2006-10-16 21:13:59.716;2006-09-19 22:50:03.609967786;0;0;0;0;0
486;1;10;10;1161033291716;2006-10-16 21:14:51.716;2006-09-19 22:50:03.626250566;0;0;0;0;0
487;1;60;270;1161033453716;2006-10-16 21:17:33.716;2006-09-19 22:50:03.676977690;210;88;29;52;41
488;1;10;10;1161033743716;2006-10-16 21:22:23.716;2006-09-19 22:50:03.767785504;0;0;0;0;0
489;1;10;10;1161033838716;2006-10-16 21:23:58.716;2006-09-19 22:50:03.797532891;0;0;0;0;0
490;1;10;10;1161033977716;2006-10-16 21:26:17.716;2006-09-19 22:50:03.841058016;0;0;0;0;0
491;1;10;10;1161034056716;2006-10-16 21:27:36.716;2006-09-19 22:50:03.865795317;0;0;0;0;0
492;1;20;20;1161043583716;2006-10-17 00:06:23.716;2006-09-19 22:50:06.848988565;0;0;0;0;0
493;1;60;270;1161045709716;2006-10-17 00:41:49.716;2006-09-19 22:50:07.514703779;210;103;37;35;35
494;1;60;270;1161047088716;2006-10-17 01:04:48.716;2006-09-19 22:50:07.946510590;210;86;50;32;42
495;1;60;270;1161051485716;2006-10-17 02:18:05.716;2006-09-19 22:50:09.323344925;210;57;52;52;49
496;1;10;10;1161110452716;2006-10-17 18:40:52.716;2006-09-19 22:50:27.787704772;0;0;0;0;0
497;1;60;270;1161111246716;2006-10-17 18:54:06.716;2006-09-19 22:50:28.036330303;210;102;52;18;38
498;1;60;270;1161111928716;2006-10-17 19:05:28.716;2006-09-19 22:50:28.249885231;210;63;52;52;43
499;1;30;150;1161112769716;2006-10-17 19:19:29.716;2006-09-19 22:50:28.513227891;120;52;16;29;23
500;1;60;270;1161113256716;2006-10-17 19:27:36.716;2006-09-19 22:50:28.665722392;210;57;52;52;49
501;1;60;270;1161114533716;2006-10-17 19:48:53.716;2006-09-19 22:50:29.065589903;210;92;28;48;42
502;1;10;30;1161115034716;2006-10-17 19:57:14.716;2006-09-19 22:50:29.222468230;20;8;4;5;3
503;1;60;270;1161115214716;2006-10-17 20:00:14.716;2006-09-19 22:50:29.278831700;210;46;52;52;60
504;1;10;30;1161115802716;2006-10-17 20:10:02.716;2006-09-19 22:50:29.462952371;20;10;1;5;4
505;1;60;270;1161115988716;2006-10-17 20:13:08.716;2006-09-19 22:50:29.521194624;210;71;50;52;37
506;1;60;270;1161116303716;2006-10-17 20:18:23.716;2006-09-19 22:50:29.619830698;210;93;27;51;39
507;1;60;270;1161116763716;2006-10-17 20:26:03.716;2006-09-19 22:50:29.763870678;210;57;52;52;49
508;1;60;270;1161117212716;2006-10-17 20:33:32.716;2006-09-19 22:50:29.904466224;210;67;50;52;41
509;1;60;270;1161117722716;2006-10-17 20:42:02.716;2006-09-19 22:50:30.064162724;210;62;52;52;44
510;1;60;270;1161119919716;2006-10-17 21:18:39.716;2006-09-19 22:50:30.752110196;210;80;39;49;42
511;1;10;10;1161123641716;2006-10-17 22:20:41.716;2006-09-19 22:50:31.917581517;0;0;0;0;0
512;1;30;150;1161127881716;2006-10-17 23:31:21.716;2006-09-19 22:50:33.245254380;120;53;17;27;23
513;1;60;270;1161127989716;2006-10-17 23:33:09.716;2006-09-19 22:50:33.279072463;210;51;52;52;55
514;1;10;10;1161128390716;2006-10-17 23:39:50.716;2006-09-19 22:50:33.404637750;0;0;0;0;0
515;1;10;10;1161129939716;2006-10-18 00:05:39.716;2006-09-19 22:50:33.889676728;0;0;0;0;0
516;1;10;10;1161130413716;2006-10-18 00:13:33.716;2006-09-19 22:50:34.038100534;0;0;0;0;0
517;1;10;10;1161130701716;2006-10-18 00:18:21.716;2006-09-19 22:50:34.128282087;0;0;0;0;0
518;1;30;150;1161130898716;2006-10-18 00:21:38.716;2006-09-19 22:50:34.189968774;120;28;30;30;32
519;1;20;20;1161131024716;2006-10-18 00:23:44.716;2006-09-19 22:50:34.229423204;0;0;0;0;0
520;1;10;10;1161131094716;2006-10-18 00:24:54.716;2006-09-19 22:50:34.251342331;0;0;0;0;0
521;1;10;10;1161131785716;2006-10-18 00:36:25.716;2006-09-19 22:50:34.467715432;0;0;0;0;0
522;1;10;10;1161132278716;2006-10-18 00:44:38.716;2006-09-19 22:50:34.622088716;0;0;0;0;0
523;1;60;270;1161132429716;2006-10-18 00:47:09.716;2006-09-19 22:50:34.669371405;210;77;40;52;41
524;1;60;270;1161133799716;2006-10-18 01:09:59.716;2006-09-19 22:50:35.098360042;210;72;46;51;41
525;1;30;150;1161134359716;2006-10-18 01:19:19.716;2006-09-19 22:50:35.273713062;120;55;11;30;24
526;6;50;1880;1161134708716;2006-10-18 01:25:08.716;2006-09-19 22:50:35.382995569;1830;690;320;457;363
527;1;20;30;1161134941716;2006-10-18 01:29:01.716;2006-09-19 22:50:35.455954950;10;5;2;1;2
528;1;50;230;1161135463716;2006-10-18 01:37:43.716;2006-09-19 22:50:35.619409015;180;37;45;45;53
529;1;40;180;1161135948716;2006-10-18 01:45:48.716;2006-09-19 22:50:35.771277256;140;55;32;28;25
530;1;60;270;1161136221716;2006-10-18 01:50:21.716;2006-09-19 22:50:35.856761853;210;65;52;52;41
531;1;10;10;1161194329716;2006-10-18 17:58:49.716;2006-09-19 22:50:54.052142692;0;0;0;0;0
532;1;10;10;1161195518716;2006-10-18 18:18:38.716;2006-09-19 22:50:54.424454729;0;0;0;0;0
533;1;10;10;1161195640716;2006-10-18 18:20:40.716;2006-09-19 22:50:54.462656637;0;0;0;0;0
534;1;10;10;1161196836716;2006-10-18 18:40:36.716;2006-09-19 22:50:54.837160586;0;0;0;0;0
535;1;10;10;1161197041716;2006-10-18 18:44:01.716;2006-09-19 22:50:54.901352316;0;0;0;0;0
536;1;10;10;1161208155716;2006-10-18 21:49:15.716;2006-09-19 22:50:58.381483497;0;0;0;0;0
537;1;10;10;1161208335716;2006-10-18 21:52:15.716;2006-09-19 22:50:58.437846968;0;0;0;0;0
538;1;10;10;1161209101716;2006-10-18 22:05:01.716;2006-09-19 22:50:58.677704848;0;0;0;0;0
539;1;10;10;1161210587716;2006-10-18 22:29:47.716;2006-09-19 22:50:59.143016611;0;0;0;0;0
540;1;10;10;1161213375716;2006-10-18 23:16:15.716;2006-09-19 22:51:00.016024145;0;0;0;0;0
541;1;10;10;1161214798716;2006-10-18 23:39:58.716;2006-09-19 22:51:00.461608694;0;0;0;0;0
542;1;20;20;1161215204716;2006-10-18 23:46:44.716;2006-09-19 22:51:00.588739633;0;0;0;0;0
543;1;20;20;1161215344716;2006-10-18 23:49:04.716;2006-09-19 22:51:00.632577888;0;0;0;0;0
544;1;10;10;1161215541716;2006-10-18 23:52:21.716;2006-09-19 22:51:00.694264575;0;0;0;0;0
545;1;10;10;1161215605716;2006-10-18 23:53:25.716;2006-09-19 22:51:00.714304920;0;0;0;0;0
546;1;10;10;1161215720716;2006-10-18 23:55:20.716;2006-09-19 22:51:00.750314915;0;0;0;0;0
547;1;10;10;1161216040716;2006-10-19 00:00:40.716;2006-09-19 22:51:00.850516641;0;0;0;0;0
548;1;10;10;1161216177716;2006-10-19 00:02:57.716;2006-09-19 22:51:00.893415505;0;0;0;0;0
549;1;60;270;1161216378716;2006-10-19 00:06:18.716;2006-09-19 22:51:00.956354714;210;76;51;41;42
550;1;20;20;1161216465716;2006-10-19 00:07:45.716;2006-09-19 22:51:00.983597058;0;0;0;0;0
551;1;10;10;1161216728716;2006-10-19 00:12:08.716;2006-09-19 22:51:01.065950351;0;0;0;0;0
552;1;60;270;1161216870716;2006-10-19 00:14:30.716;2006-09-19 22:51:01.110414867;210;74;44;52;40
553;1;30;230;1161217178716;2006-10-19 00:19:38.716;2006-09-19 22:51:01.206859028;200;76;45;41;38
554;1;20;30;1161217729716;2006-10-19 00:28:49.716;2006-09-19 22:51:01.379393874;10;2;2;2;4
555;1;20;30;1161218172716;2006-10-19 00:36:12.716;2006-09-19 22:51:01.518110638;10;2;2;2;4
556;1;60;270;1161218525716;2006-10-19 00:42:05.716;2006-09-19 22:51:01.628645666;210;81;44;44;41
557;1;60;270;1161218966716;2006-10-19 00:49:26.716;2006-09-19 22:51:01.766736169;210;102;48;40;20
558;1;60;510;1161219331716;2006-10-19 00:55:31.716;2006-09-19 22:51:01.881028762;450;170;103;94;83
559;1;20;20;1161224979716;2006-10-19 02:29:39.716;2006-09-19 22:51:03.649589218;0;0;0;0;0
560;1;20;20;1161225662716;2006-10-19 02:41:02.716;2006-09-19 22:51:03.863457276;0;0;0;0;0
561;1;10;10;1161283667716;2006-10-19 18:47:47.716;2006-09-19 22:51:22.026585686;0;0;0;0;0
562;1;20;20;1161283908716;2006-10-19 18:51:48.716;2006-09-19 22:51:22.102050110;0;0;0;0;0
563;1;10;10;1161284096716;2006-10-19 18:54:56.716;2006-09-19 22:51:22.160918624;0;0;0;0;0
564;1;10;320;1161284198716;2006-10-19 18:56:38.716;2006-09-19 22:51:22.192857924;310;154;42;61;53
565;1;10;320;1161285404716;2006-10-19 19:16:44.716;2006-09-19 22:51:22.570493177;310;151;53;50;56
566;1;10;330;1161286212716;2006-10-19 19:30:12.716;2006-09-19 22:51:22.823502534;320;131;55;77;57
567;1;10;10;1161287682716;2006-10-19 19:54:42.716;2006-09-19 22:51:23.283804211;0;0;0;0;0
568;8;10;2190;1161288680716;2006-10-19 20:11:20.716;2006-09-19 22:51:23.596308342;2180;855;364;528;433
569;1;20;20;1161289473716;2006-10-19 20:24:33.716;2006-09-19 22:51:23.844620744;0;0;0;0;0
570;1;60;270;1161289549716;2006-10-19 20:25:49.716;2006-09-19 22:51:23.868418653;210;51;52;52;55
571;9;10;2580;1161289933716;2006-10-19 20:32:13.716;2006-09-19 22:51:23.988660724;2570;970;595;589;416
572;3;10;770;1161290370716;2006-10-19 20:39:30.716;2006-09-19 22:51:24.125498706;760;187;190;190;193
573;9;10;2580;1161290429716;2006-10-19 20:40:29.716;2006-09-19 22:51:24.143973399;2570;609;642;642;677
574;1;20;20;1161290460716;2006-10-19 20:41:00.716;2006-09-19 22:51:24.153680441;0;0;0;0;0
575;1;10;10;1161290653716;2006-10-19 20:44:13.716;2006-09-19 22:51:24.214114607;0;0;0;0;0
576;1;20;20;1161290817716;2006-10-19 20:46:57.716;2006-09-19 22:51:24.265467991;0;0;0;0;0
577;1;10;10;1161290917716;2006-10-19 20:48:37.716;2006-09-19 22:51:24.296781030;0;0;0;0;0
578;1;10;10;1161296969716;2006-10-19 22:29:29.716;2006-09-19 22:51:26.191846165;0;0;0;0;0
579;1;10;10;1161297805716;2006-10-19 22:43:25.716;2006-09-19 22:51:26.453623173;0;0;0;0;0
580;1;10;150;1161300314716;2006-10-19 23:25:14.716;2006-09-19 22:51:27.239267327;140;51;32;34;23
581;1;10;100;1161306614716;2006-10-20 01:10:14.716;2006-09-19 22:51:29.211988799;90;22;22;22;24
582;1;60;270;1161307891716;2006-10-20 01:31:31.716;2006-09-19 22:51:29.611856310;210;53;52;52;53
583;1;20;20;1161308064716;2006-10-20 01:34:24.716;2006-09-19 22:51:29.666027868;0;0;0;0;0
584;1;60;270;1161308286716;2006-10-20 01:38:06.716;2006-09-19 22:51:29.735542815;210;90;48;42;30
585;1;80;350;1161310215716;2006-10-20 02:10:15.716;2006-09-19 22:51:30.339571342;270;76;67;67;60
586;1;30;120;1161310868716;2006-10-20 02:21:08.716;2006-09-19 22:51:30.544045488;90;42;10;20;18
587;1;10;10;1161310907716;2006-10-20 02:21:47.716;2006-09-19 22:51:30.556257574;0;0;0;0;0
588;1;60;270;1161311168716;2006-10-20 02:26:08.716;2006-09-19 22:51:30.637984606;210;71;45;52;42
589;1;50;50;1161311629716;2006-10-20 02:33:49.716;2006-09-19 22:51:30.782337717;0;0;0;0;0
590;1;60;270;1161311946716;2006-10-20 02:39:06.716;2006-09-19 22:51:30.881600051;210;90;45;48;27
591;1;60;270;1161312373716;2006-10-20 02:46:13.716;2006-09-19 22:51:31.015306729;210;66;51;51;42
592;1;80;390;1161313053716;2006-10-20 02:57:33.716;2006-09-19 22:51:31.228235396;310;120;69;75;46
593;1;60;330;1161313904716;2006-10-20 03:11:44.716;2006-09-19 22:51:31.494709360;270;65;67;67;71
594;1;70;530;1161314458716;2006-10-20 03:20:58.716;2006-09-19 22:51:31.668183597;460;167;94;113;86
595;1;10;10;1161365859716;2006-10-20 17:37:39.716;2006-09-19 22:51:47.763398895;0;0;0;0;0
596;1;10;10;1161366705716;2006-10-20 17:51:45.716;2006-09-19 22:51:48.028307207;0;0;0;0;0
597;1;10;10;1161367048716;2006-10-20 17:57:28.716;2006-09-19 22:51:48.135710931;0;0;0;0;0
598;1;50;50;1161367953716;2006-10-20 18:12:33.716;2006-09-19 22:51:48.419093937;0;0;0;0;0
599;1;10;10;1161368438716;2006-10-20 18:20:38.716;2006-09-19 22:51:48.570962177;0;0;0;0;0
600;1;10;10;1161369000716;2006-10-20 18:30:00.716;2006-09-19 22:51:48.746941457;0;0;0;0;0
601;1;10;10;1161369273716;2006-10-20 18:34:33.716;2006-09-19 22:51:48.832426054;0;0;0;0;0
602;1;20;20;1161369737716;2006-10-20 18:42:17.716;2006-09-19 22:51:48.977718557;0;0;0;0;0
603;1;30;400;1161370269716;2006-10-20 18:51:09.716;2006-09-19 22:51:49.144303925;370;101;92;92;85
604;1;80;390;1161370801716;2006-10-20 19:00:01.716;2006-09-19 22:51:49.310889294;310;139;62;66;43
605;1;30;400;1161371228716;2006-10-20 19:07:08.716;2006-09-19 22:51:49.444595972;370;156;63;81;70
606;1;80;390;1161372878716;2006-10-20 19:34:38.716;2006-09-19 22:51:49.961261119;310;130;75;54;51
607;1;80;390;1161373035716;2006-10-20 19:37:15.716;2006-09-19 22:51:50.010422591;310;86;77;77;70
608;1;10;10;1161375116716;2006-10-20 20:11:56.716;2006-09-19 22:51:50.662046937;0;0;0;0;0
609;1;30;400;1161375256716;2006-10-20 20:14:16.716;2006-09-19 22:51:50.705885192;370;125;89;86;70
610;1;30;400;1161376895716;2006-10-20 20:41:35.716;2006-09-19 22:51:51.219105905;370;173;83;62;52
611;7;50;3900;1161376940716;2006-10-20 20:42:20.716;2006-09-19 22:51:51.233196773;3850;1338;818;962;732
612;1;70;540;1161377194716;2006-10-20 20:46:34.716;2006-09-19 22:51:51.312731892;470;235;28;115;92
613;1;10;10;1161377334716;2006-10-20 20:48:54.716;2006-09-19 22:51:51.356570147;0;0;0;0;0
614;1;30;400;1161377496716;2006-10-20 20:51:36.716;2006-09-19 22:51:51.407297271;370;160;72;74;64
615;1;10;10;1161377962716;2006-10-20 20:59:22.716;2006-09-19 22:51:51.553216034;0;0;0;0;0
616;1;10;10;1161378248716;2006-10-20 21:04:08.716;2006-09-19 22:51:51.642771326;0;0;0;0;0
617;1;10;10;1161378703716;2006-10-20 21:11:43.716;2006-09-19 22:51:51.785245654;0;0;0;0;0
618;1;10;10;1161379120716;2006-10-20 21:18:40.716;2006-09-19 22:51:51.915821028;0;0;0;0;0
619;1;10;10;1161379793716;2006-10-20 21:29:53.716;2006-09-19 22:51:52.126557782;0;0;0;0;0
620;1;10;10;1161380079716;2006-10-20 21:34:39.716;2006-09-19 22:51:52.216113074;0;0;0;0;0
621;1;10;10;1161380237716;2006-10-20 21:37:17.716;2006-09-19 22:51:52.265587676;0;0;0;0;0
622;1;10;10;1161380346716;2006-10-20 21:39:06.716;2006-09-19 22:51:52.299718889;0;0;0;0;0
623;1;10;10;1161380430716;2006-10-20 21:40:30.716;2006-09-19 22:51:52.326021842;0;0;0;0;0
624;1;10;10;1161380665716;2006-10-20 21:44:25.716;2006-09-19 22:51:52.399607484;0;0;0;0;0
625;1;10;10;1161382639716;2006-10-20 22:17:19.716;2006-09-19 22:51:53.017726879;0;0;0;0;0
626;1;10;10;1161385069716;2006-10-20 22:57:49.716;2006-09-19 22:51:53.778633732;0;0;0;0;0
627;1;10;10;1161385301716;2006-10-20 23:01:41.716;2006-09-19 22:51:53.851279983;0;0;0;0;0
628;1;10;10;1161385426716;2006-10-20 23:03:46.716;2006-09-19 22:51:53.890421282;0;0;0;0;0
629;1;10;10;1161385525716;2006-10-20 23:05:25.716;2006-09-19 22:51:53.921421191;0;0;0;0;0
630;1;20;20;1161386645716;2006-10-20 23:24:05.716;2006-09-19 22:51:54.272127231;0;0;0;0;0
631;1;30;100;1161388535716;2006-10-20 23:55:35.716;2006-09-19 22:51:54.863943672;70;24;16;16;14
632;1;70;530;1161388835716;2006-10-21 00:00:35.716;2006-09-19 22:51:54.957882790;460;167;94;107;92
633;1;10;100;1161389481716;2006-10-21 00:11:21.716;2006-09-19 22:51:55.160165023;90;23;22;22;23
634;1;10;100;1161390718716;2006-10-21 00:31:58.716;2006-09-19 22:51:55.547507319;90;24;22;22;22
635;1;10;100;1161391362716;2006-10-21 00:42:42.716;2006-09-19 22:51:55.749163291;90;31;19;22;18
636;1;30;400;1161392485716;2006-10-21 01:01:25.716;2006-09-19 22:51:56.100808722;370;113;92;91;74
637;1;20;20;1161392884716;2006-10-21 01:08:04.716;2006-09-19 22:51:56.225747749;0;0;0;0;0
638;1;10;100;1161393224716;2006-10-21 01:13:44.716;2006-09-19 22:51:56.332212082;90;35;17;21;17
639;2;30;880;1161393210716;2006-10-21 01:13:30.716;2006-09-19 22:51:56.327828257;850;363;109;212;166
640;1;10;100;1161393507716;2006-10-21 01:18:27.716;2006-09-19 22:51:56.420827983;90;22;22;22;24
641;1;10;20;1161394022716;2006-10-21 01:27:02.716;2006-09-19 22:51:56.582090135;10;3;2;2;3
642;1;10;10;1161394511716;2006-10-21 01:35:11.716;2006-09-19 22:51:56.735210897;0;0;0;0;0
643;1;10;10;1161567717716;2006-10-23 01:41:57.716;2006-09-19 22:52:50.971273637;0;0;0;0;0
644;1;10;10;1161570293716;2006-10-23 02:24:53.716;2006-09-19 22:52:51.777897528;0;0;0;0;0
645;1;20;20;1161571148716;2006-10-23 02:39:08.716;2006-09-19 22:52:52.045624013;0;0;0;0;0
646;1;20;20;1161572360716;2006-10-23 02:59:20.716;2006-09-19 22:52:52.425138049;0;0;0;0;0
647;1;20;20;1161574693716;2006-10-23 03:38:13.716;2006-09-19 22:52:53.155671254;0;0;0;0;0
648;1;10;10;1161574848716;2006-10-23 03:40:48.716;2006-09-19 22:52:53.204206465;0;0;0;0;0
649;1;40;50;1161575145716;2006-10-23 03:45:45.716;2006-09-19 22:52:53.297206192;10;4;2;2;2
650;1;30;40;1161575729716;2006-10-23 03:55:29.716;2006-09-19 22:52:53.480074341;10;5;2;1;2
651;1;10;10;1161575992716;2006-10-23 03:59:52.716;2006-09-19 22:52:53.562427634;0;0;0;0;0
652;1;40;50;1161576079716;2006-10-23 04:01:19.716;2006-09-19 22:52:53.589669978;10;2;2;2;4
653;1;40;50;1161577055716;2006-10-23 04:17:35.716;2006-09-19 22:52:53.895285241;10;3;2;2;3
654;1;10;20;1161577417716;2006-10-23 04:23:37.716;2006-09-19 22:52:54.008638443;10;5;1;2;2
655;1;10;20;1161577607716;2006-10-23 04:26:47.716;2006-09-19 22:52:54.068133218;10;4;2;2;2
656;1;10;20;1161577784716;2006-10-23 04:29:44.716;2006-09-19 22:52:54.123557297;10;4;2;2;2
657;1;40;50;1161577953716;2006-10-23 04:32:33.716;2006-09-19 22:52:54.176476333;10;2;2;2;4
658;1;40;50;1161578922716;2006-10-23 04:48:42.716;2006-09-19 22:52:54.479899684;10;2;2;2;4
659;1;30;40;1161579717716;2006-10-23 05:01:57.716;2006-09-19 22:52:54.728838346;10;5;2;2;1
660;1;20;20;1161628658716;2006-10-23 18:37:38.716;2006-09-19 22:53:10.053752878;0;0;0;0;0
661;1;10;10;1161628904716;2006-10-23 18:41:44.716;2006-09-19 22:53:10.130782955;0;0;0;0;0
662;1;10;10;1161629001716;2006-10-23 18:43:21.716;2006-09-19 22:53:10.161156603;0;0;0;0;0
663;1;20;60;1161630743716;2006-10-23 19:12:23.716;2006-09-19 22:53:10.706629746;40;19;9;6;6
664;1;50;410;1161635266716;2006-10-23 20:27:46.716;2006-09-19 22:53:12.122918511;360;132;77;84;67
665;1;30;400;1161636494716;2006-10-23 20:48:14.716;2006-09-19 22:53:12.507442633;370;112;92;92;74
666;1;10;10;1161647264716;2006-10-23 23:47:44.716;2006-09-19 22:53:15.879856959;0;0;0;0;0
667;10;50;3100;1161651074716;2006-10-24 00:51:14.716;2006-09-19 22:53:17.072883754;3050;700;762;762;826
668;1;10;10;1161651539716;2006-10-24 00:58:59.716;2006-09-19 22:53:17.218489386;0;0;0;0;0
669;1;20;20;1161652599716;2006-10-24 01:16:39.716;2006-09-19 22:53:17.550407602;0;0;0;0;0
670;1;30;40;1161653802716;2006-10-24 01:36:42.716;2006-09-19 22:53:17.927103464;10;3;2;2;3
671;1;10;10;1161654391716;2006-10-24 01:46:31.716;2006-09-19 22:53:18.111537265;0;0;0;0;0
672;1;10;10;1161654458716;2006-10-24 01:47:38.716;2006-09-19 22:53:18.132517001;0;0;0;0;0
673;1;30;40;1161655893716;2006-10-24 02:11:33.716;2006-09-19 22:53:18.581859114;10;3;2;2;3
674;1;10;10;1161656008716;2006-10-24 02:13:28.716;2006-09-19 22:53:18.617869110;0;0;0;0;0
675;1;10;10;1161656723716;2006-10-24 02:25:23.716;2006-09-19 22:53:18.841757340;0;0;0;0;0
676;1;30;40;1161658210716;2006-10-24 02:50:10.716;2006-09-19 22:53:19.307382234;10;4;2;2;2
677;1;10;10;1161658343716;2006-10-24 02:52:23.716;2006-09-19 22:53:19.349028576;0;0;0;0;0
678;1;80;390;1161660616716;2006-10-24 03:30:16.716;2006-09-19 22:53:20.060773958;310;100;76;74;60
679;1;20;60;1161720421716;2006-10-24 20:07:01.716;2006-09-19 22:53:38.787537073;40;20;3;10;7
680;1;20;60;1161720768716;2006-10-24 20:12:48.716;2006-09-19 22:53:38.896193319;40;17;8;10;5
681;1;10;10;1161721657716;2006-10-24 20:27:37.716;2006-09-19 22:53:39.174566238;0;0;0;0;0
682;1;70;770;1161721924716;2006-10-24 20:32:04.716;2006-09-19 22:53:39.258172053;700;339;106;155;100
683;1;10;10;1161722171716;2006-10-24 20:36:11.716;2006-09-19 22:53:39.335515260;0;0;0;0;0
684;1;10;10;1161722279716;2006-10-24 20:37:59.716;2006-09-19 22:53:39.369333342;0;0;0;0;0
685;1;10;10;1161722483716;2006-10-24 20:41:23.716;2006-09-19 22:53:39.433211942;0;0;0;0;0
686;1;30;40;1161722906716;2006-10-24 20:48:26.716;2006-09-19 22:53:39.565666098;10;4;2;2;2
687;1;50;170;1161723017716;2006-10-24 20:50:17.716;2006-09-19 22:53:39.600423572;120;24;30;30;36
688;1;30;40;1161723556716;2006-10-24 20:59:16.716;2006-09-19 22:53:39.769200853;10;4;2;2;2
689;1;10;10;1161723953716;2006-10-24 21:05:53.716;2006-09-19 22:53:39.893513619;0;0;0;0;0
690;1;30;40;1161724130716;2006-10-24 21:08:50.716;2006-09-19 22:53:39.948937698;10;2;2;2;4
691;1;70;530;1161724552716;2006-10-24 21:15:52.716;2006-09-19 22:53:40.081078724;460;183;94;114;69
692;1;80;390;1161728703716;2006-10-24 22:25:03.716;2006-09-19 22:53:41.380882983;310;94;77;77;62
693;1;70;530;1161729490716;2006-10-24 22:38:10.716;2006-09-19 22:53:41.627316601;460;208;50;111;91
694;1;40;160;1161735671716;2006-10-25 00:21:11.716;2006-09-19 22:53:43.562775557;120;55;23;30;12
695;1;20;60;1161736309716;2006-10-25 00:31:49.716;2006-09-19 22:53:43.762552747;40;12;10;10;8
696;1;70;500;1161739616716;2006-10-25 01:26:56.716;2006-09-19 22:53:44.798074955;430;165;92;97;76
697;1;70;590;1161740495716;2006-10-25 01:41:35.716;2006-09-19 22:53:45.073316569;520;250;55;128;87
698;1;80;390;1161742039716;2006-10-25 02:07:19.716;2006-09-19 22:53:45.556789895;310;108;71;69;62
699;1;50;210;1161743693716;2006-10-25 02:34:53.716;2006-09-19 22:53:46.074707564;160;45;40;40;35
700;1;70;770;1161745262716;2006-10-25 03:01:02.716;2006-09-19 22:53:46.566009150;700;282;133;145;140
701;1;50;210;1161746132716;2006-10-25 03:15:32.716;2006-09-19 22:53:46.838432591;160;34;40;40;46
702;1;20;60;1161747046716;2006-10-25 03:30:46.716;2006-09-19 22:53:47.124633770;40;14;8;10;8
703;1;50;210;1161747283716;2006-10-25 03:34:43.716;2006-09-19 22:53:47.198845673;160;42;40;40;38
704;1;50;610;1161748720716;2006-10-25 03:58:40.716;2006-09-19 22:53:47.648814047;560;123;140;140;157
705;1;80;390;1161750011716;2006-10-25 04:20:11.716;2006-09-19 22:53:48.053065383;310;135;67;61;47
706;1;70;770;1161752569716;2006-10-25 05:02:49.716;2006-09-19 22:53:48.854052927;700;339;147;149;65
707;1;10;10;1161752831716;2006-10-25 05:07:11.716;2006-09-19 22:53:48.936093090;0;0;0;0;0
708;1;30;40;1161754396716;2006-10-25 05:33:16.716;2006-09-19 22:53:49.426142154;10;5;2;1;2
709;1;10;10;1161754692716;2006-10-25 05:38:12.716;2006-09-19 22:53:49.518828750;0;0;0;0;0
710;1;30;40;1161754759716;2006-10-25 05:39:19.716;2006-09-19 22:53:49.539808486;10;5;2;2;1
711;1;30;40;1161755092716;2006-10-25 05:44:52.716;2006-09-19 22:53:49.644080907;10;5;2;2;1
712;1;10;10;1161755319716;2006-10-25 05:48:39.716;2006-09-19 22:53:49.715161506;0;0;0;0;0
713;1;30;40;1161755420716;2006-10-25 05:50:20.716;2006-09-19 22:53:49.746787676;10;3;2;2;3
714;1;20;60;1161756861716;2006-10-25 06:14:21.716;2006-09-19 22:53:50.198008571;40;19;4;10;7
715;1;70;570;1161759696716;2006-10-25 07:01:36.716;2006-09-19 22:53:51.085733233;500;200;115;120;65
716;1;30;100;1161797872716;2006-10-25 17:37:52.716;2006-09-19 22:54:03.039799092;70;35;4;17;14
717;1;10;10;1161802644716;2006-10-25 18:57:24.716;2006-09-19 22:54:04.534057325;0;0;0;0;0
718;1;10;20;1161803703716;2006-10-25 19:15:03.716;2006-09-19 22:54:04.865662410;10;2;2;2;4
719;1;20;60;1161804387716;2006-10-25 19:26:27.716;2006-09-19 22:54:05.079843599;40;8;10;10;12
720;1;20;60;1161804839716;2006-10-25 19:33:59.716;2006-09-19 22:54:05.221378536;40;12;10;10;8
721;1;20;60;1161805078716;2006-10-25 19:37:58.716;2006-09-19 22:54:05.296216700;40;11;10;10;9
722;1;10;10;1161805136716;2006-10-25 19:38:56.716;2006-09-19 22:54:05.314378262;0;0;0;0;0
723;1;70;400;1161805390716;2006-10-25 19:43:10.716;2006-09-19 22:54:05.393913382;330;142;67;70;51
724;1;80;390;1161805748716;2006-10-25 19:49:08.716;2006-09-19 22:54:05.506014063;310;90;77;77;66
725;1;20;210;1161806471716;2006-10-25 20:01:11.716;2006-09-19 22:54:05.732407336;190;50;47;47;46
726;1;70;570;1161807137716;2006-10-25 20:12:17.716;2006-09-19 22:54:05.940952178;500;145;125;125;105
727;1;30;40;1161807413716;2006-10-25 20:16:53.716;2006-09-19 22:54:06.027376166;10;4;2;2;2
728;1;30;40;1161808892716;2006-10-25 20:41:32.716;2006-09-19 22:54:06.490496016;10;2;2;2;4
729;1;30;40;1161809044716;2006-10-25 20:44:04.716;2006-09-19 22:54:06.538091836;10;3;2;2;3
730;1;30;40;1161809383716;2006-10-25 20:49:43.716;2006-09-19 22:54:06.644243039;10;3;2;2;3
731;1;20;60;1161809563716;2006-10-25 20:52:43.716;2006-09-19 22:54:06.700606509;40;10;10;10;10
732;1;20;60;1161809635716;2006-10-25 20:53:55.716;2006-09-19 22:54:06.723151898;40;12;10;10;8
733;1;30;40;1161810316716;2006-10-25 21:05:16.716;2006-09-19 22:54:06.936393695;10;4;2;2;2
734;1;80;390;1161810456716;2006-10-25 21:07:36.716;2006-09-19 22:54:06.980231950;310;86;77;77;70
735;1;50;50;1161810823716;2006-10-25 21:13:43.716;2006-09-19 22:54:07.095150804;0;0;0;0;0
736;1;10;10;1161812658716;2006-10-25 21:44:18.716;2006-09-19 22:54:07.669745074;0;0;0;0;0
737;1;10;10;1161814675716;2006-10-25 22:17:55.716;2006-09-19 22:54:08.301329075;0;0;0;0;0
738;1;20;60;1161816373716;2006-10-25 22:46:13.716;2006-09-19 22:54:08.833024481;40;9;10;10;11
739;1;70;530;1161816758716;2006-10-25 22:52:38.716;2006-09-19 22:54:08.953579682;460;101;115;115;129
740;1;20;60;1161817992716;2006-10-25 23:13:12.716;2006-09-19 22:54:09.339982587;40;15;8;10;7
741;1;20;60;1161818604716;2006-10-25 23:23:24.716;2006-09-19 22:54:09.531618387;40;18;8;10;4
742;1;10;30;1161819121716;2006-10-25 23:32:01.716;2006-09-19 22:54:09.693506800;20;10;1;5;4
743;1;80;390;1161819340716;2006-10-25 23:35:40.716;2006-09-19 22:54:09.762082356;310;126;62;74;48
744;1;70;570;1161819583716;2006-10-25 23:39:43.716;2006-09-19 22:54:09.838173041;500;110;125;125;140
745;1;30;40;1161820020716;2006-10-25 23:47:00.716;2006-09-19 22:54:09.975011022;10;2;2;2;4
746;1;20;60;1161820205716;2006-10-25 23:50:05.716;2006-09-19 22:54:10.032940145;40;17;5;10;8
747;1;70;530;1161820342716;2006-10-25 23:52:22.716;2006-09-19 22:54:10.075839009;460;177;102;105;76
748;1;30;40;1161820386716;2006-10-25 23:53:06.716;2006-09-19 22:54:10.089616746;10;2;2;2;4
749;1;30;110;1161820689716;2006-10-25 23:58:09.716;2006-09-19 22:54:10.184495255;80;16;20;20;24
750;1;70;470;1161821866716;2006-10-26 00:17:46.716;2006-09-19 22:54:10.553049727;400;177;83;94;46
751;1;80;390;1161822873716;2006-10-26 00:34:33.716;2006-09-19 22:54:10.868372032;310;62;77;77;94
752;1;70;460;1161822896716;2006-10-26 00:34:56.716;2006-09-19 22:54:10.875574031;390;98;97;97;98
753;1;30;110;1161823138716;2006-10-26 00:38:58.716;2006-09-19 22:54:10.951351586;80;31;19;19;11
754;1;70;470;1161823653716;2006-10-26 00:47:33.716;2006-09-19 22:54:11.112613738;400;171;65;88;76
755;1;30;40;1161824509716;2006-10-26 01:01:49.716;2006-09-19 22:54:11.380653354;10;4;2;2;2
756;1;70;570;1161825174716;2006-10-26 01:12:54.716;2006-09-19 22:54:11.588885065;500;232;45;123;100
757;1;70;620;1161825775716;2006-10-26 01:22:55.716;2006-09-19 22:54:11.777076430;550;132;137;137;144
758;1;20;60;1161826153716;2006-10-26 01:29:13.716;2006-09-19 22:54:11.895439719;40;12;10;10;8
759;1;30;40;1161826555716;2006-10-26 01:35:55.716;2006-09-19 22:54:12.021318136;10;2;2;2;4
760;1;30;100;1161827151716;2006-10-26 01:45:51.716;2006-09-19 22:54:12.207943850;70;18;17;17;18
761;1;70;530;1161827636716;2006-10-26 01:53:56.716;2006-09-19 22:54:12.359812091;460;174;95;112;79
762;1;20;60;1161828689716;2006-10-26 02:11:29.716;2006-09-19 22:54:12.689538394;40;16;6;10;8
763;5;80;1770;1161829271716;2006-10-26 02:21:11.716;2006-09-19 22:54:12.871780282;1690;388;422;422;458
764;5;80;1770;1161830343716;2006-10-26 02:39:03.716;2006-09-19 22:54:13.207456063;1690;510;420;422;338
765;1;30;40;1161830986716;2006-10-26 02:49:46.716;2006-09-19 22:54:13.408798905;10;5;2;1;2
766;1;30;160;1161831893716;2006-10-26 03:04:53.716;2006-09-19 22:54:13.692808171;130;65;8;32;25
767;1;30;40;1161832313716;2006-10-26 03:11:53.716;2006-09-19 22:54:13.824322936;10;4;2;2;2
768;1;10;10;1161833320716;2006-10-26 03:28:40.716;2006-09-19 22:54:14.139645241;0;0;0;0;0
769;1;10;160;1161834696716;2006-10-26 03:51:36.716;2006-09-19 22:54:14.570512661;150;37;37;37;39
770;1;30;40;1161834778716;2006-10-26 03:52:58.716;2006-09-19 22:54:14.596189353;10;4;2;2;2
771;1;30;40;1161835371716;2006-10-26 04:02:51.716;2006-09-19 22:54:14.781875676;10;3;2;2;3
772;1;10;30;1161835886716;2006-10-26 04:11:26.716;2006-09-19 22:54:14.943137828;20;5;5;5;5
773;1;10;30;1161836128716;2006-10-26 04:15:28.716;2006-09-19 22:54:15.018915383;20;5;5;5;5
774;2;10;490;1161855512716;2006-10-26 09:38:32.716;2006-09-19 22:54:21.088634908;480;213;53;120;94
775;1;10;10;1161855733716;2006-10-26 09:42:13.716;2006-09-19 22:54:21.157836725;0;0;0;0;0
776;1;10;10;1161856109716;2006-10-26 09:48:29.716;2006-09-19 22:54:21.275573752;0;0;0;0;0
777;1;10;10;1161856230716;2006-10-26 09:50:30.716;2006-09-19 22:54:21.313462530;0;0;0;0;0
778;1;10;10;1161856621716;2006-10-26 09:57:01.716;2006-09-19 22:54:21.435896513;0;0;0;0;0
779;1;10;10;1161857137716;2006-10-26 10:05:37.716;2006-09-19 22:54:21.597471796;0;0;0;0;0
780;1;10;10;1161857316716;2006-10-26 10:08:36.716;2006-09-19 22:54:21.653522136;0;0;0;0;0
781;1;10;10;1161857574716;2006-10-26 10:12:54.716;2006-09-19 22:54:21.734309777;0;0;0;0;0
782;1;10;10;1161857740716;2006-10-26 10:15:40.716;2006-09-19 22:54:21.786289422;0;0;0;0;0
783;1;10;10;1161858122716;2006-10-26 10:22:02.716;2006-09-19 22:54:21.905905232;0;0;0;0;0
784;2;10;490;1161858337716;2006-10-26 10:25:37.716;2006-09-19 22:54:21.973228267;480;145;120;119;96
785;1;10;10;1161858817716;2006-10-26 10:33:37.716;2006-09-19 22:54:22.123530855;0;0;0;0;0
786;1;10;10;1161859015716;2006-10-26 10:36:55.716;2006-09-19 22:54:22.185530673;0;0;0;0;0
787;1;10;10;1161859248716;2006-10-26 10:40:48.716;2006-09-19 22:54:22.258490054;0;0;0;0;0
788;1;10;10;1161859406716;2006-10-26 10:43:26.716;2006-09-19 22:54:22.307964656;0;0;0;0;0
789;1;20;20;1161859568716;2006-10-26 10:46:08.716;2006-09-19 22:54:22.358691780;0;0;0;0;0
790;1;30;170;1161888094716;2006-10-26 18:41:34.716;2006-09-19 22:54:31.291049352;140;32;35;35;38
791;1;20;60;1161889935716;2006-10-26 19:12:15.716;2006-09-19 22:54:31.867522405;40;18;4;10;8
792;1;10;10;1161890188716;2006-10-26 19:16:28.716;2006-09-19 22:54:31.946744394;0;0;0;0;0
793;1;10;80;1161890501716;2006-10-26 19:21:41.716;2006-09-19 22:54:32.044754207;70;30;15;17;8
794;5;80;1770;1161890715716;2006-10-26 19:25:15.716;2006-09-19 22:54:32.111764111;1690;566;384;415;325
795;1;20;60;1161895955716;2006-10-26 20:52:35.716;2006-09-19 22:54:33.752567367;40;9;10;10;11
796;1;20;60;1161896146716;2006-10-26 20:55:46.716;2006-09-19 22:54:33.812375272;40;18;6;10;6
797;1;20;90;1161896349716;2006-10-26 20:59:09.716;2006-09-19 22:54:33.875940741;70;19;17;17;17
798;5;80;1770;1161899093716;2006-10-26 21:44:53.716;2006-09-19 22:54:34.735170538;1690;529;402;422;337
799;1;10;10;1161899941716;2006-10-26 21:59:01.716;2006-09-19 22:54:35.000705111;0;0;0;0;0
800;1;10;10;1161900241716;2006-10-26 22:04:01.716;2006-09-19 22:54:35.094644228;0;0;0;0;0
801;1;10;10;1161900453716;2006-10-26 22:07:33.716;2006-09-19 22:54:35.161027872;0;0;0;0;0
802;1;10;10;1161900602716;2006-10-26 22:10:02.716;2006-09-19 22:54:35.207684300;0;0;0;0;0
803;1;10;10;1161901116716;2006-10-26 22:18:36.716;2006-09-19 22:54:35.368633322;0;0;0;0;0
804;1;50;50;1161901266716;2006-10-26 22:21:06.716;2006-09-19 22:54:35.415602881;0;0;0;0;0
805;1;50;50;1161901464716;2006-10-26 22:24:24.716;2006-09-19 22:54:35.477602698;0;0;0;0;0
806;1;50;50;1161901776716;2006-10-26 22:29:36.716;2006-09-19 22:54:35.575299381;0;0;0;0;0
807;1;10;170;1161903327716;2006-10-26 22:55:27.716;2006-09-19 22:54:36.060964619;160;65;40;37;18
808;1;10;20;1161903717716;2006-10-26 23:01:57.716;2006-09-19 22:54:36.183085472;10;4;2;2;2
809;1;10;10;1161903750716;2006-10-26 23:02:30.716;2006-09-19 22:54:36.193418775;0;0;0;0;0
810;1;20;60;1161903814716;2006-10-26 23:03:34.716;2006-09-19 22:54:36.213459120;40;10;10;10;10
811;5;80;1770;1161904184716;2006-10-26 23:09:44.716;2006-09-19 22:54:36.329317366;1690;784;394;339;173
812;1;10;20;1161904297716;2006-10-26 23:11:37.716;2006-09-19 22:54:36.364701100;10;2;2;2;4
813;1;10;10;1161904369716;2006-10-26 23:12:49.716;2006-09-19 22:54:36.387246488;0;0;0;0;0
814;1;10;10;1161904655716;2006-10-26 23:17:35.716;2006-09-19 22:54:36.476801780;0;0;0;0;0
815;1;50;50;1161904973716;2006-10-26 23:22:53.716;2006-09-19 22:54:36.576377245;0;0;0;0;0
816;1;50;50;1161904984716;2006-10-26 23:23:04.716;2006-09-19 22:54:36.579821679;0;0;0;0;0
817;1;20;60;1161906640716;2006-10-26 23:50:40.716;2006-09-19 22:54:37.098365609;40;15;9;9;7
818;1;20;60;1161906836716;2006-10-26 23:53:56.716;2006-09-19 22:54:37.159739166;40;14;9;9;8
819;1;10;10;1161906889716;2006-10-26 23:54:49.716;2006-09-19 22:54:37.176335077;0;0;0;0;0
820;1;20;60;1161907154716;2006-10-26 23:59:14.716;2006-09-19 22:54:37.259314631;40;8;10;10;12
821;1;20;60;1161907749716;2006-10-27 00:09:09.716;2006-09-19 22:54:37.445627214;40;12;10;10;8
822;1;30;60;1161907915716;2006-10-27 00:11:55.716;2006-09-19 22:54:37.497606859;30;9;7;7;7
823;1;10;80;1161908013716;2006-10-27 00:13:33.716;2006-09-19 22:54:37.528293638;70;23;17;16;14
824;1;20;60;1161908143716;2006-10-27 00:15:43.716;2006-09-19 22:54:37.569000589;40;17;5;10;8
825;1;10;80;1161908732716;2006-10-27 00:25:32.716;2006-09-19 22:54:37.753434390;70;33;13;14;10
826;1;10;10;1161910314716;2006-10-27 00:51:54.716;2006-09-19 22:54:38.248806671;0;0;0;0;0
827;1;10;10;1161910994716;2006-10-27 01:03:14.716;2006-09-19 22:54:38.461735338;0;0;0;0;0
828;1;20;60;1161911623716;2006-10-27 01:13:43.716;2006-09-19 22:54:38.658694354;40;9;10;10;11
829;5;80;1770;1161914019716;2006-10-27 01:53:39.716;2006-09-19 22:54:39.408954774;1690;599;383;371;337
830;1;50;50;1161916635716;2006-10-27 02:37:15.716;2006-09-19 22:54:40.228103881;0;0;0;0;0
831;1;10;10;1161930030716;2006-10-27 06:20:30.716;2006-09-19 22:54:44.422485487;0;0;0;0;0
832;1;10;10;1161930353716;2006-10-27 06:25:53.716;2006-09-19 22:54:44.523626603;0;0;0;0;0
833;1;30;40;1161931392716;2006-10-27 06:43:12.716;2006-09-19 22:54:44.848969081;10;2;2;2;4
834;1;50;50;1161931534716;2006-10-27 06:45:34.716;2006-09-19 22:54:44.893433597;0;0;0;0;0
835;1;50;50;1161931867716;2006-10-27 06:51:07.716;2006-09-19 22:54:44.997706017;0;0;0;0;0
836;1;10;10;1161932151716;2006-10-27 06:55:51.716;2006-09-19 22:54:45.086635049;0;0;0;0;0
837;2;20;510;1161934426716;2006-10-27 07:33:46.716;2006-09-19 22:54:45.799006691;490;223;89;90;88
838;1;20;60;1161935161716;2006-10-27 07:46:01.716;2006-09-19 22:54:46.029157530;40;10;10;10;10
839;1;10;10;1161935727716;2006-10-27 07:55:27.716;2006-09-19 22:54:46.206389332;0;0;0;0;0
840;1;20;60;1161936170716;2006-10-27 08:02:50.716;2006-09-19 22:54:46.345106096;40;16;8;9;7
841;1;80;390;1161937126716;2006-10-27 08:18:46.716;2006-09-19 22:54:46.644458751;310;77;77;77;79
842;1;20;60;1161937269716;2006-10-27 08:21:09.716;2006-09-19 22:54:46.689236397;40;15;10;10;5
843;1;10;10;1161975840716;2006-10-27 19:04:00.716;2006-09-19 22:54:58.766988761;0;0;0;0;0
844;1;10;10;1161976090716;2006-10-27 19:08:10.716;2006-09-19 22:54:58.845271359;0;0;0;0;0
845;1;10;10;1161976790716;2006-10-27 19:19:50.716;2006-09-19 22:54:59.064462634;0;0;0;0;0
846;1;30;100;1161978952716;2006-10-27 19:55:52.716;2006-09-19 22:54:59.741450542;70;17;17;17;19
847;1;10;10;1161979615716;2006-10-27 20:06:55.716;2006-09-19 22:54:59.949055992;0;0;0;0;0
848;1;30;100;1161979706716;2006-10-27 20:08:26.716;2006-09-19 22:54:59.977550858;70;16;17;17;20
849;1;30;100;1161980105716;2006-10-27 20:15:05.716;2006-09-19 22:55:00.102489884;70;16;17;17;20
850;1;10;10;1161980293716;2006-10-27 20:18:13.716;2006-09-19 22:55:00.161358398;0;0;0;0;0
851;1;10;10;1161980632716;2006-10-27 20:23:52.716;2006-09-19 22:55:00.267509601;0;0;0;0;0
852;1;10;10;1161980779716;2006-10-27 20:26:19.716;2006-09-19 22:55:00.313539769;0;0;0;0;0
853;1;10;10;1161980886716;2006-10-27 20:28:06.716;2006-09-19 22:55:00.347044721;0;0;0;0;0
854;1;30;100;1161980986716;2006-10-27 20:29:46.716;2006-09-19 22:55:00.378357760;70;31;17;10;12
855;1;10;10;1161981720716;2006-10-27 20:42:00.716;2006-09-19 22:55:00.608195468;0;0;0;0;0
856;1;30;100;1161982426716;2006-10-27 20:53:46.716;2006-09-19 22:55:00.829265525;70;32;11;17;10
857;1;30;100;1161982578716;2006-10-27 20:56:18.716;2006-09-19 22:55:00.876861345;70;31;17;13;9
858;1;10;10;1161983114716;2006-10-27 21:05:14.716;2006-09-19 22:55:01.044699235;0;0;0;0;0
859;1;10;10;1161983347716;2006-10-27 21:09:07.716;2006-09-19 22:55:01.117658616;0;0;0;0;0
860;1;10;10;1161984571716;2006-10-27 21:29:31.716;2006-09-19 22:55:01.500930217;0;0;0;0;0
861;1;10;10;1161985606716;2006-10-27 21:46:46.716;2006-09-19 22:55:01.825020173;0;0;0;0;0
862;1;10;10;1161986096716;2006-10-27 21:54:56.716;2006-09-19 22:55:01.978454065;0;0;0;0;0
863;1;30;30;1161986872716;2006-10-27 22:07:52.716;2006-09-19 22:55:02.221443249;0;0;0;0;0
864;1;10;10;1161988119716;2006-10-27 22:28:39.716;2006-09-19 22:55:02.611916849;0;0;0;0;0
865;1;20;60;1161988348716;2006-10-27 22:32:28.716;2006-09-19 22:55:02.683623709;40;12;10;10;8
866;5;80;1770;1161989173716;2006-10-27 22:46:13.716;2006-09-19 22:55:02.941956282;1690;663;267;422;338
867;1;20;90;1161991995716;2006-10-27 23:33:15.716;2006-09-19 22:55:03.825610250;70;18;17;17;18
868;1;30;100;1161992677716;2006-10-27 23:44:37.716;2006-09-19 22:55:04.039165177;70;22;17;17;14
869;5;80;1770;1161996970716;2006-10-28 00:56:10.716;2006-09-19 22:55:05.383433952;1690;349;422;422;497
870;1;10;10;1161997701716;2006-10-28 01:08:21.716;2006-09-19 22:55:05.612332268;0;0;0;0;0
871;1;20;230;1161998915716;2006-10-28 01:28:35.716;2006-09-19 22:55:05.992472565;210;67;50;52;41
872;1;10;10;1161999188716;2006-10-28 01:33:08.716;2006-09-19 22:55:06.077957162;0;0;0;0;0
873;1;20;60;1161999719716;2006-10-28 01:41:59.716;2006-09-19 22:55:06.244229400;40;8;10;10;12
874;5;80;1770;1162000482716;2006-10-28 01:54:42.716;2006-09-19 22:55:06.483147890;1690;415;422;422;431
875;1;10;10;1162000806716;2006-10-28 02:00:06.716;2006-09-19 22:55:06.584602137;0;0;0;0;0
876;1;10;10;1162001098716;2006-10-28 02:04:58.716;2006-09-19 22:55:06.676036211;0;0;0;0;0
877;1;10;10;1162002148716;2006-10-28 02:22:28.716;2006-09-19 22:55:07.004823123;0;0;0;0;0
878;1;10;10;1162002283716;2006-10-28 02:24:43.716;2006-09-19 22:55:07.047095726;0;0;0;0;0
879;1;10;10;1162002548716;2006-10-28 02:29:08.716;2006-09-19 22:55:07.130075280;0;0;0;0;0
880;1;10;10;1162002779716;2006-10-28 02:32:59.716;2006-09-19 22:55:07.202408401;0;0;0;0;0
881;5;80;1770;1162002850716;2006-10-28 02:34:10.716;2006-09-19 22:55:07.224640659;1690;555;419;404;312
882;1;10;10;1162002923716;2006-10-28 02:35:23.716;2006-09-19 22:55:07.247499177;0;0;0;0;0
883;1;10;10;1162003048716;2006-10-28 02:37:28.716;2006-09-19 22:55:07.286640476;0;0;0;0;0
884;1;10;10;1162003106716;2006-10-28 02:38:26.716;2006-09-19 22:55:07.304802039;0;0;0;0;0
885;1;10;10;1162003239716;2006-10-28 02:40:39.716;2006-09-19 22:55:07.346448381;0;0;0;0;0
886;1;10;10;1162003406716;2006-10-28 02:43:26.716;2006-09-19 22:55:07.398741157;0;0;0;0;0
887;5;80;2220;1162003948716;2006-10-28 02:52:28.716;2006-09-19 22:55:07.568457830;2140;500;535;535;570
888;1;10;10;1162004219716;2006-10-28 02:56:59.716;2006-09-19 22:55:07.653316166;0;0;0;0;0
889;1;10;10;1162004479716;2006-10-28 03:01:19.716;2006-09-19 22:55:07.734730068;0;0;0;0;0
890;1;10;10;1162006759716;2006-10-28 03:39:19.716;2006-09-19 22:55:08.448667362;0;0;0;0;0
891;1;10;10;1162007958716;2006-10-28 03:59:18.716;2006-09-19 22:55:08.824110703;0;0;0;0;0
892;1;10;10;1162011732716;2006-10-28 05:02:12.716;2006-09-19 22:55:10.005864804;0;0;0;0;0
893;1;10;10;1162015328716;2006-10-28 06:02:08.716;2006-09-19 22:55:11.131881695;0;0;0;0;0
894;1;10;10;1162027515716;2006-10-28 09:25:15.716;2006-09-19 22:55:14.948001786;0;0;0;0;0
895;1;10;10;1162027643716;2006-10-28 09:27:23.716;2006-09-19 22:55:14.988082477;0;0;0;0;0
896;1;10;10;1162027927716;2006-10-28 09:32:07.716;2006-09-19 22:55:15.077011508;0;0;0;0;0
897;1;10;10;1162028053716;2006-10-28 09:34:13.716;2006-09-19 22:55:15.116465938;0;0;0;0;0
898;1;10;10;1162031555716;2006-10-28 10:32:35.716;2006-09-19 22:55:16.213048572;0;0;0;0;0
899;1;10;10;1162031631716;2006-10-28 10:33:51.716;2006-09-19 22:55:16.236846481;0;0;0;0;0
900;1;10;10;1162031800716;2006-10-28 10:36:40.716;2006-09-19 22:55:16.289765518;0;0;0;0;0
901;1;10;10;1162031926716;2006-10-28 10:38:46.716;2006-09-19 22:55:16.329219947;0;0;0;0;0
902;1;10;10;1162033808716;2006-10-28 11:10:08.716;2006-09-19 22:55:16.918531346;0;0;0;0;0
903;1;10;10;1162033960716;2006-10-28 11:12:40.716;2006-09-19 22:55:16.966127165;0;0;0;0;0
904;1;10;10;1162100076716;2006-10-29 05:34:36.716;2006-09-19 22:55:37.669056187;0;0;0;0;0
905;1;10;10;1162100161716;2006-10-29 05:36:01.716;2006-09-19 22:55:37.695672270;0;0;0;0;0
906;1;10;10;1162100627716;2006-10-29 05:43:47.716;2006-09-19 22:55:37.841591033;0;0;0;0;0
907;1;20;90;1162100707716;2006-10-29 05:45:07.716;2006-09-19 22:55:37.866641465;70;28;11;17;14
908;5;80;1770;1162100856716;2006-10-29 05:47:36.716;2006-09-19 22:55:37.913297893;1690;551;408;403;328
909;1;10;30;1162152388716;2006-10-29 20:06:28.716;2006-09-19 22:55:54.049533272;20;10;5;1;4
910;1;10;10;1162153578716;2006-10-29 20:26:18.716;2006-09-19 22:55:54.422158439;0;0;0;0;0
911;1;10;10;1162154079716;2006-10-29 20:34:39.716;2006-09-19 22:55:54.579036766;0;0;0;0;0
912;1;10;10;1162154598716;2006-10-29 20:43:18.716;2006-09-19 22:55:54.741551440;0;0;0;0;0
913;1;10;10;1162154873716;2006-10-29 20:47:53.716;2006-09-19 22:55:54.827662297;0;0;0;0;0
914;3;30;880;1162155061716;2006-10-29 20:51:01.716;2006-09-19 22:55:54.886530811;850;195;212;212;231
915;1;10;10;1162155768716;2006-10-29 21:02:48.716;2006-09-19 22:55:55.107913999;0;0;0;0;0
916;1;10;10;1162156302716;2006-10-29 21:11:42.716;2006-09-19 22:55:55.275125628;0;0;0;0;0
917;1;30;120;1162157254716;2006-10-29 21:27:34.716;2006-09-19 22:55:55.573225762;90;21;22;22;25
918;1;30;190;1162158001716;2006-10-29 21:40:01.716;2006-09-19 22:55:55.807134165;160;32;40;40;48
919;1;10;10;1162158020716;2006-10-29 21:40:20.716;2006-09-19 22:55:55.813083642;0;0;0;0;0
920;1;10;10;1162162030716;2006-10-29 22:47:10.716;2006-09-19 22:55:57.068736516;0;0;0;0;0
921;1;10;10;1162172331716;2006-10-30 01:38:51.716;2006-09-19 22:56:00.294292687;0;0;0;0;0
922;1;30;120;1162173691716;2006-10-30 02:01:31.716;2006-09-19 22:56:00.720150021;90;25;22;22;21
923;1;10;10;1162175046716;2006-10-30 02:24:06.716;2006-09-19 22:56:01.144441703;0;0;0;0;0
924;1;10;10;1162175374716;2006-10-30 02:29:34.716;2006-09-19 22:56:01.247148471;0;0;0;0;0
925;1;10;10;1162175946716;2006-10-30 02:39:06.716;2006-09-19 22:56:01.426259056;0;0;0;0;0
926;1;10;10;1162176151716;2006-10-30 02:42:31.716;2006-09-19 22:56:01.490450786;0;0;0;0;0
927;1;50;210;1162176359716;2006-10-30 02:45:59.716;2006-09-19 22:56:01.555581908;160;80;22;40;18
928;1;80;390;1162176762716;2006-10-30 02:52:42.716;2006-09-19 22:56:01.681773456;310;117;75;69;49
929;5;80;1770;1162176878716;2006-10-30 02:54:38.716;2006-09-19 22:56:01.718096581;1690;811;146;417;316
930;1;30;40;1162177485716;2006-10-30 03:04:45.716;2006-09-19 22:56:01.908166730;10;3;2;2;3
931;1;10;10;1162178109716;2006-10-30 03:15:09.716;2006-09-19 22:56:02.103560094;0;0;0;0;0
932;1;10;10;1162178591716;2006-10-30 03:23:11.716;2006-09-19 22:56:02.254488944;0;0;0;0;0
933;1;10;10;1162179189716;2006-10-30 03:33:09.716;2006-09-19 22:56:02.441740918;0;0;0;0;0
934;1;10;10;1162180601716;2006-10-30 03:56:41.716;2006-09-19 22:56:02.883881032;0;0;0;0;0
935;1;50;50;1162180771716;2006-10-30 03:59:31.716;2006-09-19 22:56:02.937113199;0;0;0;0;0
936;1;10;10;1162181093716;2006-10-30 04:04:53.716;2006-09-19 22:56:03.037941185;0;0;0;0;0
937;1;10;10;1162181459716;2006-10-30 04:10:59.716;2006-09-19 22:56:03.152546909;0;0;0;0;0
938;1;20;120;1162181670716;2006-10-30 04:14:30.716;2006-09-19 22:56:03.218617422;100;43;13;24;20
939;1;10;10;1162182164716;2006-10-30 04:22:44.716;2006-09-19 22:56:03.373303835;0;0;0;0;0
940;1;10;10;1162182296716;2006-10-30 04:24:56.716;2006-09-19 22:56:03.414637047;0;0;0;0;0
941;5;80;1770;1162182254716;2006-10-30 04:24:14.716;2006-09-19 22:56:03.401485571;1690;491;422;422;355
942;1;10;10;1162182554716;2006-10-30 04:29:14.716;2006-09-19 22:56:03.495424689;0;0;0;0;0
943;1;10;10;1162182935716;2006-10-30 04:35:35.716;2006-09-19 22:56:03.614727368;0;0;0;0;0
944;1;10;10;1162183954716;2006-10-30 04:52:34.716;2006-09-19 22:56:03.933807238;0;0;0;0;0
945;1;10;10;1162184391716;2006-10-30 04:59:51.716;2006-09-19 22:56:04.070645219;0;0;0;0;0
946;1;10;10;1162190889716;2006-10-30 06:48:09.716;2006-09-19 22:56:06.105366509;0;0;0;0;0
947;1;10;10;1162191115716;2006-10-30 06:51:55.716;2006-09-19 22:56:06.176133978;0;0;0;0;0
948;1;10;10;1162191292716;2006-10-30 06:54:52.716;2006-09-19 22:56:06.231558057;0;0;0;0;0
949;1;10;10;1162191386716;2006-10-30 06:56:26.716;2006-09-19 22:56:06.260992314;0;0;0;0;0
950;1;10;10;1162192315716;2006-10-30 07:11:55.716;2006-09-19 22:56:06.551890448;0;0;0;0;0
951;1;10;10;1162192491716;2006-10-30 07:14:51.716;2006-09-19 22:56:06.607001397;0;0;0;0;0
952;1;10;50;1162192724716;2006-10-30 07:18:44.716;2006-09-19 22:56:06.679960779;40;18;6;10;6
953;1;70;470;1162233589716;2006-10-30 18:39:49.716;2006-09-19 22:56:19.476034263;400;82;100;100;118
954;1;10;10;1162235943716;2006-10-30 19:19:03.716;2006-09-19 22:56:20.213143207;0;0;0;0;0
955;1;10;10;1162236032716;2006-10-30 19:20:32.716;2006-09-19 22:56:20.241011811;0;0;0;0;0
956;1;30;40;1162236215716;2006-10-30 19:23:35.716;2006-09-19 22:56:20.298314673;10;4;2;2;2
957;1;50;210;1162236534716;2006-10-30 19:28:54.716;2006-09-19 22:56:20.398203268;160;54;39;37;30
958;1;80;390;1162236846716;2006-10-30 19:34:06.716;2006-09-19 22:56:20.495899951;310;79;77;77;77
959;2;80;1150;1162237574716;2006-10-30 19:46:14.716;2006-09-19 22:56:20.723858877;1070;507;196;167;200
960;1;10;10;1162237839716;2006-10-30 19:50:39.716;2006-09-19 22:56:20.806838430;0;0;0;0;0
961;1;10;10;1162238965716;2006-10-30 20:09:25.716;2006-09-19 22:56:21.159423252;0;0;0;0;0
962;1;10;70;1162241837716;2006-10-30 20:57:17.716;2006-09-19 22:56:22.058733739;60;16;15;15;14
963;1;10;20;1162242297716;2006-10-30 21:04:57.716;2006-09-19 22:56:22.202773720;10;5;2;1;2
964;1;10;10;1162242628716;2006-10-30 21:10:28.716;2006-09-19 22:56:22.306419880;0;0;0;0;0
965;1;10;10;1162243653716;2006-10-30 21:27:33.716;2006-09-19 22:56:22.627378532;0;0;0;0;0
966;1;30;40;1162245051716;2006-10-30 21:50:51.716;2006-09-19 22:56:23.065134820;10;2;2;2;4
967;1;50;50;1162245802716;2006-10-30 22:03:22.716;2006-09-19 22:56:23.300295745;0;0;0;0;0
968;1;10;10;1162246563716;2006-10-30 22:16:03.716;2006-09-19 22:56:23.538587973;0;0;0;0;0
969;1;50;210;1162247210716;2006-10-30 22:26:50.716;2006-09-19 22:56:23.741183337;160;48;40;40;32
970;1;50;210;1162247579716;2006-10-30 22:32:59.716;2006-09-19 22:56:23.856728452;160;70;39;30;21
971;1;50;210;1162252495716;2006-10-30 23:54:55.716;2006-09-19 22:56:25.396077461;160;56;32;40;32
972;1;10;50;1162253903716;2006-10-31 00:18:23.716;2006-09-19 22:56:25.836965053;40;20;5;7;8
973;1;50;210;1162254088716;2006-10-31 00:21:28.716;2006-09-19 22:56:25.894894176;160;35;40;40;45
974;1;50;210;1162254673716;2006-10-31 00:31:13.716;2006-09-19 22:56:26.078075456;160;41;40;40;39
975;1;10;10;1162257872716;2006-10-31 01:24:32.716;2006-09-19 22:56:27.079779581;0;0;0;0;0
976;1;50;210;1162258705716;2006-10-31 01:38:25.716;2006-09-19 22:56:27.340617198;160;34;40;40;46
977;1;80;390;1162259525716;2006-10-31 01:52:05.716;2006-09-19 22:56:27.597384119;310;79;77;77;77
978;1;80;390;1162260669716;2006-10-31 02:11:09.716;2006-09-19 22:56:27.955605288;310;147;57;51;55
979;1;30;30;1162260693716;2006-10-31 02:11:33.716;2006-09-19 22:56:27.963120418;0;0;0;0;0
980;1;10;10;1162261563716;2006-10-31 02:26:03.716;2006-09-19 22:56:28.235543859;0;0;0;0;0
981;1;10;10;1162262083716;2006-10-31 02:34:43.716;2006-09-19 22:56:28.398371663;0;0;0;0;0
982;1;10;10;1162262265716;2006-10-31 02:37:45.716;2006-09-19 22:56:28.455361394;0;0;0;0;0
983;1;20;20;1162264842716;2006-10-31 03:20:42.716;2006-09-19 22:56:29.262298416;0;0;0;0;0
984;1;10;10;1162267630716;2006-10-31 04:07:10.716;2006-09-19 22:56:30.135305949;0;0;0;0;0
985;1;10;10;1162267895716;2006-10-31 04:11:35.716;2006-09-19 22:56:30.218285503;0;0;0;0;0
986;1;10;10;1162268275716;2006-10-31 04:17:55.716;2006-09-19 22:56:30.337275053;0;0;0;0;0
987;2;80;1050;1162270112716;2006-10-31 04:48:32.716;2006-09-19 22:56:30.912495583;970;429;187;201;153
988;1;10;10;1162270894716;2006-10-31 05:01:34.716;2006-09-19 22:56:31.157363550;0;0;0;0;0
989;1;10;10;1162271731716;2006-10-31 05:15:31.716;2006-09-19 22:56:31.419453689;0;0;0;0;0
990;1;50;210;1162273937716;2006-10-31 05:52:17.716;2006-09-19 22:56:32.110219334;160;72;20;39;29
991;1;10;130;1162274435716;2006-10-31 06:00:35.716;2006-09-19 22:56:32.266158270;120;49;18;29;24
992;1;50;250;1162274455716;2006-10-31 06:00:55.716;2006-09-19 22:56:32.272420877;200;95;20;49;36
993;1;10;130;1162274914716;2006-10-31 06:08:34.716;2006-09-19 22:56:32.416147727;120;56;30;30;4
994;1;10;10;1162275287716;2006-10-31 06:14:47.716;2006-09-19 22:56:32.532945364;0;0;0;0;0
995;1;20;140;1162275459716;2006-10-31 06:17:39.716;2006-09-19 22:56:32.586803791;120;29;30;30;31
996;1;10;70;1162275788716;2006-10-31 06:23:08.716;2006-09-19 22:56:32.689823690;60;17;15;15;13
997;1;10;70;1162276101716;2006-10-31 06:28:21.716;2006-09-19 22:56:32.787833503;60;27;9;13;11
998;1;50;290;1162276307716;2006-10-31 06:31:47.716;2006-09-19 22:56:32.852338364;240;109;52;54;25
999;5;40;1960;1162279703716;2006-10-31 07:28:23.716;2006-09-19 22:56:33.915729177;1920;520;480;480;440
1000;1;20;30;1162280990716;2006-10-31 07:49:50.716;2006-09-19 22:56:34.318727991;10;4;2;2;2
1001;1;20;30;1162281659716;2006-10-31 08:00:59.716;2006-09-19 22:56:34.528212224;10;4;2;2;2
1002;1;60;400;1162282410716;2006-10-31 08:13:30.716;2006-09-19 22:56:34.763373149;340;98;85;85;72
1003;1;50;210;1162325261716;2006-10-31 20:07:41.716;2006-09-19 22:56:48.181323592;160;71;21;39;29
1004;1;10;10;1162326140716;2006-10-31 20:22:20.716;2006-09-19 22:56:48.456565207;0;0;0;0;0
1005;1;10;10;1162326239716;2006-10-31 20:23:59.716;2006-09-19 22:56:48.487565116;0;0;0;0;0
1006;1;50;290;1162326610716;2006-10-31 20:30:10.716;2006-09-19 22:56:48.603736491;240;71;60;60;49
1007;1;20;70;1162327024716;2006-10-31 20:37:04.716;2006-09-19 22:56:48.733372474;50;24;9;8;9
1008;1;30;550;1162328351716;2006-10-31 20:59:11.716;2006-09-19 22:56:49.148896504;520;178;111;129;102
1009;1;10;10;1162329485716;2006-10-31 21:18:05.716;2006-09-19 22:56:49.503986369;0;0;0;0;0
1010;1;30;60;1162329854716;2006-10-31 21:24:14.716;2006-09-19 22:56:49.619531484;30;11;7;6;6
1011;1;10;10;1162330502716;2006-10-31 21:35:02.716;2006-09-19 22:56:49.822439978;0;0;0;0;0
1012;5;80;1720;1162330750716;2006-10-31 21:39:10.716;2006-09-19 22:56:49.900096316;1640;421;410;410;399
1013;1;50;210;1162333072716;2006-10-31 22:17:52.716;2006-09-19 22:56:50.627185087;160;69;37;23;31
1014;1;10;10;1162338620716;2006-10-31 23:50:20.716;2006-09-19 22:56:52.364432504;0;0;0;0;0
1015;1;10;10;1162339019716;2006-10-31 23:56:59.716;2006-09-19 22:56:52.489371530;0;0;0;0;0
1016;1;30;40;1162339371716;2006-11-01 00:02:51.716;2006-09-19 22:56:52.599593428;10;4;2;2;2
1017;1;10;10;1162340202716;2006-11-01 00:16:42.716;2006-09-19 22:56:52.859804784;0;0;0;0;0
1018;1;10;10;1162340392716;2006-11-01 00:19:52.716;2006-09-19 22:56:52.919299559;0;0;0;0;0
1019;1;10;10;1162340651716;2006-11-01 00:24:11.716;2006-09-19 22:56:53.000400330;0;0;0;0;0
1020;1;10;10;1162344355716;2006-11-01 01:25:55.716;2006-09-19 22:56:54.160235304;0;0;0;0;0
1021;1;40;170;1162349992716;2006-11-01 02:59:52.716;2006-09-19 22:56:55.925351326;130;36;32;32;30
1022;1;10;10;1162415394716;2006-11-01 21:09:54.716;2006-09-19 22:57:16.404705247;0;0;0;0;0
1023;1;10;10;1162415740716;2006-11-01 21:15:40.716;2006-09-19 22:57:16.513048363;0;0;0;0;0
1024;1;10;10;1162416168716;2006-11-01 21:22:48.716;2006-09-19 22:57:16.647068171;0;0;0;0;0
1025;1;50;410;1162417151716;2006-11-01 21:39:11.716;2006-09-19 22:57:16.954875346;360;79;90;90;101
1026;10;70;3110;1162417620716;2006-11-01 21:47:00.716;2006-09-19 22:57:17.101733500;3040;633;760;760;887
1027;1;10;30;1162418861716;2006-11-01 22:07:41.716;2006-09-19 22:57:17.490328317;20;6;5;5;4
1028;1;10;10;1162419068716;2006-11-01 22:11:08.716;2006-09-19 22:57:17.555146309;0;0;0;0;0
1029;3;70;1200;1162420042716;2006-11-01 22:27:22.716;2006-09-19 22:57:17.860135311;1130;398;267;243;222
1030;1;80;390;1162421587716;2006-11-01 22:53:07.716;2006-09-19 22:57:18.343921767;310;131;65;73;41
1031;1;80;390;1162423579716;2006-11-01 23:26:19.716;2006-09-19 22:57:18.967677509;310;129;60;59;62
1032;1;40;400;1162440311716;2006-11-02 04:05:11.716;2006-09-19 22:57:24.206975234;360;91;90;90;89
1033;1;20;210;1162440790716;2006-11-02 04:13:10.716;2006-09-19 22:57:24.356964692;190;86;30;36;38
1034;1;10;10;1162441125716;2006-11-02 04:18:45.716;2006-09-19 22:57:24.461863373;0;0;0;0;0
1035;1;10;170;1162441213716;2006-11-02 04:20:13.716;2006-09-19 22:57:24.489418848;160;57;36;39;28
1036;1;10;10;1162441365716;2006-11-02 04:22:45.716;2006-09-19 22:57:24.537014667;0;0;0;0;0
1037;1;10;170;1162441424716;2006-11-02 04:23:44.716;2006-09-19 22:57:24.555489360;160;42;40;40;38
1038;1;10;170;1162442657716;2006-11-02 04:44:17.716;2006-09-19 22:57:24.941579134;160;67;33;38;22
1039;1;10;10;1162443012716;2006-11-02 04:50:12.716;2006-09-19 22:57:25.052740423;0;0;0;0;0
1040;1;10;10;1162444798716;2006-11-02 05:19:58.716;2006-09-19 22:57:25.611991304;0;0;0;0;0
1041;1;10;10;1162492333716;2006-11-02 18:32:13.716;2006-09-19 22:57:40.496644505;0;0;0;0;0
1042;1;60;200;1162501479716;2006-11-02 21:04:39.716;2006-09-19 22:57:43.360535074;140;30;35;35;40
1043;1;50;410;1162502342716;2006-11-02 21:19:02.716;2006-09-19 22:57:43.630766603;360;104;90;90;76
1044;1;60;320;1162502377716;2006-11-02 21:19:37.716;2006-09-19 22:57:43.641726166;260;57;65;65;73
1045;2;80;910;1162503031716;2006-11-02 21:30:31.716;2006-09-19 22:57:43.846513443;830;343;123;202;162
1046;1;10;10;1162503316716;2006-11-02 21:35:16.716;2006-09-19 22:57:43.935755605;0;0;0;0;0
1047;1;10;10;1162503460716;2006-11-02 21:37:40.716;2006-09-19 22:57:43.980846381;0;0;0;0;0
1048;1;10;10;1162503493716;2006-11-02 21:38:13.716;2006-09-19 22:57:43.991179684;0;0;0;0;0
1049;1;20;200;1162503889716;2006-11-02 21:44:49.716;2006-09-19 22:57:44.115179320;180;58;42;45;35
1050;1;10;10;1162503982716;2006-11-02 21:46:22.716;2006-09-19 22:57:44.144300446;0;0;0;0;0
1051;1;10;10;1162504184716;2006-11-02 21:49:44.716;2006-09-19 22:57:44.207552785;0;0;0;0;0
1052;1;10;10;1162504687716;2006-11-02 21:58:07.716;2006-09-19 22:57:44.365057373;0;0;0;0;0
1053;1;30;150;1162505283716;2006-11-02 22:08:03.716;2006-09-19 22:57:44.551683086;120;25;30;30;35
1054;1;30;100;1162505723716;2006-11-02 22:15:23.716;2006-09-19 22:57:44.689460459;70;26;14;17;13
1055;1;10;10;1162505836716;2006-11-02 22:17:16.716;2006-09-19 22:57:44.724844193;0;0;0;0;0
1056;1;80;390;1162506702716;2006-11-02 22:31:42.716;2006-09-19 22:57:44.996015113;310;126;53;69;62
1057;1;10;10;1162506754716;2006-11-02 22:32:34.716;2006-09-19 22:57:45.012297894;0;0;0;0;0
1058;1;10;10;1162507900716;2006-11-02 22:51:40.716;2006-09-19 22:57:45.371145323;0;0;0;0;0
1059;1;10;10;1162508815716;2006-11-02 23:06:55.716;2006-09-19 22:57:45.657659632;0;0;0;0;0
1060;1;10;10;1162509896716;2006-11-02 23:24:56.716;2006-09-19 22:57:45.996153586;0;0;0;0;0
1061;1;10;10;1162510790716;2006-11-02 23:39:50.716;2006-09-19 22:57:46.276092157;0;0;0;0;0
1062;1;10;10;1162511395716;2006-11-02 23:49:55.716;2006-09-19 22:57:46.465536045;0;0;0;0;0
1063;1;10;30;1162512423716;2006-11-03 00:07:03.716;2006-09-19 22:57:46.787434088;20;4;5;5;6
1064;1;40;180;1162512796716;2006-11-03 00:13:16.716;2006-09-19 22:57:46.904231724;140;38;35;35;32
1065;1;10;10;1162513145716;2006-11-03 00:19:05.716;2006-09-19 22:57:47.013514231;0;0;0;0;0
1066;1;10;30;1162513351716;2006-11-03 00:22:31.716;2006-09-19 22:57:47.078019092;20;10;3;4;3
1067;1;10;10;1162513631716;2006-11-03 00:27:11.716;2006-09-19 22:57:47.165695602;0;0;0;0;0
1068;1;10;10;1162513701716;2006-11-03 00:28:21.716;2006-09-19 22:57:47.187614729;0;0;0;0;0
1069;1;10;10;1162514467716;2006-11-03 00:41:07.716;2006-09-19 22:57:47.427472610;0;0;0;0;0
1070;1;10;10;1162514530716;2006-11-03 00:42:10.716;2006-09-19 22:57:47.447199825;0;0;0;0;0
1071;1;30;100;1162514702716;2006-11-03 00:45:02.716;2006-09-19 22:57:47.501058252;70;30;13;16;11
1072;1;10;10;1162515040716;2006-11-03 00:50:40.716;2006-09-19 22:57:47.606896325;0;0;0;0;0
1073;1;10;10;1162515049716;2006-11-03 00:50:49.716;2006-09-19 22:57:47.609714498;0;0;0;0;0
1074;1;30;100;1162515606716;2006-11-03 01:00:06.716;2006-09-19 22:57:47.784128127;70;25;15;17;13
1075;1;30;100;1162516185716;2006-11-03 01:09:45.716;2006-09-19 22:57:47.965430624;70;34;12;12;12
1076;1;10;80;1162516651716;2006-11-03 01:17:31.716;2006-09-19 22:57:48.111349387;70;22;17;17;14
1077;1;10;80;1162517444716;2006-11-03 01:30:44.716;2006-09-19 22:57:48.359661788;70;15;17;17;21
1078;1;10;80;1162517889716;2006-11-03 01:38:09.716;2006-09-19 22:57:48.499004813;70;25;16;17;12
1079;1;10;10;1162519613716;2006-11-03 02:06:53.716;2006-09-19 22:57:49.038841609;0;0;0;0;0
1080;1;10;10;1162519669716;2006-11-03 02:07:49.716;2006-09-19 22:57:49.056376911;0;0;0;0;0
1081;1;10;10;1162519683716;2006-11-03 02:08:03.716;2006-09-19 22:57:49.060760737;0;0;0;0;0
1082;1;30;40;1162520378716;2006-11-03 02:19:38.716;2006-09-19 22:57:49.278386359;10;2;2;2;4
1083;1;80;390;1162522809716;2006-11-03 03:00:09.716;2006-09-19 22:57:50.039606343;310;101;77;75;57
1084;1;80;390;1162523097716;2006-11-03 03:04:57.716;2006-09-19 22:57:50.129787896;310;121;57;72;60
1085;1;10;10;1162524821716;2006-11-03 03:33:41.716;2006-09-19 22:57:50.669624693;0;0;0;0;0
1086;1;10;210;1162525192716;2006-11-03 03:39:52.716;2006-09-19 22:57:50.785796068;200;80;34;49;37
1087;1;10;240;1162525347716;2006-11-03 03:42:27.716;2006-09-19 22:57:50.834331279;230;75;54;55;46
1088;1;10;20;1162525452716;2006-11-03 03:44:12.716;2006-09-19 22:57:50.867209970;10;2;2;2;4
1089;1;10;20;1162525625716;2006-11-03 03:47:05.716;2006-09-19 22:57:50.921381528;10;2;2;2;4
1090;1;10;10;1162525849716;2006-11-03 03:50:49.716;2006-09-19 22:57:50.991522736;0;0;0;0;0
1091;1;10;10;1162526136716;2006-11-03 03:55:36.716;2006-09-19 22:57:51.081391159;0;0;0;0;0
1092;1;10;10;1162526435716;2006-11-03 04:00:35.716;2006-09-19 22:57:51.175017146;0;0;0;0;0
1093;1;10;10;1162526608716;2006-11-03 04:03:28.716;2006-09-19 22:57:51.229188704;0;0;0;0;0
1094;1;10;10;1162526911716;2006-11-03 04:08:31.716;2006-09-19 22:57:51.324067213;0;0;0;0;0
1095;1;80;390;1162527525716;2006-11-03 04:18:45.716;2006-09-19 22:57:51.516329274;310;144;40;73;53
1096;1;10;10;1162527722716;2006-11-03 04:22:02.716;2006-09-19 22:57:51.578015961;0;0;0;0;0
1097;1;10;10;1162528487716;2006-11-03 04:34:47.716;2006-09-19 22:57:51.817560711;0;0;0;0;0
1098;1;30;40;1162529454716;2006-11-03 04:50:54.716;2006-09-19 22:57:52.120357800;10;3;2;2;3
1099;1;30;40;1162530395716;2006-11-03 05:06:35.716;2006-09-19 22:57:52.415013500;10;5;1;2;2
1100;1;30;40;1162530742716;2006-11-03 05:12:22.716;2006-09-19 22:57:52.523669746;10;2;2;2;4
1101;1;30;40;1162531139716;2006-11-03 05:18:59.716;2006-09-19 22:57:52.647982512;10;3;2;2;3
1102;1;30;40;1162531765716;2006-11-03 05:29:25.716;2006-09-19 22:57:52.844002137;10;2;2;2;4
1103;1;10;80;1162572916716;2006-11-03 16:55:16.716;2006-09-19 22:58:05.729630913;70;31;15;17;7
1104;1;10;10;1162581839716;2006-11-03 19:23:59.716;2006-09-19 22:58:08.523693404;0;0;0;0;0
1105;1;10;50;1162583750716;2006-11-03 19:55:50.716;2006-09-19 22:58:09.122085584;40;14;9;10;7
1106;1;40;200;1162584692716;2006-11-03 20:11:32.716;2006-09-19 22:58:09.417054414;160;69;19;40;32
1107;1;30;40;1162585018716;2006-11-03 20:16:58.716;2006-09-19 22:58:09.519134922;10;4;2;2;2
1108;1;30;40;1162585160716;2006-11-03 20:19:20.716;2006-09-19 22:58:09.563599438;10;4;2;2;2
1109;1;30;40;1162585318716;2006-11-03 20:21:58.716;2006-09-19 22:58:09.613074040;10;4;2;2;2
1110;1;30;40;1162585533716;2006-11-03 20:25:33.716;2006-09-19 22:58:09.680397074;10;2;2;2;4
1111;1;30;40;1162586399716;2006-11-03 20:39:59.716;2006-09-19 22:58:09.951567994;10;2;2;2;4
1112;1;30;40;1162586576716;2006-11-03 20:42:56.716;2006-09-19 22:58:10.006992073;10;2;2;2;4
1113;1;10;10;1162586866716;2006-11-03 20:47:46.716;2006-09-19 22:58:10.097799887;0;0;0;0;0
1114;1;10;10;1162587011716;2006-11-03 20:50:11.716;2006-09-19 22:58:10.143203794;0;0;0;0;0
1115;1;10;10;1162587023716;2006-11-03 20:50:23.716;2006-09-19 22:58:10.146961359;0;0;0;0;0
1116;1;10;30;1162587051716;2006-11-03 20:50:51.716;2006-09-19 22:58:10.155729010;20;4;5;5;6
1117;1;10;10;1162587117716;2006-11-03 20:51:57.716;2006-09-19 22:58:10.176395615;0;0;0;0;0
1118;1;10;10;1162587123716;2006-11-03 20:52:03.716;2006-09-19 22:58:10.178274398;0;0;0;0;0
1119;1;10;10;1162587211716;2006-11-03 20:53:31.716;2006-09-19 22:58:10.205829872;0;0;0;0;0
1120;1;30;40;1162587704716;2006-11-03 21:01:44.716;2006-09-19 22:58:10.360203156;10;4;2;2;2
1121;1;30;40;1162587971716;2006-11-03 21:06:11.716;2006-09-19 22:58:10.443808970;10;4;2;2;2
1122;1;10;10;1162589569716;2006-11-03 21:32:49.716;2006-09-19 22:58:10.944191337;0;0;0;0;0
1123;1;10;70;1162593428716;2006-11-03 22:37:08.716;2006-09-19 22:58:12.152561522;60;13;15;15;17
1124;1;10;20;1162594108716;2006-11-03 22:48:28.716;2006-09-19 22:58:12.365490188;10;3;2;2;3
1125;1;30;100;1162594747716;2006-11-03 22:59:07.716;2006-09-19 22:58:12.565580509;70;34;12;17;7
1126;1;10;20;1162595492716;2006-11-03 23:11:32.716;2006-09-19 22:58:12.798862651;10;4;2;2;2
1127;1;10;10;1162595750716;2006-11-03 23:15:50.716;2006-09-19 22:58:12.879650293;0;0;0;0;0
1128;1;10;10;1162596246716;2006-11-03 23:24:06.716;2006-09-19 22:58:13.034962967;0;0;0;0;0
1129;2;80;910;1162596326716;2006-11-03 23:25:26.716;2006-09-19 22:58:13.060013399;830;204;207;207;212
1130;1;10;70;1162596591716;2006-11-03 23:29:51.716;2006-09-19 22:58:13.142992953;60;30;8;15;7
1131;1;30;100;1162597014716;2006-11-03 23:36:54.716;2006-09-19 22:58:13.275447109;70;16;17;17;20
1132;1;30;40;1162597150716;2006-11-03 23:39:10.716;2006-09-19 22:58:13.318032842;10;4;2;2;2
1133;1;10;10;1162597421716;2006-11-03 23:43:41.716;2006-09-19 22:58:13.402891178;0;0;0;0;0
1134;1;30;40;1162597546716;2006-11-03 23:45:46.716;2006-09-19 22:58:13.442032477;10;4;2;2;2
1135;1;10;10;1162597742716;2006-11-03 23:49:02.716;2006-09-19 22:58:13.503406034;0;0;0;0;0
1136;5;80;1710;1162597977716;2006-11-03 23:52:57.716;2006-09-19 22:58:13.576991676;1630;781;157;380;312
1137;1;10;30;1162598179716;2006-11-03 23:56:19.716;2006-09-19 22:58:13.640244016;20;10;5;1;4
1138;1;10;30;1162598370716;2006-11-03 23:59:30.716;2006-09-19 22:58:13.700051921;20;7;5;4;4
1139;1;30;100;1162598483716;2006-11-04 00:01:23.716;2006-09-19 22:58:13.735435655;70;17;17;17;19
1140;1;10;30;1162598679716;2006-11-04 00:04:39.716;2006-09-19 22:58:13.796809212;20;8;4;4;4
1141;1;60;400;1162598830716;2006-11-04 00:07:10.716;2006-09-19 22:58:13.844091901;340;164;83;61;32
1142;1;10;30;1162599428716;2006-11-04 00:17:08.716;2006-09-19 22:58:14.031343876;20;6;5;5;4
1143;1;10;70;1162599452716;2006-11-04 00:17:32.716;2006-09-19 22:58:14.038859005;60;12;15;15;18
1144;1;10;20;1162600034716;2006-11-04 00:27:14.716;2006-09-19 22:58:14.221100894;10;3;2;2;3
1145;1;10;10;1162600223716;2006-11-04 00:30:23.716;2006-09-19 22:58:14.280282538;0;0;0;0;0
1146;1;10;30;1162600257716;2006-11-04 00:30:57.716;2006-09-19 22:58:14.290928971;20;7;5;5;3
1147;1;10;10;1162600252716;2006-11-04 00:30:52.716;2006-09-19 22:58:14.289363319;0;0;0;0;0
1148;1;10;70;1162600393716;2006-11-04 00:33:13.716;2006-09-19 22:58:14.333514704;60;21;12;15;12
1149;5;80;1770;1162600745716;2006-11-04 00:39:05.716;2006-09-19 22:58:14.443736603;1690;460;422;422;386
1150;1;10;20;1162600790716;2006-11-04 00:39:50.716;2006-09-19 22:58:14.457827470;10;3;2;2;3
1151;1;10;30;1162600976716;2006-11-04 00:42:56.716;2006-09-19 22:58:14.516069723;20;4;5;5;6
1152;1;10;20;1162601121716;2006-11-04 00:45:21.716;2006-09-19 22:58:14.561473630;10;3;2;2;3
1153;1;10;30;1162601245716;2006-11-04 00:47:25.716;2006-09-19 22:58:14.600301799;20;9;2;5;4
1154;1;10;20;1162601489716;2006-11-04 00:51:29.716;2006-09-19 22:58:14.676705614;10;4;2;2;2
1155;1;30;30;1162601669716;2006-11-04 00:54:29.716;2006-09-19 22:58:14.733069085;0;0;0;0;0
1156;1;10;50;1162602199716;2006-11-04 01:03:19.716;2006-09-19 22:58:14.899028193;40;11;10;10;9
1157;1;30;30;1162602383716;2006-11-04 01:06:23.716;2006-09-19 22:58:14.956644185;0;0;0;0;0
1158;1;10;50;1162602411716;2006-11-04 01:06:51.716;2006-09-19 22:58:14.965411836;40;20;9;6;5
1159;1;10;70;1162602652716;2006-11-04 01:10:52.716;2006-09-19 22:58:15.040876261;60;26;14;12;8
1160;1;30;30;1162602827716;2006-11-04 01:13:47.716;2006-09-19 22:58:15.095674079;0;0;0;0;0
1161;1;30;30;1162603062716;2006-11-04 01:17:42.716;2006-09-19 22:58:15.169259722;0;0;0;0;0
1162;1;10;30;1162603342716;2006-11-04 01:22:22.716;2006-09-19 22:58:15.256936232;20;8;5;3;4
1163;1;10;30;1162603360716;2006-11-04 01:22:40.716;2006-09-19 22:58:15.262572579;20;5;5;5;5
1164;1;10;30;1162603763716;2006-11-04 01:29:23.716;2006-09-19 22:58:15.388764127;20;6;5;5;4
1165;1;50;290;1162603846716;2006-11-04 01:30:46.716;2006-09-19 22:58:15.414753949;240;83;52;58;47
1166;1;10;20;1162604180716;2006-11-04 01:36:20.716;2006-09-19 22:58:15.519339500;10;4;2;2;2
1167;1;10;130;1162604229716;2006-11-04 01:37:09.716;2006-09-19 22:58:15.534682890;120;50;20;29;21
1168;1;10;10;1162604448716;2006-11-04 01:40:48.716;2006-09-19 22:58:15.603258445;0;0;0;0;0
1169;3;20;910;1162604557716;2006-11-04 01:42:37.716;2006-09-19 22:58:15.637389658;890;188;222;222;258
1170;1;30;100;1162604808716;2006-11-04 01:46:48.716;2006-09-19 22:58:15.715985387;70;23;17;17;13
1171;1;30;100;1162605137716;2006-11-04 01:52:17.716;2006-09-19 22:58:15.819005286;70;19;17;17;17
1172;1;10;10;1162605127716;2006-11-04 01:52:07.716;2006-09-19 22:58:15.815873982;0;0;0;0;0
1173;1;10;10;1162605323716;2006-11-04 01:55:23.716;2006-09-19 22:58:15.877247539;0;0;0;0;0
1174;1;10;70;1162605570716;2006-11-04 01:59:30.716;2006-09-19 22:58:15.954590746;60;19;14;15;12
1175;1;10;20;1162606653716;2006-11-04 02:17:33.716;2006-09-19 22:58:16.293710961;10;4;2;2;2
1176;1;30;100;1162608643716;2006-11-04 02:50:43.716;2006-09-19 22:58:16.916840441;70;27;14;16;13
1177;1;600;670;1162609159716;2006-11-04 02:59:19.716;2006-09-19 22:58:17.078415724;70;26;14;16;14
1178;1;10;20;1162609269716;2006-11-04 03:01:09.716;2006-09-19 22:58:17.112860067;10;2;2;2;4
1179;1;10;10;1162613441716;2006-11-04 04:10:41.716;2006-09-19 22:58:18.419240064;0;0;0;0;0
1180;1;10;20;1162613755716;2006-11-04 04:15:55.716;2006-09-19 22:58:18.517563007;10;4;2;2;2
1181;1;10;20;1162613934716;2006-11-04 04:18:54.716;2006-09-19 22:58:18.573613347;10;5;2;1;2
1182;1;10;10;1162614421716;2006-11-04 04:27:01.716;2006-09-19 22:58:18.726107849;0;0;0;0;0
1183;1;10;10;1162615075716;2006-11-04 04:37:55.716;2006-09-19 22:58:18.930895125;0;0;0;0;0
1184;1;10;10;1162621700716;2006-11-04 06:28:20.716;2006-09-19 22:58:21.005383975;0;0;0;0;0
1185;1;50;210;1162626323716;2006-11-04 07:45:23.716;2006-09-19 22:58:22.452985779;160;43;40;40;37
1186;1;10;10;1162637710716;2006-11-04 10:55:10.716;2006-09-19 22:58:26.018601556;0;0;0;0;0
1187;1;10;10;1162665825716;2006-11-04 18:43:45.716;2006-09-19 22:58:34.822262538;0;0;0;0;0
1188;1;40;160;1162667201716;2006-11-04 19:06:41.716;2006-09-19 22:58:35.253129958;120;59;22;18;21
1189;1;70;350;1162667653716;2006-11-04 19:14:13.716;2006-09-19 22:58:35.394664895;280;60;70;70;80
1190;1;10;10;1162668477716;2006-11-04 19:27:57.716;2006-09-19 22:58:35.652684338;0;0;0;0;0
1191;1;40;160;1162669271716;2006-11-04 19:41:11.716;2006-09-19 22:58:35.901309870;120;60;13;29;18
1192;1;60;320;1162669848716;2006-11-04 19:50:48.716;2006-09-19 22:58:36.081986106;260;82;62;64;52
1193;1;10;10;1162671981716;2006-11-04 20:26:21.716;2006-09-19 22:58:36.749893233;0;0;0;0;0
1194;1;20;20;1162672344716;2006-11-04 20:32:24.716;2006-09-19 22:58:36.863559566;0;0;0;0;0
1195;1;10;10;1162672586716;2006-11-04 20:36:26.716;2006-09-19 22:58:36.939337121;0;0;0;0;0
1196;1;20;20;1162674126716;2006-11-04 21:02:06.716;2006-09-19 22:58:37.421557925;0;0;0;0;0
1197;1;30;150;1162686041716;2006-11-05 00:20:41.716;2006-09-19 22:58:41.152506550;120;52;27;24;17
1198;1;10;10;1162689391716;2006-11-05 01:16:31.716;2006-09-19 22:58:42.201493364;0;0;0;0;0
1199;1;70;410;1162689621716;2006-11-05 01:20:21.716;2006-09-19 22:58:42.273513355;340;108;84;82;66
1200;1;10;20;1162690345716;2006-11-05 01:32:25.716;2006-09-19 22:58:42.500219759;10;4;2;2;2
1201;1;10;20;1162690779716;2006-11-05 01:39:39.716;2006-09-19 22:58:42.636118349;10;2;2;2;4
1202;1;10;20;1162691479716;2006-11-05 01:51:19.716;2006-09-19 22:58:42.855309624;10;3;2;2;3
1203;1;10;20;1162691813716;2006-11-05 01:56:53.716;2006-09-19 22:58:42.959895175;10;2;2;2;4
1204;1;10;20;1162692213716;2006-11-05 02:03:33.716;2006-09-19 22:58:43.085147332;10;2;2;2;4
1205;1;10;10;1162693295716;2006-11-05 02:21:35.716;2006-09-19 22:58:43.423954416;0;0;0;0;0
1206;1;10;10;1162693695716;2006-11-05 02:28:15.716;2006-09-19 22:58:43.549206573;0;0;0;0;0
1207;1;10;10;1162693959716;2006-11-05 02:32:39.716;2006-09-19 22:58:43.631872997;0;0;0;0;0
1208;1;10;10;1162694382716;2006-11-05 02:39:42.716;2006-09-19 22:58:43.764327153;0;0;0;0;0
1209;1;10;10;1162694617716;2006-11-05 02:43:37.716;2006-09-19 22:58:43.837912795;0;0;0;0;0
1210;1;10;10;1162695094716;2006-11-05 02:51:34.716;2006-09-19 22:58:43.987275992;0;0;0;0;0
1211;1;10;10;1162695951716;2006-11-05 03:05:51.716;2006-09-19 22:58:44.255628738;0;0;0;0;0
1212;1;10;10;1162696489716;2006-11-05 03:14:49.716;2006-09-19 22:58:44.424092889;0;0;0;0;0
1213;1;10;10;1162697070716;2006-11-05 03:24:30.716;2006-09-19 22:58:44.606021647;0;0;0;0;0
1214;1;10;10;1162698147716;2006-11-05 03:42:27.716;2006-09-19 22:58:44.943263080;0;0;0;0;0
1215;1;10;10;1162698719716;2006-11-05 03:51:59.716;2006-09-19 22:58:45.122373664;0;0;0;0;0
1216;1;10;10;1162699290716;2006-11-05 04:01:30.716;2006-09-19 22:58:45.301171118;0;0;0;0;0
1217;1;10;10;1162699595716;2006-11-05 04:06:35.716;2006-09-19 22:58:45.396675888;0;0;0;0;0
1218;1;10;10;1162699999716;2006-11-05 04:13:19.716;2006-09-19 22:58:45.523180566;0;0;0;0;0
1219;1;10;10;1162700559716;2006-11-05 04:22:39.716;2006-09-19 22:58:45.698533586;0;0;0;0;0
1220;1;10;10;1162700996716;2006-11-05 04:29:56.716;2006-09-19 22:58:45.835371568;0;0;0;0;0
1221;1;10;10;1162701651716;2006-11-05 04:40:51.716;2006-09-19 22:58:46.040471975;0;0;0;0;0
1222;1;10;20;1162702041716;2006-11-05 04:47:21.716;2006-09-19 22:58:46.162592828;10;3;2;2;3
1223;1;10;10;1162704563716;2006-11-05 05:29:23.716;2006-09-19 22:58:46.952307677;0;0;0;0;0
1224;1;10;10;1162705931716;2006-11-05 05:52:11.716;2006-09-19 22:58:47.380670054;0;0;0;0;0
1225;1;10;10;1162713504716;2006-11-05 07:58:24.716;2006-09-19 22:58:49.752006515;0;0;0;0;0
1226;1;10;20;1162762008716;2006-11-05 21:26:48.716;2006-09-19 22:59:04.940083067;10;3;2;2;3
1227;1;10;10;1162762157716;2006-11-05 21:29:17.716;2006-09-19 22:59:04.986739495;0;0;0;0;0
1228;1;10;10;1162770576716;2006-11-05 23:49:36.716;2006-09-19 22:59:07.622984269;0;0;0;0;0
1229;1;10;10;1162770869716;2006-11-05 23:54:29.716;2006-09-19 22:59:07.714731473;0;0;0;0;0
1230;1;10;10;1162771741716;2006-11-06 00:09:01.716;2006-09-19 22:59:07.987781176;0;0;0;0;0
1231;1;10;10;1162771905716;2006-11-06 00:11:45.716;2006-09-19 22:59:08.039134560;0;0;0;0;0
1232;1;10;10;1162772773716;2006-11-06 00:26:13.716;2006-09-19 22:59:08.310931741;0;0;0;0;0
1233;1;10;10;1162777156716;2006-11-06 01:39:16.716;2006-09-19 22:59:09.683382250;0;0;0;0;0
1234;1;10;10;1162777428716;2006-11-06 01:43:48.716;2006-09-19 22:59:09.768553717;0;0;0;0;0
1235;1;10;10;1162777653716;2006-11-06 01:47:33.716;2006-09-19 22:59:09.839008055;0;0;0;0;0
1236;1;10;10;1162777969716;2006-11-06 01:52:49.716;2006-09-19 22:59:09.937957259;0;0;0;0;0
1237;1;10;10;1162780645716;2006-11-06 02:37:25.716;2006-09-19 22:59:10.775894189;0;0;0;0;0
1238;1;10;10;1162780776716;2006-11-06 02:39:36.716;2006-09-19 22:59:10.816914271;0;0;0;0;0
1239;1;60;130;1162780848716;2006-11-06 02:40:48.716;2006-09-19 22:59:10.839459659;70;17;17;17;19
1240;1;60;130;1162780852716;2006-11-06 02:40:52.716;2006-09-19 22:59:10.840712180;70;35;10;11;14
1241;1;60;270;1162781979716;2006-11-06 02:59:39.716;2006-09-19 22:59:11.193610133;210;42;52;52;64
1242;1;100;410;1162782226716;2006-11-06 03:03:46.716;2006-09-19 22:59:11.270953340;310;124;68;74;44
1243;1;200;830;1162782781716;2006-11-06 03:13:01.716;2006-09-19 22:59:11.444740707;630;293;68;147;122
1244;1;60;130;1162782889716;2006-11-06 03:14:49.716;2006-09-19 22:59:11.478558790;70;28;11;17;14
1245;1;60;130;1162783945716;2006-11-06 03:32:25.716;2006-09-19 22:59:11.809224484;70;34;13;12;11
1246;1;60;130;1162784712716;2006-11-06 03:45:12.716;2006-09-19 22:59:12.049395495;70;34;14;16;6
1247;1;50;210;1162784982716;2006-11-06 03:49:42.716;2006-09-19 22:59:12.133940701;160;66;32;35;27
1248;1;80;390;1162785484716;2006-11-06 03:58:04.716;2006-09-19 22:59:12.291132158;310;63;77;77;93
1249;1;30;30;1162786383716;2006-11-06 04:13:03.716;2006-09-19 22:59:12.572636381;0;0;0;0;0
1250;1;20;30;1162786601716;2006-11-06 04:16:41.716;2006-09-19 22:59:12.640898806;10;4;2;2;2
1251;1;80;420;1162787500716;2006-11-06 04:31:40.716;2006-09-19 22:59:12.922403029;340;149;64;60;67
1252;1;10;10;1162787872716;2006-11-06 04:37:52.716;2006-09-19 22:59:13.038887535;0;0;0;0;0
1253;1;10;10;1162787997716;2006-11-06 04:39:57.716;2006-09-19 22:59:13.078028834;0;0;0;0;0
1254;1;10;10;1162788286716;2006-11-06 04:44:46.716;2006-09-19 22:59:13.168523517;0;0;0;0;0
1255;1;20;60;1162789158716;2006-11-06 04:59:18.716;2006-09-19 22:59:13.441573219;40;18;4;10;8
1256;1;10;10;1162789548716;2006-11-06 05:05:48.716;2006-09-19 22:59:13.563694072;0;0;0;0;0
1257;1;10;10;1162789817716;2006-11-06 05:10:17.716;2006-09-19 22:59:13.647926148;0;0;0;0;0
1258;1;80;410;1162790177716;2006-11-06 05:16:17.716;2006-09-19 22:59:13.760653089;330;108;76;81;65
1259;1;60;130;1162792472716;2006-11-06 05:54:32.716;2006-09-19 22:59:14.479287340;70;20;17;17;16
1260;1;10;10;1162793554716;2006-11-06 06:12:34.716;2006-09-19 22:59:14.818094424;0;0;0;0;0
1261;1;10;10;1162793941716;2006-11-06 06:19:01.716;2006-09-19 22:59:14.939275886;0;0;0;0;0
1262;1;10;10;1162794299716;2006-11-06 06:24:59.716;2006-09-19 22:59:15.051376567;0;0;0;0;0
1263;1;10;10;1162794490716;2006-11-06 06:28:10.716;2006-09-19 22:59:15.111184472;0;0;0;0;0
1264;1;10;10;1162794587716;2006-11-06 06:29:47.716;2006-09-19 22:59:15.141558120;0;0;0;0;0
1265;1;10;10;1162794681716;2006-11-06 06:31:21.716;2006-09-19 22:59:15.170992377;0;0;0;0;0
1266;1;10;10;1162794954716;2006-11-06 06:35:54.716;2006-09-19 22:59:15.256476974;0;0;0;0;0
1267;1;10;10;1162795058716;2006-11-06 06:37:38.716;2006-09-19 22:59:15.289042534;0;0;0;0;0
1268;1;10;10;1162795296716;2006-11-06 06:41:36.716;2006-09-19 22:59:15.363567568;0;0;0;0;0
1269;1;10;10;1162795522716;2006-11-06 06:45:22.716;2006-09-19 22:59:15.434335036;0;0;0;0;0
1270;1;10;10;1162795606716;2006-11-06 06:46:46.716;2006-09-19 22:59:15.460637989;0;0;0;0;0
1271;1;10;10;1162795693716;2006-11-06 06:48:13.716;2006-09-19 22:59:15.487880334;0;0;0;0;0
1272;1;10;10;1162796179716;2006-11-06 06:56:19.716;2006-09-19 22:59:15.640061704;0;0;0;0;0
1273;1;10;10;1162796669716;2006-11-06 07:04:29.716;2006-09-19 22:59:15.793495597;0;0;0;0;0
1274;1;10;10;1162796882716;2006-11-06 07:08:02.716;2006-09-19 22:59:15.860192370;0;0;0;0;0
1275;1;10;20;1162796918716;2006-11-06 07:08:38.716;2006-09-19 22:59:15.871465064;10;5;2;1;2
1276;1;30;40;1162797567716;2006-11-06 07:19:27.716;2006-09-19 22:59:16.074686689;10;5;1;2;2
1277;1;50;60;1162797942716;2006-11-06 07:25:42.716;2006-09-19 22:59:16.192110586;10;2;2;2;4
1278;1;50;60;1162799410716;2006-11-06 07:50:10.716;2006-09-19 22:59:16.651786002;10;2;2;2;4
1279;1;10;10;1162799793716;2006-11-06 07:56:33.716;2006-09-19 22:59:16.771714942;0;0;0;0;0
1280;1;10;30;1162799928716;2006-11-06 07:58:48.716;2006-09-19 22:59:16.813987545;20;10;3;4;3
1281;1;10;30;1162800120716;2006-11-06 08:02:00.716;2006-09-19 22:59:16.874108581;20;5;5;5;5
1282;1;10;10;1162800741716;2006-11-06 08:12:21.716;2006-09-19 22:59:17.068562554;0;0;0;0;0
1283;1;10;10;1162800873716;2006-11-06 08:14:33.716;2006-09-19 22:59:17.109895766;0;0;0;0;0
1284;1;10;10;1162801342716;2006-11-06 08:22:22.716;2006-09-19 22:59:17.256753920;0;0;0;0;0
1285;1;10;10;1162801464716;2006-11-06 08:24:24.716;2006-09-19 22:59:17.294955828;0;0;0;0;0
1286;1;80;390;1162801556716;2006-11-06 08:25:56.716;2006-09-19 22:59:17.323763824;310;89;77;77;67
1287;1;10;10;1162802237716;2006-11-06 08:37:17.716;2006-09-19 22:59:17.537005621;0;0;0;0;0
1288;1;10;10;1162802716716;2006-11-06 08:45:16.716;2006-09-19 22:59:17.686995079;0;0;0;0;0
1289;1;10;10;1162802845716;2006-11-06 08:47:25.716;2006-09-19 22:59:17.727388900;0;0;0;0;0
1290;1;10;10;1162803102716;2006-11-06 08:51:42.716;2006-09-19 22:59:17.807863411;0;0;0;0;0
1291;1;10;10;1162808036716;2006-11-06 10:13:56.716;2006-09-19 22:59:19.352848767;0;0;0;0;0
1292;1;30;30;1162843663716;2006-11-06 20:07:43.716;2006-09-19 22:59:30.508745255;0;0;0;0;0
1293;1;10;10;1162843706716;2006-11-06 20:08:26.716;2006-09-19 22:59:30.522209862;0;0;0;0;0
1294;1;30;110;1162843925716;2006-11-06 20:12:05.716;2006-09-19 22:59:30.590785418;80;33;15;16;16
1295;1;10;10;1162845678716;2006-11-06 20:41:18.716;2006-09-19 22:59:31.139702996;0;0;0;0;0
1296;1;10;10;1162845746716;2006-11-06 20:42:26.716;2006-09-19 22:59:31.160995863;0;0;0;0;0
1297;1;10;10;1162849460716;2006-11-06 21:44:20.716;2006-09-19 22:59:32.323962140;0;0;0;0;0
1298;1;80;410;1162851415716;2006-11-06 22:16:55.716;2006-09-19 22:59:32.936132057;330;136;62;74;58
1299;1;50;60;1162856432716;2006-11-06 23:40:32.716;2006-09-19 22:59:34.507107236;10;2;2;2;4
1300;1;10;10;1162856878716;2006-11-06 23:47:58.716;2006-09-19 22:59:34.646763391;0;0;0;0;0
1301;1;100;120;1162857019716;2006-11-06 23:50:19.716;2006-09-19 22:59:34.690914776;20;7;5;5;3
1302;1;10;10;1162857451716;2006-11-06 23:57:31.716;2006-09-19 22:59:34.826187105;0;0;0;0;0
1303;1;10;10;1162857551716;2006-11-06 23:59:11.716;2006-09-19 22:59:34.857500145;0;0;0;0;0
1304;1;50;60;1162857761716;2006-11-07 00:02:41.716;2006-09-19 22:59:34.923257527;10;5;1;2;2
1305;1;10;10;1162859489716;2006-11-07 00:31:29.716;2006-09-19 22:59:35.464346845;0;0;0;0;0
1306;1;10;10;1162859930716;2006-11-07 00:38:50.716;2006-09-19 22:59:35.602437348;0;0;0;0;0
1307;1;10;10;1162860029716;2006-11-07 00:40:29.716;2006-09-19 22:59:35.633437257;0;0;0;0;0
1308;1;60;80;1162860249716;2006-11-07 00:44:09.716;2006-09-19 22:59:35.702325943;20;8;3;5;4
1309;1;80;390;1162860891716;2006-11-07 00:54:51.716;2006-09-19 22:59:35.903355655;310;132;39;77;62
1310;1;10;20;1162861249716;2006-11-07 01:00:49.716;2006-09-19 22:59:36.015456336;10;5;1;2;2
1311;1;10;10;1162861395716;2006-11-07 01:03:15.716;2006-09-19 22:59:36.061173373;0;0;0;0;0
1312;1;10;20;1162861505716;2006-11-07 01:05:05.716;2006-09-19 22:59:36.095617716;10;3;2;2;3
1313;1;10;20;1162861814716;2006-11-07 01:10:14.716;2006-09-19 22:59:36.192375007;10;4;2;2;2
1314;1;10;10;1162861944716;2006-11-07 01:12:24.716;2006-09-19 22:59:36.233081958;0;0;0;0;0
1315;1;10;10;1162862085716;2006-11-07 01:14:45.716;2006-09-19 22:59:36.277233344;0;0;0;0;0
1316;1;10;10;1162862191716;2006-11-07 01:16:31.716;2006-09-19 22:59:36.310425165;0;0;0;0;0
1317;1;10;10;1162862402716;2006-11-07 01:20:02.716;2006-09-19 22:59:36.376495678;0;0;0;0;0
1318;1;10;10;1162862539716;2006-11-07 01:22:19.716;2006-09-19 22:59:36.419394542;0;0;0;0;0
1319;1;10;10;1162862781716;2006-11-07 01:26:21.716;2006-09-19 22:59:36.495172097;0;0;0;0;0
1320;1;10;10;1162862840716;2006-11-07 01:27:20.716;2006-09-19 22:59:36.513646790;0;0;0;0;0
1321;1;10;10;1162862913716;2006-11-07 01:28:33.716;2006-09-19 22:59:36.536505308;0;0;0;0;0
1322;1;10;10;1162863010716;2006-11-07 01:30:10.716;2006-09-19 22:59:36.566878957;0;0;0;0;0
1323;1;10;230;1162863286716;2006-11-07 01:34:46.716;2006-09-19 22:59:36.653302945;220;94;53;52;21
1324;1;30;40;1162863317716;2006-11-07 01:35:17.716;2006-09-19 22:59:36.663009987;10;4;2;2;2
1325;1;230;250;1162863862716;2006-11-07 01:44:22.716;2006-09-19 22:59:36.833666051;20;9;5;3;3
1326;1;30;40;1162864214716;2006-11-07 01:50:14.716;2006-09-19 22:59:36.943887949;10;2;2;2;4
1327;1;10;10;1162867335716;2006-11-07 02:42:15.716;2006-09-19 22:59:37.921167903;0;0;0;0;0
1328;1;10;10;1162867437716;2006-11-07 02:43:57.716;2006-09-19 22:59:37.953107204;0;0;0;0;0
1329;1;30;40;1162867495716;2006-11-07 02:44:55.716;2006-09-19 22:59:37.971268766;10;2;2;2;4
1330;1;10;10;1162867524716;2006-11-07 02:45:24.716;2006-09-19 22:59:37.980349548;0;0;0;0;0
1331;1;50;210;1162867904716;2006-11-07 02:51:44.716;2006-09-19 22:59:38.099339097;160;76;40;27;17
1332;1;30;40;1162868061716;2006-11-07 02:54:21.716;2006-09-19 22:59:38.148500568;10;5;1;2;2
1333;1;10;20;1162868836716;2006-11-07 03:07:16.716;2006-09-19 22:59:38.391176622;10;3;2;2;3
1334;1;40;170;1162868871716;2006-11-07 03:07:51.716;2006-09-19 22:59:38.402136186;130;26;32;32;40
1335;1;30;40;1162868955716;2006-11-07 03:09:15.716;2006-09-19 22:59:38.428439139;10;3;2;2;3
1336;1;50;210;1162870255716;2006-11-07 03:30:55.716;2006-09-19 22:59:38.835508649;160;78;27;24;31
1337;1;10;20;1162871332716;2006-11-07 03:48:52.716;2006-09-19 22:59:39.172750082;10;3;2;2;3
1338;1;230;250;1162871645716;2006-11-07 03:54:05.716;2006-09-19 22:59:39.270759895;20;7;4;5;4
1339;1;30;40;1162871722716;2006-11-07 03:55:22.716;2006-09-19 22:59:39.294870935;10;3;2;2;3
1340;1;60;270;1162873050716;2006-11-07 04:17:30.716;2006-09-19 22:59:39.710708096;210;71;50;49;40
1341;1;10;10;1162874363716;2006-11-07 04:39:23.716;2006-09-19 22:59:40.121848301;0;0;0;0;0
1342;1;10;10;1162874428716;2006-11-07 04:40:28.716;2006-09-19 22:59:40.142201777;0;0;0;0;0
1343;1;10;10;1162874514716;2006-11-07 04:41:54.716;2006-09-19 22:59:40.169130990;0;0;0;0;0
1344;1;10;10;1162874613716;2006-11-07 04:43:33.716;2006-09-19 22:59:40.200130899;0;0;0;0;0
1345;1;10;10;1162875192716;2006-11-07 04:53:12.716;2006-09-19 22:59:40.381433396;0;0;0;0;0
1346;1;10;20;1162875425716;2006-11-07 04:57:05.716;2006-09-19 22:59:40.454392778;10;4;2;2;2
1347;1;230;250;1162875624716;2006-11-07 05:00:24.716;2006-09-19 22:59:40.516705726;20;7;4;5;4
1348;1;10;50;1162875818716;2006-11-07 05:03:38.716;2006-09-19 22:59:40.577453022;40;15;7;10;8
1349;1;50;210;1162876021716;2006-11-07 05:07:01.716;2006-09-19 22:59:40.641018492;160;70;20;39;31
1350;1;80;390;1162876053716;2006-11-07 05:07:33.716;2006-09-19 22:59:40.651038664;310;135;54;72;49
1351;1;80;400;1162876253716;2006-11-07 05:10:53.716;2006-09-19 22:59:40.713664743;320;97;80;79;64
1352;1;30;40;1162877610716;2006-11-07 05:33:30.716;2006-09-19 22:59:41.138582685;10;4;2;2;2
1353;1;10;10;1162878022716;2006-11-07 05:40:22.716;2006-09-19 22:59:41.267592407;0;0;0;0;0
1354;1;10;10;1162879202716;2006-11-07 06:00:02.716;2006-09-19 22:59:41.637086270;0;0;0;0;0
1355;1;10;10;1162879581716;2006-11-07 06:06:21.716;2006-09-19 22:59:41.755762688;0;0;0;0;0
1356;1;60;130;1162883816716;2006-11-07 07:16:56.716;2006-09-19 22:59:43.081869900;70;31;14;15;10
1357;1;230;250;1162923287716;2006-11-07 18:14:47.716;2006-09-19 22:59:55.441439617;20;4;5;5;6
1358;1;10;20;1162924032716;2006-11-07 18:27:12.716;2006-09-19 22:59:55.674721759;10;2;2;2;4
1359;1;10;20;1162924394716;2006-11-07 18:33:14.716;2006-09-19 22:59:55.788074962;10;4;2;2;2
1360;1;230;250;1162924416716;2006-11-07 18:33:36.716;2006-09-19 22:59:55.794963830;20;6;5;5;4
1361;1;10;20;1162924566716;2006-11-07 18:36:06.716;2006-09-19 22:59:55.841933389;10;5;1;2;2
1362;1;10;10;1162924795716;2006-11-07 18:39:55.716;2006-09-19 22:59:55.913640249;0;0;0;0;0
1363;1;10;10;1162925038716;2006-11-07 18:43:58.716;2006-09-19 22:59:55.989730934;0;0;0;0;0
1364;1;460;500;1162928328716;2006-11-07 19:38:48.716;2006-09-19 22:59:57.019929925;40;18;10;8;4
1365;1;20;20;1162928607716;2006-11-07 19:43:27.716;2006-09-19 22:59:57.107293305;0;0;0;0;0
1366;1;10;10;1162928779716;2006-11-07 19:46:19.716;2006-09-19 22:59:57.161151732;0;0;0;0;0
1367;1;10;10;1162929108716;2006-11-07 19:51:48.716;2006-09-19 22:59:57.264171631;0;0;0;0;0
1368;1;10;10;1162929220716;2006-11-07 19:53:40.716;2006-09-19 22:59:57.299242235;0;0;0;0;0
1369;1;20;20;1162929509716;2006-11-07 19:58:29.716;2006-09-19 22:59:57.389736918;0;0;0;0;0
1370;1;20;20;1162929736716;2006-11-07 20:02:16.716;2006-09-19 22:59:57.460817518;0;0;0;0;0
1371;1;20;20;1162930175716;2006-11-07 20:09:35.716;2006-09-19 22:59:57.598281760;0;0;0;0;0
1372;1;80;390;1162930280716;2006-11-07 20:11:20.716;2006-09-19 22:59:57.631160451;310;133;74;43;60
1373;1;20;20;1162930427716;2006-11-07 20:13:47.716;2006-09-19 22:59:57.677190619;0;0;0;0;0
1374;1;10;10;1162930438716;2006-11-07 20:13:58.716;2006-09-19 22:59:57.680635053;0;0;0;0;0
1375;1;10;20;1162930871716;2006-11-07 20:21:11.716;2006-09-19 22:59:57.816220513;10;4;2;2;2
1376;1;20;20;1162931070716;2006-11-07 20:24:30.716;2006-09-19 22:59:57.878533461;0;0;0;0;0
1377;1;10;20;1162931045716;2006-11-07 20:24:05.716;2006-09-19 22:59:57.870705201;10;2;2;2;4
1378;1;20;20;1162931600716;2006-11-07 20:33:20.716;2006-09-19 22:59:58.044492569;0;0;0;0;0
1379;1;10;10;1162931772716;2006-11-07 20:36:12.716;2006-09-19 22:59:58.098350996;0;0;0;0;0
1380;1;10;10;1162931804716;2006-11-07 20:36:44.716;2006-09-19 22:59:58.108371169;0;0;0;0;0
1381;1;80;390;1162932098716;2006-11-07 20:41:38.716;2006-09-19 22:59:58.200431504;310;153;64;38;55
1382;1;20;40;1162932484716;2006-11-07 20:48:04.716;2006-09-19 22:59:58.321299836;20;5;5;5;5
1383;1;10;10;1162933155716;2006-11-07 20:59:15.716;2006-09-19 22:59:58.531410329;0;0;0;0;0
1384;1;60;130;1162933178716;2006-11-07 20:59:38.716;2006-09-19 22:59:58.538612328;70;16;17;17;20
1385;1;20;20;1162933319716;2006-11-07 21:01:59.716;2006-09-19 22:59:58.582763713;0;0;0;0;0
1386;1;10;50;1162933928716;2006-11-07 21:12:08.716;2006-09-19 22:59:58.773460122;40;15;8;10;7
1387;1;10;50;1162934038716;2006-11-07 21:13:58.716;2006-09-19 22:59:58.807904466;40;15;8;9;8
1388;1;10;50;1162934085716;2006-11-07 21:14:45.716;2006-09-19 22:59:58.822621594;40;11;10;10;9
1389;1;10;50;1162934358716;2006-11-07 21:19:18.716;2006-09-19 22:59:58.908106191;40;11;10;10;9
1390;1;10;10;1162934633716;2006-11-07 21:23:53.716;2006-09-19 22:59:58.994217049;0;0;0;0;0
1391;1;20;60;1162934894716;2006-11-07 21:28:14.716;2006-09-19 22:59:59.075944081;40;12;10;10;8
1392;1;10;10;1162935110716;2006-11-07 21:31:50.716;2006-09-19 22:59:59.143580246;0;0;0;0;0
1393;1;20;60;1162935457716;2006-11-07 21:37:37.716;2006-09-19 22:59:59.252236492;40;13;9;10;8
1394;1;20;50;1162935777716;2006-11-07 21:42:57.716;2006-09-19 22:59:59.352438218;30;12;6;6;6
1395;1;20;80;1162935937716;2006-11-07 21:45:37.716;2006-09-19 22:59:59.402539081;60;21;14;13;12
1396;1;230;250;1162935984716;2006-11-07 21:46:24.716;2006-09-19 22:59:59.417256209;20;10;5;3;2
1397;1;20;80;1162936443716;2006-11-07 21:54:03.716;2006-09-19 22:59:59.560983059;60;27;8;13;12
1398;1;50;210;1162936574716;2006-11-07 21:56:14.716;2006-09-19 22:59:59.602003141;160;49;40;39;32
1399;1;10;10;1162936638716;2006-11-07 21:57:18.716;2006-09-19 22:59:59.622043486;0;0;0;0;0
1400;1;20;110;1162936891716;2006-11-07 22:01:31.716;2006-09-19 22:59:59.701265475;90;32;22;21;15
1401;1;80;370;1162936940716;2006-11-07 22:02:20.716;2006-09-19 22:59:59.716608864;290;68;72;72;78
1402;1;10;10;1162937174716;2006-11-07 22:06:14.716;2006-09-19 22:59:59.789881376;0;0;0;0;0
1403;1;10;10;1162937539716;2006-11-07 22:12:19.716;2006-09-19 22:59:59.904173969;0;0;0;0;0
1404;1;10;10;1162937807716;2006-11-07 22:16:47.716;2006-09-19 22:59:59.988092914;0;0;0;0;0
1405;1;10;10;1162938429716;2006-11-07 22:27:09.716;2006-09-19 23:00:00.182860018;0;0;0;0;0
1406;1;10;10;1162939965716;2006-11-07 22:52:45.716;2006-09-19 23:00:00.663828301;0;0;0;0;0
1407;1;20;160;1162940477716;2006-11-07 23:01:17.716;2006-09-19 23:00:00.824151062;140;69;9;34;28
1408;1;80;390;1162941068716;2006-11-07 23:11:08.716;2006-09-19 23:00:01.009211124;310;148;77;34;51
1409;1;10;10;1162942711716;2006-11-07 23:38:31.716;2006-09-19 23:00:01.523684358;0;0;0;0;0
1410;1;80;390;1162943094716;2006-11-07 23:44:54.716;2006-09-19 23:00:01.643613299;310;81;77;77;75
1411;1;10;10;1162943471716;2006-11-07 23:51:11.716;2006-09-19 23:00:01.761663457;0;0;0;0;0
1412;1;10;20;1162944747716;2006-11-08 00:12:27.716;2006-09-19 23:00:02.161217837;10;2;2;2;4
1413;1;10;20;1162944914716;2006-11-08 00:15:14.716;2006-09-19 23:00:02.213510613;10;2;2;2;4
1414;1;20;110;1162945320716;2006-11-08 00:22:00.716;2006-09-19 23:00:02.340641552;90;23;22;22;23
1415;1;40;140;1162946189716;2006-11-08 00:36:29.716;2006-09-19 23:00:02.612751863;100;49;14;18;19
1416;1;10;20;1162946280716;2006-11-08 00:38:00.716;2006-09-19 23:00:02.641246729;10;2;2;2;4
1417;1;10;10;1162946486716;2006-11-08 00:41:26.716;2006-09-19 23:00:02.705751590;0;0;0;0;0
1418;1;10;20;1162946504716;2006-11-08 00:41:44.716;2006-09-19 23:00:02.711387937;10;5;1;2;2
1419;1;10;10;1162946602716;2006-11-08 00:43:22.716;2006-09-19 23:00:02.742074715;0;0;0;0;0
1420;1;10;20;1162947487716;2006-11-08 00:58:07.716;2006-09-19 23:00:03.019195112;10;5;2;2;1
1421;1;50;210;1162948785716;2006-11-08 01:19:45.716;2006-09-19 23:00:03.425638362;160;75;36;33;16
1422;1;10;20;1162948900716;2006-11-08 01:21:40.716;2006-09-19 23:00:03.461648357;10;3;2;2;3
1423;1;10;170;1162949623716;2006-11-08 01:33:43.716;2006-09-19 23:00:03.688041631;160;61;34;35;30
1424;1;60;270;1162950108716;2006-11-08 01:41:48.716;2006-09-19 23:00:03.839909871;210;87;51;46;26
1425;1;30;40;1162950431716;2006-11-08 01:47:11.716;2006-09-19 23:00:03.941050988;10;3;2;2;3
1426;1;10;10;1162951083716;2006-11-08 01:58:03.716;2006-09-19 23:00:04.145212003;0;0;0;0;0
1427;1;10;10;1162951459716;2006-11-08 02:04:19.716;2006-09-19 23:00:04.262949031;0;0;0;0;0
1428;1;80;390;1162952005716;2006-11-08 02:13:25.716;2006-09-19 23:00:04.433918225;310;142;42;72;54
1429;1;10;10;1162954114716;2006-11-08 02:48:34.716;2006-09-19 23:00:05.094310223;0;0;0;0;0
1430;1;10;80;1162954245716;2006-11-08 02:50:45.716;2006-09-19 23:00:05.135330304;70;21;17;17;15
1431;1;10;20;1162954302716;2006-11-08 02:51:42.716;2006-09-19 23:00:05.153178736;10;3;2;2;3
1432;1;10;80;1162954491716;2006-11-08 02:54:51.716;2006-09-19 23:00:05.212360381;70;26;13;17;14
1433;1;10;20;1162954726716;2006-11-08 02:58:46.716;2006-09-19 23:00:05.285946023;10;4;2;2;2
1434;1;60;130;1162954817716;2006-11-08 03:00:17.716;2006-09-19 23:00:05.314440888;70;22;17;17;14
1435;1;30;40;1162955132716;2006-11-08 03:05:32.716;2006-09-19 23:00:05.413076962;10;3;2;2;3
1436;1;10;40;1162955236716;2006-11-08 03:07:16.716;2006-09-19 23:00:05.445642523;30;11;6;7;6
1437;1;40;130;1162955418716;2006-11-08 03:10:18.716;2006-09-19 23:00:05.502632254;90;31;22;20;17
1438;3;60;1000;1162955510716;2006-11-08 03:11:50.716;2006-09-19 23:00:05.531440250;940;216;235;235;254
1439;2;30;930;1162955574716;2006-11-08 03:12:54.716;2006-09-19 23:00:05.551480596;900;288;208;224;180
1440;1;20;110;1162955718716;2006-11-08 03:15:18.716;2006-09-19 23:00:05.596571372;90;22;22;22;24
1441;1;20;90;1162955926716;2006-11-08 03:18:46.716;2006-09-19 23:00:05.661702494;70;24;16;17;13
1442;1;20;110;1162956053716;2006-11-08 03:20:53.716;2006-09-19 23:00:05.701470053;90;38;21;16;15
1443;4;70;1440;1162956222716;2006-11-08 03:23:42.716;2006-09-19 23:00:05.754389090;1370;314;342;342;372
1444;1;20;110;1162956404716;2006-11-08 03:26:44.716;2006-09-19 23:00:05.811378821;90;23;22;22;23
1445;1;10;20;1162956426716;2006-11-08 03:27:06.716;2006-09-19 23:00:05.818267690;10;3;2;2;3
1446;1;50;210;1162957084716;2006-11-08 03:38:04.716;2006-09-19 23:00:06.024307488;160;48;40;40;32
1447;1;10;10;1162957558716;2006-11-08 03:45:58.716;2006-09-19 23:00:06.172731294;0;0;0;0;0
1448;1;20;130;1162957719716;2006-11-08 03:48:39.716;2006-09-19 23:00:06.223145287;110;46;20;23;21
1449;1;60;130;1162958008716;2006-11-08 03:53:28.716;2006-09-19 23:00:06.313639971;70;25;16;15;14
1450;1;40;130;1162958238716;2006-11-08 03:57:18.716;2006-09-19 23:00:06.385659961;90;27;22;22;19
1451;1;60;130;1162958407716;2006-11-08 04:00:07.716;2006-09-19 23:00:06.438578997;70;35;8;15;12
1452;1;20;60;1162959461716;2006-11-08 04:17:41.716;2006-09-19 23:00:06.768618431;40;16;8;9;7
1453;1;10;30;1162959760716;2006-11-08 04:22:40.716;2006-09-19 23:00:06.862244418;20;7;4;5;4
1454;2;80;810;1162959949716;2006-11-08 04:25:49.716;2006-09-19 23:00:06.921426062;730;198;182;182;168
1455;1;80;500;1162960894716;2006-11-08 04:41:34.716;2006-09-19 23:00:07.217334283;420;154;86;96;84
1456;1;10;20;1162961564716;2006-11-08 04:52:44.716;2006-09-19 23:00:07.427131646;10;3;2;2;3
1457;2;70;960;1162961692716;2006-11-08 04:54:52.716;2006-09-19 23:00:07.467212336;890;367;168;178;177
1458;1;80;390;1162961866716;2006-11-08 04:57:46.716;2006-09-19 23:00:07.521697024;310;115;66;67;62
1459;1;10;30;1162963031716;2006-11-08 05:17:11.716;2006-09-19 23:00:07.886493931;20;6;5;5;4
1460;1;20;70;1162963191716;2006-11-08 05:19:51.716;2006-09-19 23:00:07.936594794;50;14;12;12;12
1461;1;80;390;1162963585716;2006-11-08 05:26:25.716;2006-09-19 23:00:08.059968169;310;97;76;76;61
1462;1;60;130;1162963803716;2006-11-08 05:30:03.716;2006-09-19 23:00:08.128230594;70;34;15;14;7
1463;1;60;330;1162964070716;2006-11-08 05:34:30.716;2006-09-19 23:00:08.211836409;270;64;67;67;72
1464;4;60;1070;1162964186716;2006-11-08 05:36:26.716;2006-09-19 23:00:08.248159535;1010;365;239;242;164
1465;1;10;80;1162980212716;2006-11-08 10:03:32.716;2006-09-19 23:00:13.266387203;70;21;17;17;15
1466;1;60;130;1163012023716;2006-11-08 18:53:43.716;2006-09-19 23:00:23.227378114;70;16;17;17;20
1467;1;50;410;1163012561716;2006-11-08 19:02:41.716;2006-09-19 23:00:23.395842265;360;125;74;89;72
1468;1;40;170;1163012872716;2006-11-08 19:07:52.716;2006-09-19 23:00:23.493225817;130;49;28;32;21
1469;1;50;410;1163013228716;2006-11-08 19:13:48.716;2006-09-19 23:00:23.604700237;360;140;90;77;53
1470;1;10;10;1163013379716;2006-11-08 19:16:19.716;2006-09-19 23:00:23.651982926;0;0;0;0;0
1471;1;40;130;1163013690716;2006-11-08 19:21:30.716;2006-09-19 23:00:23.749366478;90;36;16;22;16
1472;1;50;410;1163013697716;2006-11-08 19:21:37.716;2006-09-19 23:00:23.751558391;360;152;90;88;30
1473;1;50;210;1163013888716;2006-11-08 19:24:48.716;2006-09-19 23:00:23.811366296;160;65;31;33;31
1474;1;50;450;1163014159716;2006-11-08 19:29:19.716;2006-09-19 23:00:23.896224632;400;196;96;100;8
1475;1;50;210;1163014220716;2006-11-08 19:30:20.716;2006-09-19 23:00:23.915325586;160;71;33;24;32
1476;1;60;200;1163014852716;2006-11-08 19:40:52.716;2006-09-19 23:00:24.113223994;140;52;35;32;21
1477;1;10;20;1163015260716;2006-11-08 19:47:40.716;2006-09-19 23:00:24.240981194;10;3;2;2;3
1478;1;20;30;1163015355716;2006-11-08 19:49:15.716;2006-09-19 23:00:24.270728582;10;2;2;2;4
1479;1;10;10;1163015455716;2006-11-08 19:50:55.716;2006-09-19 23:00:24.302041621;0;0;0;0;0
1480;1;30;110;1163015556716;2006-11-08 19:52:36.716;2006-09-19 23:00:24.333667790;80;22;20;20;18
1481;1;80;450;1163015686716;2006-11-08 19:54:46.716;2006-09-19 23:00:24.374374741;370;108;92;92;78
1482;1;20;110;1163016549716;2006-11-08 20:09:09.716;2006-09-19 23:00:24.644606270;90;20;22;22;26
1483;1;80;470;1163016586716;2006-11-08 20:09:46.716;2006-09-19 23:00:24.656192095;390;191;67;83;49
1484;1;10;20;1163016650716;2006-11-08 20:10:50.716;2006-09-19 23:00:24.676232440;10;3;2;2;3
1485;1;40;170;1163016741716;2006-11-08 20:12:21.716;2006-09-19 23:00:24.704727305;130;59;24;23;24
1486;1;10;10;1163016858716;2006-11-08 20:14:18.716;2006-09-19 23:00:24.741363561;0;0;0;0;0
1487;1;20;260;1163016945716;2006-11-08 20:15:45.716;2006-09-19 23:00:24.768605905;240;91;57;60;32
1488;1;10;10;1163017144716;2006-11-08 20:19:04.716;2006-09-19 23:00:24.830918853;0;0;0;0;0
1489;1;50;210;1163017164716;2006-11-08 20:19:24.716;2006-09-19 23:00:24.837181461;160;41;40;40;39
1490;4;20;1260;1163017360716;2006-11-08 20:22:40.716;2006-09-19 23:00:24.898555018;1240;304;310;310;316
1491;1;50;210;1163017340716;2006-11-08 20:22:20.716;2006-09-19 23:00:24.892292410;160;80;19;36;25
1492;1;50;210;1163017404716;2006-11-08 20:23:24.716;2006-09-19 23:00:24.912332756;160;50;40;38;32
1493;1;50;480;1163017351716;2006-11-08 20:22:31.716;2006-09-19 23:00:24.895736845;430;166;93;89;82
1494;1;80;450;1163017497716;2006-11-08 20:24:57.716;2006-09-19 23:00:24.941453882;370;153;56;87;74
1495;1;50;210;1163017709716;2006-11-08 20:28:29.716;2006-09-19 23:00:25.007837525;160;49;39;40;32
1496;2;10;420;1163017971716;2006-11-08 20:32:51.716;2006-09-19 23:00:25.089877688;410;93;102;102;113
1497;1;80;470;1163018048716;2006-11-08 20:34:08.716;2006-09-19 23:00:25.113988728;390;92;97;97;104
1498;1;50;210;1163018176716;2006-11-08 20:36:16.716;2006-09-19 23:00:25.154069418;160;57;39;38;26
1499;1;50;410;1163018438716;2006-11-08 20:40:38.716;2006-09-19 23:00:25.236109581;360;88;90;90;92
1500;1;50;210;1163018533716;2006-11-08 20:42:13.716;2006-09-19 23:00:25.265856968;160;54;35;39;32
1501;1;50;210;1163018763716;2006-11-08 20:46:03.716;2006-09-19 23:00:25.337876959;160;53;36;39;32
1502;1;80;470;1163018838716;2006-11-08 20:47:18.716;2006-09-19 23:00:25.361361738;390;91;97;97;105
1503;1;20;260;1163018866716;2006-11-08 20:47:46.716;2006-09-19 23:00:25.370129389;240;54;60;60;66
1504;1;10;10;1163018980716;2006-11-08 20:49:40.716;2006-09-19 23:00:25.405826254;0;0;0;0;0
1505;1;50;410;1163019102716;2006-11-08 20:51:42.716;2006-09-19 23:00:25.444028162;360;80;90;90;100
1506;1;80;450;1163019139716;2006-11-08 20:52:19.716;2006-09-19 23:00:25.455613986;370;121;90;86;73
1507;4;20;1260;1163019252716;2006-11-08 20:54:12.716;2006-09-19 23:00:25.490997721;1240;562;201;267;210
1508;1;10;10;1163019518716;2006-11-08 20:58:38.716;2006-09-19 23:00:25.574290405;0;0;0;0;0
1509;1;10;10;1163019697716;2006-11-08 21:01:37.716;2006-09-19 23:00:25.630340745;0;0;0;0;0
1510;1;50;210;1163020215716;2006-11-08 21:10:15.716;2006-09-19 23:00:25.792542288;160;66;39;32;23
1511;3;10;810;1163020537716;2006-11-08 21:15:37.716;2006-09-19 23:00:25.893370275;800;262;194;197;147
1512;1;80;470;1163020754716;2006-11-08 21:19:14.716;2006-09-19 23:00:25.961319570;390;108;97;97;88
1513;1;20;260;1163020896716;2006-11-08 21:21:36.716;2006-09-19 23:00:26.005784086;240;71;60;60;49
1514;3;20;1850;1163020967716;2006-11-08 21:22:47.716;2006-09-19 23:00:26.028016344;1830;553;454;457;366
1515;1;50;210;1163021129716;2006-11-08 21:25:29.716;2006-09-19 23:00:26.078743467;160;65;25;38;32
1516;1;50;210;1163021442716;2006-11-08 21:30:42.716;2006-09-19 23:00:26.176753280;160;74;21;34;31
1517;1;80;470;1163021723716;2006-11-08 21:35:23.716;2006-09-19 23:00:26.264742920;390;132;89;94;75
1518;1;20;260;1163021986716;2006-11-08 21:39:46.716;2006-09-19 23:00:26.347096213;240;86;60;53;41
1519;1;10;10;1163022160716;2006-11-08 21:42:40.716;2006-09-19 23:00:26.401580902;0;0;0;0;0
1520;1;20;260;1163022263716;2006-11-08 21:44:23.716;2006-09-19 23:00:26.433833332;240;51;60;60;69
1521;1;20;260;1163022546716;2006-11-08 21:49:06.716;2006-09-19 23:00:26.522449233;240;72;60;60;48
1522;1;50;250;1163022675716;2006-11-08 21:51:15.716;2006-09-19 23:00:26.562843054;200;52;50;50;48
1523;1;10;10;1163022921716;2006-11-08 21:55:21.716;2006-09-19 23:00:26.639873130;0;0;0;0;0
1524;1;30;110;1163022974716;2006-11-08 21:56:14.716;2006-09-19 23:00:26.656469041;80;33;11;20;16
1525;1;50;250;1163023041716;2006-11-08 21:57:21.716;2006-09-19 23:00:26.677448777;200;55;50;50;45
1526;1;10;10;1163023138716;2006-11-08 21:58:58.716;2006-09-19 23:00:26.707822425;0;0;0;0;0
1527;2;10;500;1163023498716;2006-11-08 22:04:58.716;2006-09-19 23:00:26.820549367;490;205;66;121;98
1528;1;30;150;1163024580716;2006-11-08 22:23:00.716;2006-09-19 23:00:27.159356451;120;58;17;22;23
1529;1;10;250;1163024903716;2006-11-08 22:28:23.716;2006-09-19 23:00:27.260497568;240;77;57;60;46
1530;1;20;260;1163025047716;2006-11-08 22:30:47.716;2006-09-19 23:00:27.305588344;240;60;60;60;60
1531;1;10;250;1163025060716;2006-11-08 22:31:00.716;2006-09-19 23:00:27.309659039;240;60;60;60;60
1532;1;10;10;1163025214716;2006-11-08 22:33:34.716;2006-09-19 23:00:27.357881120;0;0;0;0;0
1533;1;30;80;1163025940716;2006-11-08 22:45:40.716;2006-09-19 23:00:27.585213785;50;11;12;12;15
1534;1;50;210;1163026586716;2006-11-08 22:56:26.716;2006-09-19 23:00:27.787496018;160;63;40;27;30
1535;1;30;40;1163026731716;2006-11-08 22:58:51.716;2006-09-19 23:00:27.832899925;10;4;2;2;2
1536;1;10;250;1163026916716;2006-11-08 23:01:56.716;2006-09-19 23:00:27.890829048;240;86;59;50;45
1537;1;10;10;1163027218716;2006-11-08 23:06:58.716;2006-09-19 23:00:27.985394426;0;0;0;0;0
1538;1;50;410;1163027464716;2006-11-08 23:11:04.716;2006-09-19 23:00:28.062424503;360;100;90;90;80
1539;1;70;390;1163028037716;2006-11-08 23:20:37.716;2006-09-19 23:00:28.241848218;320;125;67;75;53
1540;1;20;270;1163028600716;2006-11-08 23:30:00.716;2006-09-19 23:00:28.418140628;250;106;47;54;43
1541;1;20;260;1163029233716;2006-11-08 23:40:33.716;2006-09-19 23:00:28.616352167;240;57;60;60;63
1542;1;50;310;1163029327716;2006-11-08 23:42:07.716;2006-09-19 23:00:28.645786424;260;81;62;65;52
1543;1;30;40;1163029495716;2006-11-08 23:44:55.716;2006-09-19 23:00:28.698392330;10;4;2;2;2
1544;1;20;260;1163029520716;2006-11-08 23:45:20.716;2006-09-19 23:00:28.706220589;240;52;60;60;68
1545;1;30;40;1163030060716;2006-11-08 23:54:20.716;2006-09-19 23:00:28.875311001;10;2;2;2;4
1546;1;10;30;1163030071716;2006-11-08 23:54:31.716;2006-09-19 23:00:28.878755436;20;9;2;5;4
1547;1;30;40;1163030747716;2006-11-09 00:05:47.716;2006-09-19 23:00:29.090431581;10;4;2;2;2
1548;1;30;40;1163031363716;2006-11-09 00:16:03.716;2006-09-19 23:00:29.283319903;10;2;2;2;4
1549;1;30;40;1163031558716;2006-11-09 00:19:18.716;2006-09-19 23:00:29.344380329;10;3;2;2;3
1550;1;30;40;1163031724716;2006-11-09 00:22:04.716;2006-09-19 23:00:29.396359974;10;5;2;2;1
1551;1;30;40;1163031906716;2006-11-09 00:25:06.716;2006-09-19 23:00:29.453349706;10;5;2;2;1
1552;1;20;260;1163032337716;2006-11-09 00:32:17.716;2006-09-19 23:00:29.588308905;240;84;56;52;48
1553;1;30;40;1163032582716;2006-11-09 00:36:22.716;2006-09-19 23:00:29.665025851;10;2;2;2;4
1554;1;10;70;1163032768716;2006-11-09 00:39:28.716;2006-09-19 23:00:29.723268104;60;25;14;9;12
1555;1;20;80;1163033586716;2006-11-09 00:53:06.716;2006-09-19 23:00:29.979408765;60;26;7;15;12
1556;1;50;250;1163033888716;2006-11-09 00:58:08.716;2006-09-19 23:00:30.073974143;200;96;37;30;37
1557;1;20;80;1163034421716;2006-11-09 01:07:01.716;2006-09-19 23:00:30.240872642;60;23;12;14;11
1558;1;20;80;1163034834716;2006-11-09 01:13:54.716;2006-09-19 23:00:30.370195494;60;16;15;15;14
1559;1;20;80;1163035317716;2006-11-09 01:21:57.716;2006-09-19 23:00:30.521437474;60;16;15;15;14
1560;1;20;80;1163035550716;2006-11-09 01:25:50.716;2006-09-19 23:00:30.594396855;60;22;14;13;11
1561;1;70;350;1163035559716;2006-11-09 01:25:59.716;2006-09-19 23:00:30.597215029;280;94;67;69;50
1562;1;20;80;1163035999716;2006-11-09 01:33:19.716;2006-09-19 23:00:30.734992402;60;25;15;10;10
1563;1;50;210;1163036213716;2006-11-09 01:36:53.716;2006-09-19 23:00:30.802002306;160;44;40;40;36
1564;1;50;210;1163037183716;2006-11-09 01:53:03.716;2006-09-19 23:00:31.105738786;160;65;29;37;29
1565;1;50;210;1163037810716;2006-11-09 02:03:30.716;2006-09-19 23:00:31.302071542;160;35;40;40;45
1566;1;10;10;1163038544716;2006-11-09 02:15:44.716;2006-09-19 23:00:31.531909250;0;0;0;0;0
1567;1;50;210;1163038613716;2006-11-09 02:16:53.716;2006-09-19 23:00:31.553515247;160;39;40;40;41
1568;1;10;20;1163038650716;2006-11-09 02:17:30.716;2006-09-19 23:00:31.565101072;10;5;1;2;2
1569;1;10;30;1163038956716;2006-11-09 02:22:36.716;2006-09-19 23:00:31.660918972;20;10;5;3;2
1570;1;20;80;1163039310716;2006-11-09 02:28:30.716;2006-09-19 23:00:31.771767131;60;24;14;11;11
1571;1;20;80;1163039768716;2006-11-09 02:36:08.716;2006-09-19 23:00:31.915180850;60;22;12;14;12
1572;1;10;80;1163039750716;2006-11-09 02:35:50.716;2006-09-19 23:00:31.909544503;70;22;17;17;14
1573;1;10;10;1163039858716;2006-11-09 02:37:38.716;2006-09-19 23:00:31.943362586;0;0;0;0;0
1574;1;10;10;1163040108716;2006-11-09 02:41:48.716;2006-09-19 23:00:32.021645184;0;0;0;0;0
1575;1;30;150;1163040544716;2006-11-09 02:49:04.716;2006-09-19 23:00:32.158170035;120;26;30;30;34
1576;1;10;10;1163040654716;2006-11-09 02:50:54.716;2006-09-19 23:00:32.192614378;0;0;0;0;0
1577;1;20;80;1163040664716;2006-11-09 02:51:04.716;2006-09-19 23:00:32.195745682;60;17;15;15;13
1578;1;10;20;1163041266716;2006-11-09 03:01:06.716;2006-09-19 23:00:32.384250178;10;2;2;2;4
1579;1;20;80;1163041443716;2006-11-09 03:04:03.716;2006-09-19 23:00:32.439674258;60;16;15;15;14
1580;1;10;50;1163041508716;2006-11-09 03:05:08.716;2006-09-19 23:00:32.460027733;40;13;9;10;8
1581;1;10;10;1163044426716;2006-11-09 03:53:46.716;2006-09-19 23:00:33.373742218;0;0;0;0;0
1582;1;20;80;1163044626716;2006-11-09 03:57:06.716;2006-09-19 23:00:33.436368297;60;28;13;9;10
1583;1;20;180;1163044850716;2006-11-09 04:00:50.716;2006-09-19 23:00:33.506509504;160;51;38;39;32
1584;1;20;180;1163045820716;2006-11-09 04:17:00.716;2006-09-19 23:00:33.810245985;160;73;17;39;31
1585;1;10;10;1163045897716;2006-11-09 04:18:17.716;2006-09-19 23:00:33.834357025;0;0;0;0;0
1586;1;10;10;1163046224716;2006-11-09 04:23:44.716;2006-09-19 23:00:33.936750664;0;0;0;0;0
1587;1;10;10;1163046425716;2006-11-09 04:27:05.716;2006-09-19 23:00:33.999689872;0;0;0;0;0
1588;1;10;10;1163046824716;2006-11-09 04:33:44.716;2006-09-19 23:00:34.124628899;0;0;0;0;0
1589;1;10;10;1163047031716;2006-11-09 04:37:11.716;2006-09-19 23:00:34.189446890;0;0;0;0;0
1590;1;10;10;1163047281716;2006-11-09 04:41:21.716;2006-09-19 23:00:34.267729488;0;0;0;0;0
1591;1;10;10;1163047507716;2006-11-09 04:45:07.716;2006-09-19 23:00:34.338496957;0;0;0;0;0
1592;1;10;10;1163049867716;2006-11-09 05:24:27.716;2006-09-19 23:00:35.077484683;0;0;0;0;0
1593;1;50;210;1163050054716;2006-11-09 05:27:34.716;2006-09-19 23:00:35.136040066;160;49;40;39;32
1594;1;50;210;1163054722716;2006-11-09 06:45:22.716;2006-09-19 23:00:36.597732738;160;55;35;40;30
1595;1;50;1290;1163055227716;2006-11-09 06:53:47.716;2006-09-19 23:00:36.755863586;1240;516;285;301;138
1596;1;10;20;1163064709716;2006-11-09 09:31:49.716;2006-09-19 23:00:39.724965966;10;2;2;2;4
1597;1;10;10;1163097849716;2006-11-09 18:44:09.716;2006-09-19 23:00:50.102107169;0;0;0;0;0
1598;1;10;20;1163098449716;2006-11-09 18:54:09.716;2006-09-19 23:00:50.289985405;10;2;2;2;4
1599;1;50;210;1163098469716;2006-11-09 18:54:29.716;2006-09-19 23:00:50.296248013;160;35;40;40;45
1600;1;10;20;1163098988716;2006-11-09 19:03:08.716;2006-09-19 23:00:50.458762686;10;3;2;2;3
1601;1;10;10;1163100270716;2006-11-09 19:24:30.716;2006-09-19 23:00:50.860195849;0;0;0;0;0
1602;1;10;10;1163100439716;2006-11-09 19:27:19.716;2006-09-19 23:00:50.913114886;0;0;0;0;0
1603;1;10;10;1163100997716;2006-11-09 19:36:37.716;2006-09-19 23:00:51.087841645;0;0;0;0;0
1604;1;50;250;1163100961716;2006-11-09 19:36:01.716;2006-09-19 23:00:51.076568950;200;76;35;49;40
1605;1;10;10;1163101175716;2006-11-09 19:39:35.716;2006-09-19 23:00:51.143578854;0;0;0;0;0
1606;1;50;810;1163101455716;2006-11-09 19:44:15.716;2006-09-19 23:00:51.231255364;760;256;185;169;150
1607;1;10;10;1163101693716;2006-11-09 19:48:13.716;2006-09-19 23:00:51.305780398;0;0;0;0;0
1608;1;10;70;1163102020716;2006-11-09 19:53:40.716;2006-09-19 23:00:51.408174036;60;20;15;13;12
1609;1;40;800;1163102819716;2006-11-09 20:06:59.716;2006-09-19 23:00:51.658365219;760;377;116;156;111
1610;1;20;80;1163102909716;2006-11-09 20:08:29.716;2006-09-19 23:00:51.686546955;60;20;15;13;12
1611;1;20;60;1163103547716;2006-11-09 20:19:07.716;2006-09-19 23:00:51.886324145;40;12;10;10;8
1612;1;20;60;1163103913716;2006-11-09 20:25:13.716;2006-09-19 23:00:52.000929869;40;18;6;9;7
1613;1;20;60;1163104287716;2006-11-09 20:31:27.716;2006-09-19 23:00:52.118040635;40;15;10;9;6
1614;1;30;40;1163104286716;2006-11-09 20:31:26.716;2006-09-19 23:00:52.117727505;10;3;2;2;3
1615;1;20;60;1163104533716;2006-11-09 20:35:33.716;2006-09-19 23:00:52.195070712;40;15;9;8;8
1616;1;20;30;1163104779716;2006-11-09 20:39:39.716;2006-09-19 23:00:52.272100789;10;5;2;2;1
1617;1;70;480;1163104960716;2006-11-09 20:42:40.716;2006-09-19 23:00:52.328777390;410;151;79;101;79
1618;1;20;260;1163105058716;2006-11-09 20:44:18.716;2006-09-19 23:00:52.359464168;240;95;49;59;37
1619;1;80;390;1163105505716;2006-11-09 20:51:45.716;2006-09-19 23:00:52.499433453;310;130;53;65;62
1620;1;80;470;1163105605716;2006-11-09 20:53:25.716;2006-09-19 23:00:52.530746493;390;191;63;89;47
1621;1;80;470;1163106308716;2006-11-09 21:05:08.716;2006-09-19 23:00:52.750877158;390;139;94;81;76
1622;1;70;490;1163106833716;2006-11-09 21:13:53.716;2006-09-19 23:00:52.915270614;420;139;99;99;83
1623;1;20;260;1163106988716;2006-11-09 21:16:28.716;2006-09-19 23:00:52.963805825;240;87;55;50;48
1624;1;10;20;1163106932716;2006-11-09 21:15:32.716;2006-09-19 23:00:52.946270523;10;3;2;2;3
1625;1;10;30;1163107340716;2006-11-09 21:22:20.716;2006-09-19 23:00:53.074027723;20;6;5;5;4
1626;1;40;110;1163107576716;2006-11-09 21:26:16.716;2006-09-19 23:00:53.147926496;70;29;17;13;11
1627;1;10;30;1163107956716;2006-11-09 21:32:36.716;2006-09-19 23:00:53.266916045;20;4;5;5;6
1628;3;80;1790;1163108184716;2006-11-09 21:36:24.716;2006-09-19 23:00:53.338309775;1710;704;281;407;318
1629;1;20;260;1163108240716;2006-11-09 21:37:20.716;2006-09-19 23:00:53.355845076;240;100;41;54;45
1630;1;50;210;1163109627716;2006-11-09 22:00:27.716;2006-09-19 23:00:53.790156931;160;58;35;38;29
1631;1;10;20;1163109886716;2006-11-09 22:04:46.716;2006-09-19 23:00:53.871257702;10;4;2;2;2
1632;1;10;70;1163109983716;2006-11-09 22:06:23.716;2006-09-19 23:00:53.901631350;60;16;15;15;14
1633;1;10;250;1163110364716;2006-11-09 22:12:44.716;2006-09-19 23:00:54.020934030;240;92;58;51;39
1634;1;20;260;1163110692716;2006-11-09 22:18:12.716;2006-09-19 23:00:54.123640799;240;57;60;60;63
1635;1;20;260;1163114321716;2006-11-09 23:18:41.716;2006-09-19 23:00:55.259990992;240;79;55;58;48
1636;1;20;180;1163115718716;2006-11-09 23:41:58.716;2006-09-19 23:00:55.697434151;160;61;33;40;26
1637;1;20;180;1163116356716;2006-11-09 23:52:36.716;2006-09-19 23:00:55.897211341;160;49;40;40;31
1638;2;10;500;1163116855716;2006-11-10 00:00:55.716;2006-09-19 23:00:56.053463407;490;174;107;117;92
1639;1;50;410;1163116966716;2006-11-10 00:02:46.716;2006-09-19 23:00:56.088220880;360;137;73;88;62
1640;1;10;20;1163117651716;2006-11-10 00:14:11.716;2006-09-19 23:00:56.302715199;10;2;2;2;4
1641;1;10;20;1163118131716;2006-11-10 00:22:11.716;2006-09-19 23:00:56.453017787;10;2;2;2;4
1642;1;40;420;1163118386716;2006-11-10 00:26:26.716;2006-09-19 23:00:56.532866037;380;92;95;95;98
1643;1;10;250;1163118573716;2006-11-10 00:29:33.716;2006-09-19 23:00:56.591421421;240;107;48;49;36
1644;1;20;90;1163121345716;2006-11-10 01:15:45.716;2006-09-19 23:00:57.459418868;70;16;17;17;20
1645;1;40;490;1163121620716;2006-11-10 01:20:20.716;2006-09-19 23:00:57.545529726;450;159;107;100;84
1646;1;10;40;1163122014716;2006-11-10 01:26:54.716;2006-09-19 23:00:57.668903101;30;15;2;7;6
1647;1;10;40;1163122486716;2006-11-10 01:34:46.716;2006-09-19 23:00:57.816700646;30;7;7;7;9
1648;1;10;40;1163122617716;2006-11-10 01:36:57.716;2006-09-19 23:00:57.857720728;30;10;7;7;6
1649;1;20;90;1163122684716;2006-11-10 01:38:04.716;2006-09-19 23:00:57.878700464;70;35;7;17;11
1650;2;20;510;1163123058716;2006-11-10 01:44:18.716;2006-09-19 23:00:57.995811231;490;193;112;90;95
1651;1;50;250;1163123871716;2006-11-10 01:57:51.716;2006-09-19 23:00:58.250386240;200;66;44;50;40
1652;1;50;250;1163124359716;2006-11-10 02:05:59.716;2006-09-19 23:00:58.403193871;200;51;50;50;49
1653;1;30;120;1163125019716;2006-11-10 02:16:59.716;2006-09-19 23:00:58.609859930;90;39;11;22;18
1654;1;10;10;1163125219716;2006-11-10 02:20:19.716;2006-09-19 23:00:58.672486008;0;0;0;0;0
1655;1;20;180;1163125224716;2006-11-10 02:20:24.716;2006-09-19 23:00:58.674051660;160;41;40;40;39
1656;2;30;520;1163125624716;2006-11-10 02:27:04.716;2006-09-19 23:00:58.799303817;490;215;119;79;77
1657;1;10;10;1163125643716;2006-11-10 02:27:23.716;2006-09-19 23:00:58.805253295;0;0;0;0;0
1658;1;10;10;1163125776716;2006-11-10 02:29:36.716;2006-09-19 23:00:58.846899637;0;0;0;0;0
1659;1;20;180;1163125967716;2006-11-10 02:32:47.716;2006-09-19 23:00:58.906707542;160;57;38;35;30
1660;1;20;180;1163126192716;2006-11-10 02:36:32.716;2006-09-19 23:00:58.977161880;160;49;40;40;31
1661;2;20;610;1163126631716;2006-11-10 02:43:51.716;2006-09-19 23:00:59.114626123;590;292;61;130;107
1662;1;30;40;1163126658716;2006-11-10 02:44:18.716;2006-09-19 23:00:59.123080643;10;5;1;2;2
1663;1;30;40;1163126897716;2006-11-10 02:48:17.716;2006-09-19 23:00:59.197918807;10;4;2;2;2
1664;1;80;390;1163126892716;2006-11-10 02:48:12.716;2006-09-19 23:00:59.196353155;310;113;69;72;56
1665;2;30;520;1163127132716;2006-11-10 02:52:12.716;2006-09-19 23:00:59.271504449;490;126;122;122;120
1666;1;30;120;1163127394716;2006-11-10 02:56:34.716;2006-09-19 23:00:59.353544612;90;28;22;22;18
1667;2;30;520;1163127724716;2006-11-10 03:02:04.716;2006-09-19 23:00:59.456877641;490;130;122;122;116
1668;1;50;210;1163127721716;2006-11-10 03:02:01.716;2006-09-19 23:00:59.455938250;160;37;40;40;43
1669;1;20;110;1163128314716;2006-11-10 03:11:54.716;2006-09-19 23:00:59.641624573;90;32;20;22;16
1670;1;10;50;1163128511716;2006-11-10 03:15:11.716;2006-09-19 23:00:59.703311260;40;17;6;10;7
1671;1;30;120;1163129020716;2006-11-10 03:23:40.716;2006-09-19 23:00:59.862694630;90;31;20;21;18
1672;2;20;510;1163129248716;2006-11-10 03:27:28.716;2006-09-19 23:00:59.934088359;490;101;122;122;145
1673;1;80;390;1163129337716;2006-11-10 03:28:57.716;2006-09-19 23:00:59.961956964;310;142;63;55;50
1674;1;50;210;1163129791716;2006-11-10 03:36:31.716;2006-09-19 23:01:00.104118162;160;72;22;40;26
1675;1;20;130;1163130375716;2006-11-10 03:46:15.716;2006-09-19 23:01:00.286986312;110;50;21;20;19
1676;1;50;210;1163130495716;2006-11-10 03:48:15.716;2006-09-19 23:01:00.324561959;160;63;26;39;32
1677;1;40;200;1163130873716;2006-11-10 03:54:33.716;2006-09-19 23:01:00.442925247;160;45;40;40;35
1678;1;10;160;1163131084716;2006-11-10 03:58:04.716;2006-09-19 23:01:00.508995760;150;49;35;36;30
1679;2;10;1040;1163131425716;2006-11-10 04:03:45.716;2006-09-19 23:01:00.615773224;1030;232;257;257;284
1680;1;40;130;1163131606716;2006-11-10 04:06:46.716;2006-09-19 23:01:00.672449825;90;20;22;22;26
1681;1;10;10;1163131861716;2006-11-10 04:11:01.716;2006-09-19 23:01:00.752298075;0;0;0;0;0
1682;1;10;10;1163133098716;2006-11-10 04:31:38.716;2006-09-19 23:01:01.139640370;0;0;0;0;0
1683;1;10;10;1163134676716;2006-11-10 04:57:56.716;2006-09-19 23:01:01.633760129;0;0;0;0;0
1684;2;20;510;1163134846716;2006-11-10 05:00:46.716;2006-09-19 23:01:01.686992296;490;178;121;104;87
1685;1;10;10;1163136870716;2006-11-10 05:34:30.716;2006-09-19 23:01:02.320768210;0;0;0;0;0
1686;1;10;100;1163136891716;2006-11-10 05:34:51.716;2006-09-19 23:01:02.327343948;90;41;20;15;14
1687;1;20;110;1163137522716;2006-11-10 05:45:22.716;2006-09-19 23:01:02.524929226;90;32;22;20;16
1688;1;20;260;1163145704716;2006-11-10 08:01:44.716;2006-09-19 23:01:05.086962096;240;53;60;60;67
1689;1;20;260;1163146599716;2006-11-10 08:16:39.716;2006-09-19 23:01:05.367213797;240;66;60;60;54
1690;1;20;260;1163152574716;2006-11-10 09:56:14.716;2006-09-19 23:01:07.238167892;240;104;32;58;46
1691;1;30;150;1163187444716;2006-11-10 19:37:24.716;2006-09-19 23:01:18.157024673;120;24;30;30;36
1692;1;10;10;1163187715716;2006-11-10 19:41:55.716;2006-09-19 23:01:18.241883010;0;0;0;0;0
1693;1;20;110;1163189605716;2006-11-10 20:13:25.716;2006-09-19 23:01:18.833699451;90;43;18;16;13
1694;1;60;130;1163190734716;2006-11-10 20:32:14.716;2006-09-19 23:01:19.187223664;70;28;12;16;14
1695;1;50;410;1163192376716;2006-11-10 20:59:36.716;2006-09-19 23:01:19.701383769;360;106;90;90;74
1696;1;20;180;1163194868716;2006-11-10 21:41:08.716;2006-09-19 23:01:20.481704706;160;80;32;39;9
1697;1;10;20;1163198700716;2006-11-10 22:45:00.716;2006-09-19 23:01:21.681620370;10;5;2;1;2
1698;1;10;250;1163200231716;2006-11-10 23:10:31.716;2006-09-19 23:01:22.161023001;240;74;59;59;48
1699;1;20;180;1163200266716;2006-11-10 23:11:06.716;2006-09-19 23:01:22.171982564;160;48;40;40;32
1700;1;20;110;1163201350716;2006-11-10 23:29:10.716;2006-09-19 23:01:22.511415910;90;38;19;21;12
1701;1;20;110;1163202125716;2006-11-10 23:42:05.716;2006-09-19 23:01:22.754091964;90;44;19;10;17
1702;1;30;120;1163202763716;2006-11-10 23:52:43.716;2006-09-19 23:01:22.953869154;90;37;19;18;16
1703;1;10;20;1163204102716;2006-11-11 00:15:02.716;2006-09-19 23:01:23.373150750;10;2;2;2;4
1704;1;20;260;1163205543716;2006-11-11 00:39:03.716;2006-09-19 23:01:23.824371645;240;111;44;39;46
1705;1;20;110;1163206599716;2006-11-11 00:56:39.716;2006-09-19 23:01:24.155037339;90;37;21;20;12
1706;2;20;510;1163207169716;2006-11-11 01:06:09.716;2006-09-19 23:01:24.333521663;490;114;122;122;132
1707;2;20;510;1163207333716;2006-11-11 01:08:53.716;2006-09-19 23:01:24.384875047;490;223;55;119;93
1708;1;50;410;1163208069716;2006-11-11 01:21:09.716;2006-09-19 23:01:24.615339016;360;119;87;87;67
1709;1;20;110;1163208170716;2006-11-11 01:22:50.716;2006-09-19 23:01:24.646965186;90;39;15;22;14
1710;1;80;470;1163208201716;2006-11-11 01:23:21.716;2006-09-19 23:01:24.656672228;390;79;97;97;117
1711;1;50;410;1163209198716;2006-11-11 01:39:58.716;2006-09-19 23:01:24.968863229;360;159;46;85;70
1712;1;10;30;1163209986716;2006-11-11 01:53:06.716;2006-09-19 23:01:25.215609978;20;8;3;5;4
1713;1;10;20;1163210894716;2006-11-11 02:08:14.716;2006-09-19 23:01:25.499932374;10;5;1;2;2
1714;1;20;30;1163211384716;2006-11-11 02:16:24.716;2006-09-19 23:01:25.653366267;10;3;2;2;3
1715;1;30;400;1163211853716;2006-11-11 02:24:13.716;2006-09-19 23:01:25.800224421;370;167;54;88;61
1716;1;50;410;1163213924716;2006-11-11 02:58:44.716;2006-09-19 23:01:26.448717463;360;166;69;84;41
1717;1;10;20;1163214637716;2006-11-11 03:10:37.716;2006-09-19 23:01:26.671979433;10;4;2;2;2
1718;1;50;410;1163215000716;2006-11-11 03:16:40.716;2006-09-19 23:01:26.785645766;360;116;90;82;72
1719;2;50;1930;1163215074716;2006-11-11 03:17:54.716;2006-09-19 23:01:26.808817415;1880;477;470;470;463
1720;1;20;330;1163215758716;2006-11-11 03:29:18.716;2006-09-19 23:01:27.022998603;310;102;76;72;60
1721;1;20;200;1163217038716;2006-11-11 03:50:38.716;2006-09-19 23:01:27.423805505;180;57;44;43;36
1722;1;30;400;1163217310716;2006-11-11 03:55:10.716;2006-09-19 23:01:27.508976972;370;90;92;92;96
1723;1;50;410;1163218046716;2006-11-11 04:07:26.716;2006-09-19 23:01:27.739440941;360;147;82;73;58
1724;1;50;1210;1163218929716;2006-11-11 04:22:09.716;2006-09-19 23:01:28.015935077;1160;311;290;290;269
1725;1;40;60;1163219565716;2006-11-11 04:32:45.716;2006-09-19 23:01:28.215086007;20;9;3;5;3
1726;3;50;3210;1163219627716;2006-11-11 04:33:47.716;2006-09-19 23:01:28.234500091;3160;1291;607;789;473
1727;1;50;210;1163219806716;2006-11-11 04:36:46.716;2006-09-19 23:01:28.290550431;160;64;25;39;32
1728;1;10;10;1163222492716;2006-11-11 05:21:32.716;2006-09-19 23:01:29.131618665;0;0;0;0;0
1729;1;30;370;1163223161716;2006-11-11 05:32:41.716;2006-09-19 23:01:29.341102898;340;100;85;85;70
1730;1;10;20;1163223550716;2006-11-11 05:39:10.716;2006-09-19 23:01:29.462910620;10;2;2;2;4
1731;1;10;10;1163224563716;2006-11-11 05:56:03.716;2006-09-19 23:01:29.780111708;0;0;0;0;0
1732;1;40;340;1163225301716;2006-11-11 06:08:21.716;2006-09-19 23:01:30.011201937;300;136;58;46;60
1733;1;10;10;1163225944716;2006-11-11 06:19:04.716;2006-09-19 23:01:30.212544780;0;0;0;0;0
1734;1;10;230;1163235364716;2006-11-11 08:56:04.716;2006-09-19 23:01:33.162233076;220;69;53;54;44
1735;1;20;260;1163242176716;2006-11-11 10:49:36.716;2006-09-19 23:01:35.295277308;240;113;56;48;23
1736;1;10;250;1163242711716;2006-11-11 10:58:31.716;2006-09-19 23:01:35.462802068;240;93;56;57;34
1737;1;10;250;1163242976716;2006-11-11 11:02:56.716;2006-09-19 23:01:35.545781622;240;91;57;51;41
1738;1;20;260;1163243215716;2006-11-11 11:06:55.716;2006-09-19 23:01:35.620619786;240;108;26;60;46
1739;1;20;260;1163243713716;2006-11-11 11:15:13.716;2006-09-19 23:01:35.776558722;240;53;60;60;67
1740;1;10;10;1163291761716;2006-11-12 00:36:01.716;2006-09-19 23:01:50.821847814;0;0;0;0;0
1741;1;10;10;1163292309716;2006-11-12 00:45:09.716;2006-09-19 23:01:50.993443269;0;0;0;0;0
1742;1;10;190;1163293053716;2006-11-12 00:57:33.716;2006-09-19 23:01:51.226412281;180;44;45;45;46
1743;1;10;10;1163293190716;2006-11-12 00:59:50.716;2006-09-19 23:01:51.269311145;0;0;0;0;0
1744;1;10;140;1163293457716;2006-11-12 01:04:17.716;2006-09-19 23:01:51.352916959;130;31;32;32;35
1745;1;20;330;1163294492716;2006-11-12 01:21:32.716;2006-09-19 23:01:51.677006916;310;134;75;69;32
1746;1;30;40;1163294783716;2006-11-12 01:26:23.716;2006-09-19 23:01:51.768127860;10;5;1;2;2
1747;1;30;40;1163295012716;2006-11-12 01:30:12.716;2006-09-19 23:01:51.839834720;10;3;2;2;3
1748;2;20;510;1163396326716;2006-11-13 05:38:46.716;2006-09-19 23:02:23.564327292;490;105;122;122;141
1749;2;20;510;1163399384716;2006-11-13 06:29:44.716;2006-09-19 23:02:24.521880032;490;169;118;119;84
1750;1;10;10;1163400764716;2006-11-13 06:52:44.716;2006-09-19 23:02:24.953999973;0;0;0;0;0
1751;1;10;10;1163405596716;2006-11-13 08:13:16.716;2006-09-19 23:02:26.467046029;0;0;0;0;0
1752;1;10;10;1163405658716;2006-11-13 08:14:18.716;2006-09-19 23:02:26.486460113;0;0;0;0;0
1753;1;10;10;1163405844716;2006-11-13 08:17:24.716;2006-09-19 23:02:26.544702366;0;0;0;0;0
1754;1;20;260;1163406112716;2006-11-13 08:21:52.716;2006-09-19 23:02:26.628621311;240;54;60;60;66
1755;1;50;210;1163448168716;2006-11-13 20:02:48.716;2006-09-19 23:02:39.797633093;160;42;40;40;38
1756;1;50;210;1163448819716;2006-11-13 20:13:39.716;2006-09-19 23:02:40.001480978;160;51;40;40;29
1757;3;50;3210;1163449182716;2006-11-13 20:19:42.716;2006-09-19 23:02:40.115147311;3160;1021;774;754;611
1758;1;50;210;1163450128716;2006-11-13 20:35:28.716;2006-09-19 23:02:40.411368662;160;57;33;40;30
1759;3;50;3210;1163450141716;2006-11-13 20:35:41.716;2006-09-19 23:02:40.415439357;3160;1440;485;708;527
1760;1;50;290;1163451633716;2006-11-13 21:00:33.716;2006-09-19 23:02:40.882629902;240;61;60;60;59
1761;1;50;210;1163451690716;2006-11-13 21:01:30.716;2006-09-19 23:02:40.900478335;160;42;40;40;38
1762;2;20;510;1163451741716;2006-11-13 21:02:21.716;2006-09-19 23:02:40.916447985;490;109;122;122;137
1763;1;50;210;1163455506716;2006-11-13 22:05:06.716;2006-09-19 23:02:42.095383912;160;54;37;37;32
1764;1;30;120;1163465312716;2006-11-14 00:48:32.716;2006-09-19 23:02:45.165940540;90;42;20;12;16
1765;1;20;70;1163465848716;2006-11-14 00:57:28.716;2006-09-19 23:02:45.333778430;50;19;11;12;8
1766;1;30;120;1163466402716;2006-11-14 01:06:42.716;2006-09-19 23:02:45.507252667;90;31;22;19;18
1767;1;20;70;1163466753716;2006-11-14 01:12:33.716;2006-09-19 23:02:45.617161435;50;17;11;12;10
1768;2;20;510;1163467455716;2006-11-14 01:24:15.716;2006-09-19 23:02:45.836978970;490;216;106;101;67
1769;1;10;20;1163469195716;2006-11-14 01:53:15.716;2006-09-19 23:02:46.381825853;10;4;2;2;2
1770;1;30;120;1163469463716;2006-11-14 01:57:43.716;2006-09-19 23:02:46.465744798;90;29;22;22;17
1771;1;10;240;1163469544716;2006-11-14 01:59:04.716;2006-09-19 23:02:46.491108360;230;63;57;57;53
1772;1;50;210;1163483995716;2006-11-14 05:59:55.716;2006-09-19 23:02:51.016155660;160;50;39;39;32
1773;2;50;1980;1163484970716;2006-11-14 06:16:10.716;2006-09-19 23:02:51.321457793;1930;737;380;467;346
1774;2;50;1890;1163487450716;2006-11-14 06:57:30.716;2006-09-19 23:02:52.098021166;1840;426;460;460;494
1775;1;10;60;1163488283716;2006-11-14 07:11:23.716;2006-09-19 23:02:52.358858783;50;12;12;12;14
1776;1;10;20;1163490088716;2006-11-14 07:41:28.716;2006-09-19 23:02:52.924059141;10;5;2;1;2
1777;1;20;260;1163491613716;2006-11-14 08:06:53.716;2006-09-19 23:02:53.401582989;240;82;55;55;48
1778;1;90;400;1163492856716;2006-11-14 08:27:36.716;2006-09-19 23:02:53.790804067;310;68;77;77;88
1779;4;40;1770;1163496142716;2006-11-14 09:22:22.716;2006-09-19 23:02:54.819750536;1730;677;323;413;317
1780;2;20;510;1163498880716;2006-11-14 10:08:00.716;2006-09-19 23:02:55.677101550;490;121;122;122;125
1781;2;20;510;1163499718716;2006-11-14 10:21:58.716;2006-09-19 23:02:55.939504819;490;245;61;89;95
1782;1;20;260;1163502056716;2006-11-14 11:00:56.716;2006-09-19 23:02:56.671603677;240;67;60;60;53
1783;4;50;2030;1163505884716;2006-11-14 12:04:44.716;2006-09-19 23:02:57.870266819;1980;547;495;495;443
1784;1;30;130;1163532070716;2006-11-14 19:21:10.716;2006-09-19 23:03:06.069899273;100;37;18;25;20
1785;1;20;110;1163535793716;2006-11-14 20:23:13.716;2006-09-19 23:03:07.235683724;90;36;22;17;15
1786;4;50;2030;1163536272716;2006-11-14 20:31:12.716;2006-09-19 23:03:07.385673182;1980;645;477;463;395
1787;1;30;120;1163536500716;2006-11-14 20:35:00.716;2006-09-19 23:03:07.457066911;90;32;19;22;17
1788;1;20;110;1163537224716;2006-11-14 20:47:04.716;2006-09-19 23:03:07.683773315;90;23;22;22;23
1789;2;10;1050;1163537522716;2006-11-14 20:52:02.716;2006-09-19 23:03:07.777086172;1040;502;239;205;94
1790;1;30;120;1163537764716;2006-11-14 20:56:04.716;2006-09-19 23:03:07.852863727;90;43;12;21;14
1791;2;10;660;1163538010716;2006-11-14 21:00:10.716;2006-09-19 23:03:07.929893804;650;141;162;162;185
1792;1;20;110;1163538693716;2006-11-14 21:11:33.716;2006-09-19 23:03:08.143761862;90;20;22;22;26
1793;2;50;2010;1163538778716;2006-11-14 21:12:58.716;2006-09-19 23:03:08.170377945;1960;628;467;480;385
1794;1;20;70;1163539930716;2006-11-14 21:32:10.716;2006-09-19 23:03:08.531104157;50;14;12;12;12
1795;1;30;120;1163540545716;2006-11-14 21:42:25.716;2006-09-19 23:03:08.723679348;90;32;18;22;18
1796;1;10;10;1163540703716;2006-11-14 21:45:03.716;2006-09-19 23:03:08.773153950;0;0;0;0;0
1797;1;10;10;1163540883716;2006-11-14 21:48:03.716;2006-09-19 23:03:08.829517421;0;0;0;0;0
1798;1;10;10;1163541062716;2006-11-14 21:51:02.716;2006-09-19 23:03:08.885567761;0;0;0;0;0
1799;1;10;10;1163541124716;2006-11-14 21:52:04.716;2006-09-19 23:03:08.904981846;0;0;0;0;0
1800;1;10;10;1163541156716;2006-11-14 21:52:36.716;2006-09-19 23:03:08.915002018;0;0;0;0;0
1801;1;10;10;1163541188716;2006-11-14 21:53:08.716;2006-09-19 23:03:08.925022191;0;0;0;0;0
1802;1;10;10;1163541216716;2006-11-14 21:53:36.716;2006-09-19 23:03:08.933789842;0;0;0;0;0
1803;4;50;2030;1163541319716;2006-11-14 21:55:19.716;2006-09-19 23:03:08.966042272;1980;915;273;489;303
1804;1;20;70;1163542497716;2006-11-14 22:14:57.716;2006-09-19 23:03:09.334909874;50;16;12;12;10
1805;1;30;120;1163543035716;2006-11-14 22:23:55.716;2006-09-19 23:03:09.503374025;90;27;22;22;19
1806;2;20;510;1163543376716;2006-11-14 22:29:36.716;2006-09-19 23:03:09.610151489;490;111;122;122;135
1807;1;20;70;1163543875716;2006-11-14 22:37:55.716;2006-09-19 23:03:09.766403555;50;23;6;11;10
1808;1;40;150;1163545543716;2006-11-14 23:05:43.716;2006-09-19 23:03:10.288705049;110;26;27;27;30
1809;1;30;120;1163546080716;2006-11-14 23:14:40.716;2006-09-19 23:03:10.456856070;90;23;22;22;23
1810;1;80;390;1163546152716;2006-11-14 23:15:52.716;2006-09-19 23:03:10.479401458;310;102;74;75;59
1811;1;20;70;1163547213716;2006-11-14 23:33:33.716;2006-09-19 23:03:10.811632805;50;22;12;11;5
1812;1;30;220;1163550252716;2006-11-15 00:24:12.716;2006-09-19 23:03:11.763236067;190;93;36;42;19
1813;1;20;110;1163554185716;2006-11-15 01:29:45.716;2006-09-19 23:03:12.994777900;90;19;22;22;27
1814;1;20;260;1163568974716;2006-11-15 05:36:14.716;2006-09-19 23:03:17.625663273;240;117;31;45;47
1815;2;20;510;1163569555716;2006-11-15 05:45:55.716;2006-09-19 23:03:17.807592031;490;102;122;122;144
1816;1;20;260;1163570624716;2006-11-15 06:03:44.716;2006-09-19 23:03:18.142328420;240;112;59;32;37
1817;1;10;10;1163570913716;2006-11-15 06:08:33.716;2006-09-19 23:03:18.232823104;0;0;0;0;0
1818;1;10;10;1163571111716;2006-11-15 06:11:51.716;2006-09-19 23:03:18.294822921;0;0;0;0;0
1819;1;20;260;1163576230716;2006-11-15 07:37:10.716;2006-09-19 23:03:19.897737400;240;103;32;57;48
1820;2;20;510;1163578498716;2006-11-15 08:14:58.716;2006-09-19 23:03:20.607917130;490;144;122;122;102
1821;1;10;10;1163578539716;2006-11-15 08:15:39.716;2006-09-19 23:03:20.620755476;0;0;0;0;0
1822;1;10;10;1163580466716;2006-11-15 08:47:46.716;2006-09-19 23:03:21.224157742;0;0;0;0;0
1823;4;20;1010;1163580568716;2006-11-15 08:49:28.716;2006-09-19 23:03:21.256097042;990;484;199;118;189
1824;1;10;10;1163621037716;2006-11-15 20:03:57.716;2006-09-19 23:03:33.928170891;0;0;0;0;0
1825;1;30;120;1163621134716;2006-11-15 20:05:34.716;2006-09-19 23:03:33.958544539;90;20;22;22;26
1826;1;20;70;1163621609716;2006-11-15 20:13:29.716;2006-09-19 23:03:34.107281475;50;15;12;12;11
1827;1;30;120;1163622287716;2006-11-15 20:24:47.716;2006-09-19 23:03:34.319583881;90;31;22;20;17
1828;1;30;120;1163622403716;2006-11-15 20:26:43.716;2006-09-19 23:03:34.355907007;90;27;22;22;19
1829;1;30;220;1163622508716;2006-11-15 20:28:28.716;2006-09-19 23:03:34.388785698;190;49;47;47;47
1830;1;30;220;1163622843716;2006-11-15 20:34:03.716;2006-09-19 23:03:34.493684379;190;67;46;39;38
1831;1;30;220;1163623544716;2006-11-15 20:45:44.716;2006-09-19 23:03:34.713188784;190;42;47;47;54
1832;1;20;110;1163623813716;2006-11-15 20:50:13.716;2006-09-19 23:03:34.797420860;90;37;20;17;16
1833;1;30;220;1163624375716;2006-11-15 20:59:35.716;2006-09-19 23:03:34.973400140;190;49;47;47;47
1834;1;30;120;1163624472716;2006-11-15 21:01:12.716;2006-09-19 23:03:35.003773789;90;18;22;22;28
1835;1;20;110;1163624694716;2006-11-15 21:04:54.716;2006-09-19 23:03:35.073288736;90;42;13;20;15
1836;1;20;90;1163624810716;2006-11-15 21:06:50.716;2006-09-19 23:03:35.109611861;70;24;15;17;14
1837;1;30;120;1163625858716;2006-11-15 21:24:18.716;2006-09-19 23:03:35.437772512;90;32;22;21;15
1838;1;30;120;1163625998716;2006-11-15 21:26:38.716;2006-09-19 23:03:35.481610767;90;22;22;22;24
1839;1;30;220;1163626326716;2006-11-15 21:32:06.716;2006-09-19 23:03:35.584317536;190;86;35;42;27
1840;1;30;220;1163626544716;2006-11-15 21:35:44.716;2006-09-19 23:03:35.652579962;190;93;39;34;24
1841;1;20;170;1163626664716;2006-11-15 21:37:44.716;2006-09-19 23:03:35.690155609;150;44;37;37;32
1842;1;10;290;1163627799716;2006-11-15 21:56:39.716;2006-09-19 23:03:36.045558604;280;61;70;70;79
1843;1;30;220;1163628227716;2006-11-15 22:03:47.716;2006-09-19 23:03:36.179578412;190;81;43;45;21
1844;1;20;230;1163629388716;2006-11-15 22:23:08.716;2006-09-19 23:03:36.543122797;210;55;52;52;51
1845;1;10;110;1163633163716;2006-11-15 23:26:03.716;2006-09-19 23:03:37.725190029;100;21;25;25;29
1846;1;10;120;1163633868716;2006-11-15 23:37:48.716;2006-09-19 23:03:37.945946955;110;30;27;27;26
1847;1;20;80;1163635326716;2006-11-16 00:02:06.716;2006-09-19 23:03:38.402491067;60;16;15;15;14
1848;1;20;210;1163636157716;2006-11-16 00:15:57.716;2006-09-19 23:03:38.662702423;190;57;47;47;39
1849;1;30;220;1163637110716;2006-11-16 00:31:50.716;2006-09-19 23:03:38.961115687;190;63;46;43;38
1850;1;30;220;1163638654716;2006-11-16 00:57:34.716;2006-09-19 23:03:39.444589013;190;92;47;18;33
1851;1;20;170;1163638969716;2006-11-16 01:02:49.716;2006-09-19 23:03:39.543225087;150;66;37;21;26
1852;1;80;470;1163640760716;2006-11-16 01:32:40.716;2006-09-19 23:03:40.104041619;390;110;97;97;86
1853;1;80;470;1163641825716;2006-11-16 01:50:25.716;2006-09-19 23:03:40.437525487;390;190;75;60;65
1854;1;20;170;1163642098716;2006-11-16 01:54:58.716;2006-09-19 23:03:40.523010084;150;41;37;37;35
1855;1;80;470;1163642342716;2006-11-16 01:59:02.716;2006-09-19 23:03:40.599413900;390;183;51;95;61
1856;2;20;510;1163642433716;2006-11-16 02:00:33.716;2006-09-19 23:03:40.627908766;490;140;122;122;106
1857;1;20;170;1163642601716;2006-11-16 02:03:21.716;2006-09-19 23:03:40.680514672;150;63;37;26;24
1858;1;20;170;1163642958716;2006-11-16 02:09:18.716;2006-09-19 23:03:40.792302222;150;60;30;36;24
1859;1;80;470;1163643258716;2006-11-16 02:14:18.716;2006-09-19 23:03:40.886241340;390;120;96;96;78
1860;1;80;470;1163643636716;2006-11-16 02:20:36.716;2006-09-19 23:03:41.004604628;390;121;95;97;77
1861;1;20;170;1163643899716;2006-11-16 02:24:59.716;2006-09-19 23:03:41.086957921;150;52;36;36;26
1862;1;80;470;1163644004716;2006-11-16 02:26:44.716;2006-09-19 23:03:41.119836612;390;129;87;97;77
1863;1;20;170;1163644401716;2006-11-16 02:33:21.716;2006-09-19 23:03:41.244149378;150;37;37;37;39
1864;1;80;470;1163644542716;2006-11-16 02:35:42.716;2006-09-19 23:03:41.288300763;390;191;24;97;78
1865;1;20;170;1163644787716;2006-11-16 02:39:47.716;2006-09-19 23:03:41.365017709;150;37;37;37;39
1866;1;80;470;1163644967716;2006-11-16 02:42:47.716;2006-09-19 23:03:41.421381180;390;106;97;97;90
1867;1;20;170;1163644999716;2006-11-16 02:43:19.716;2006-09-19 23:03:41.431401353;150;61;27;36;26
1868;1;10;200;1163645361716;2006-11-16 02:49:21.716;2006-09-19 23:03:41.544754555;190;84;42;40;24
1869;1;80;480;1163645477716;2006-11-16 02:51:17.716;2006-09-19 23:03:41.581077680;400;113;100;100;87
1870;2;20;520;1163645937716;2006-11-16 02:58:57.716;2006-09-19 23:03:41.725117661;500;154;122;124;100
1871;1;20;110;1163646213716;2006-11-16 03:03:33.716;2006-09-19 23:03:41.811541649;90;27;22;22;19
1872;6;80;2570;1163646256716;2006-11-16 03:04:16.716;2006-09-19 23:03:41.825006256;2490;911;572;590;417
1873;1;20;30;1163646540716;2006-11-16 03:09:00.716;2006-09-19 23:03:41.913935287;10;2;2;2;4
1874;8;80;3080;1163648185716;2006-11-16 03:36:25.716;2006-09-19 23:03:42.429034783;3000;1137;648;661;554
1875;10;80;3510;1163650697716;2006-11-16 04:18:17.716;2006-09-19 23:03:43.215618328;3430;1429;826;564;611
1876;1;10;80;1163652838716;2006-11-16 04:53:58.716;2006-09-19 23:03:43.886030498;70;21;17;17;15
1877;2;20;510;1163653602716;2006-11-16 05:06:42.716;2006-09-19 23:03:44.125262118;490;186;87;119;98
1878;1;10;10;1163655716716;2006-11-16 05:41:56.716;2006-09-19 23:03:44.787219768;0;0;0;0;0
1879;2;20;510;1163655720716;2006-11-16 05:42:00.716;2006-09-19 23:03:44.788472289;490;98;122;122;148
1880;2;50;2010;1163657334716;2006-11-16 06:08:54.716;2006-09-19 23:03:45.293864742;1960;538;490;490;442
1881;2;20;510;1163661266716;2006-11-16 07:14:26.716;2006-09-19 23:03:46.525093445;490;128;122;122;118
1882;2;20;510;1163663736716;2006-11-16 07:55:36.716;2006-09-19 23:03:47.298525514;490;239;83;117;51
1883;2;20;510;1163665602716;2006-11-16 08:26:42.716;2006-09-19 23:03:47.882826827;490;166;112;115;97
1884;3;80;1390;1163704818716;2006-11-16 19:20:18.716;2006-09-19 23:04:00.162548294;1310;453;273;322;262
1885;1;20;310;1163705278716;2006-11-16 19:27:58.716;2006-09-19 23:04:00.306588274;290;90;70;72;58
1886;3;80;1400;1163705757716;2006-11-16 19:35:57.716;2006-09-19 23:04:00.456577732;1320;352;330;330;308
1887;3;80;1390;1163706603716;2006-11-16 19:50:03.716;2006-09-19 23:04:00.721486044;1310;437;296;323;254
1888;1;10;20;1163706612716;2006-11-16 19:50:12.716;2006-09-19 23:04:00.724304218;10;2;2;2;4
1889;1;30;220;1163706957716;2006-11-16 19:55:57.716;2006-09-19 23:04:00.832334203;190;50;47;47;46
1890;1;10;10;1163707357716;2006-11-16 20:02:37.716;2006-09-19 23:04:00.957586360;0;0;0;0;0
1891;3;80;1390;1163707535716;2006-11-16 20:05:35.716;2006-09-19 23:04:01.013323570;1310;420;309;322;259
1892;4;40;2000;1163707712716;2006-11-16 20:08:32.716;2006-09-19 23:04:01.068747649;1960;772;407;392;389
1893;3;80;1390;1163708288716;2006-11-16 20:18:08.716;2006-09-19 23:04:01.249110755;1310;363;327;327;293
1894;1;20;260;1163708730716;2006-11-16 20:25:30.716;2006-09-19 23:04:01.387514389;240;66;60;60;54
1895;3;80;1400;1163709642716;2006-11-16 20:40:42.716;2006-09-19 23:04:01.673089306;1320;345;330;330;315
1896;3;80;1390;1163710543716;2006-11-16 20:55:43.716;2006-09-19 23:04:01.955219790;1310;540;263;319;188
1897;1;20;260;1163710995716;2006-11-16 21:03:15.716;2006-09-19 23:04:02.096754727;240;48;60;60;72
1898;3;80;1390;1163711642716;2006-11-16 21:14:02.716;2006-09-19 23:04:02.299350091;1310;605;169;280;256
1899;1;20;170;1163712019716;2006-11-16 21:20:19.716;2006-09-19 23:04:02.417400249;150;54;33;33;30
1900;1;20;260;1163712653716;2006-11-16 21:30:53.716;2006-09-19 23:04:02.615924918;240;118;28;50;44
1901;3;80;1390;1163712667716;2006-11-16 21:31:07.716;2006-09-19 23:04:02.620308743;1310;577;236;323;174
1902;1;20;380;1163712771716;2006-11-16 21:32:51.716;2006-09-19 23:04:02.652874304;360;104;90;90;76
1903;1;10;10;1163713077716;2006-11-16 21:37:57.716;2006-09-19 23:04:02.748692204;0;0;0;0;0
1904;1;20;260;1163713608716;2006-11-16 21:46:48.716;2006-09-19 23:04:02.914964443;240;96;52;46;46
1905;2;80;920;1163713672716;2006-11-16 21:47:52.716;2006-09-19 23:04:02.935004788;840;339;133;202;166
1906;4;20;1020;1163713976716;2006-11-16 21:52:56.716;2006-09-19 23:04:03.030196427;1000;309;250;242;199
1907;1;10;10;1163715074716;2006-11-16 22:11:14.716;2006-09-19 23:04:03.374013598;0;0;0;0;0
1908;3;80;1390;1163715459716;2006-11-16 22:17:39.716;2006-09-19 23:04:03.494568799;1310;526;197;325;262
1909;3;80;1390;1163717704716;2006-11-16 22:55:04.716;2006-09-19 23:04:04.197546530;1310;543;249;303;215
1910;2;20;510;1163722132716;2006-11-17 00:08:52.716;2006-09-19 23:04:05.584087907;490;214;81;121;74
1911;2;20;510;1163732047716;2006-11-17 02:54:07.716;2006-09-19 23:04:08.688775747;490;109;122;122;137
1912;1;10;10;1163740114716;2006-11-17 05:08:34.716;2006-09-19 23:04:11.214798623;0;0;0;0;0
1913;1;20;180;1163740432716;2006-11-17 05:13:52.716;2006-09-19 23:04:11.314374087;160;36;40;40;44
1914;1;20;20;1163740448716;2006-11-17 05:14:08.716;2006-09-19 23:04:11.319384174;0;0;0;0;0
1915;1;10;10;1163740686716;2006-11-17 05:18:06.716;2006-09-19 23:04:11.393909207;0;0;0;0;0
1916;1;20;260;1163740913716;2006-11-17 05:21:53.716;2006-09-19 23:04:11.464989806;240;95;41;59;45
1917;1;80;390;1163741626716;2006-11-17 05:33:46.716;2006-09-19 23:04:11.688251776;310;76;77;77;80
1918;3;80;1390;1163792172716;2006-11-17 19:36:12.716;2006-09-19 23:04:27.515740588;1310;304;327;327;352
1919;1;20;310;1163792841716;2006-11-17 19:47:21.716;2006-09-19 23:04:27.725224821;290;105;60;72;53
1920;4;10;1010;1163793331716;2006-11-17 19:55:31.716;2006-09-19 23:04:27.878658713;1000;220;250;250;280
1921;3;80;1410;1163793554716;2006-11-17 19:59:14.716;2006-09-19 23:04:27.948486791;1330;372;332;332;294
1922;3;80;1390;1163795145716;2006-11-17 20:25:45.716;2006-09-19 23:04:28.446677245;1310;597;170;295;248
1923;3;80;1390;1163796264716;2006-11-17 20:44:24.716;2006-09-19 23:04:28.797070154;1310;542;214;302;252
1924;2;20;480;1163797131716;2006-11-17 20:58:51.716;2006-09-19 23:04:29.068554204;460;142;114;112;92
1925;3;80;1390;1163797699716;2006-11-17 21:08:19.716;2006-09-19 23:04:29.246412267;1310;402;324;324;260
1926;1;40;310;1163798685716;2006-11-17 21:24:45.716;2006-09-19 23:04:29.555158834;270;87;67;66;50
1927;1;20;90;1163799150716;2006-11-17 21:32:30.716;2006-09-19 23:04:29.700764466;70;17;17;17;19
1928;1;40;310;1163799441716;2006-11-17 21:37:21.716;2006-09-19 23:04:29.791885410;270;105;57;64;44
1929;1;30;120;1163800122716;2006-11-17 21:48:42.716;2006-09-19 23:04:30.005127208;90;32;21;21;16
1930;1;30;140;1163800965716;2006-11-17 22:02:45.716;2006-09-19 23:04:30.269096128;110;29;27;27;27
1931;1;30;120;1163801452716;2006-11-17 22:10:52.716;2006-09-19 23:04:30.421590630;90;33;18;22;17
1932;5;80;1770;1163802099716;2006-11-17 22:21:39.716;2006-09-19 23:04:30.624185993;1690;495;422;422;351
1933;3;80;1390;1163805298716;2006-11-17 23:14:58.716;2006-09-19 23:04:31.625890119;1310;407;315;326;262
1934;1;30;120;1163805522716;2006-11-17 23:18:42.716;2006-09-19 23:04:31.696031326;90;30;21;21;18
1935;1;30;120;1163805694716;2006-11-17 23:21:34.716;2006-09-19 23:04:31.749889754;90;28;22;22;18
1936;3;80;1390;1163806289716;2006-11-17 23:31:29.716;2006-09-19 23:04:31.936202337;1310;524;291;306;189
1937;1;30;120;1163806895716;2006-11-17 23:41:35.716;2006-09-19 23:04:32.125959355;90;24;22;22;22
1938;2;20;510;1163807713716;2006-11-17 23:55:13.716;2006-09-19 23:04:32.382100016;490;238;62;98;92
1939;1;30;120;1163807858716;2006-11-17 23:57:38.716;2006-09-19 23:04:32.427503923;90;41;9;22;18
1940;1;20;390;1163808037716;2006-11-18 00:00:37.716;2006-09-19 23:04:32.483554263;370;115;89;92;74
1941;3;80;1390;1163809021716;2006-11-18 00:17:01.716;2006-09-19 23:04:32.791674569;1310;559;197;311;243
1942;3;80;1390;1163810869716;2006-11-18 00:47:49.716;2006-09-19 23:04:33.370339534;1310;635;92;326;257
1943;3;80;1390;1163812381716;2006-11-18 01:13:01.716;2006-09-19 23:04:33.843792688;1310;646;246;275;143
1944;1;10;20;1163896659716;2006-11-19 00:37:39.716;2006-09-19 23:05:00.233795896;10;2;2;2;4
1945;1;10;20;1163897520716;2006-11-19 00:52:00.716;2006-09-19 23:05:00.503401163;10;3;2;2;3
1946;1;10;20;1163897989716;2006-11-19 00:59:49.716;2006-09-19 23:05:00.650259317;10;4;2;2;2
1947;1;10;20;1163898349716;2006-11-19 01:05:49.716;2006-09-19 23:05:00.762986259;10;4;2;2;2
1948;1;10;20;1163900634716;2006-11-19 01:43:54.716;2006-09-19 23:05:01.478489205;10;2;2;2;4
1949;1;50;810;1163996768716;2006-11-20 04:26:08.716;2006-09-19 23:05:31.580966345;760;270;169;190;131
1950;1;50;810;1163997267716;2006-11-20 04:34:27.716;2006-09-19 23:05:31.737218411;760;172;190;190;208
1951;1;50;810;1163997772716;2006-11-20 04:42:52.716;2006-09-19 23:05:31.895349259;760;365;189;79;127
1952;1;10;20;1164011279716;2006-11-20 08:27:59.716;2006-09-19 23:05:36.124801469;10;2;2;2;4
1953;1;50;410;1164051551716;2006-11-20 19:39:11.716;2006-09-19 23:05:48.735188630;360;86;90;90;94
1954;1;50;290;1164051910716;2006-11-20 19:45:10.716;2006-09-19 23:05:48.847602441;240;57;60;60;63
1955;1;20;260;1164055595716;2006-11-20 20:46:35.716;2006-09-19 23:05:50.001487937;240;89;50;60;41
1956;1;20;260;1164056341716;2006-11-20 20:59:01.716;2006-09-19 23:05:50.235083209;240;96;40;59;45
1957;3;80;1390;1164056538716;2006-11-20 21:02:18.716;2006-09-19 23:05:50.296769897;1310;311;327;327;345
1958;1;20;260;1164057473716;2006-11-20 21:17:53.716;2006-09-19 23:05:50.589546814;240;71;60;60;49
1959;3;80;1390;1164057479716;2006-11-20 21:17:59.716;2006-09-19 23:05:50.591425596;1310;280;327;327;376
1960;1;10;170;1164058568716;2006-11-20 21:36:08.716;2006-09-19 23:05:50.932424593;160;67;27;35;31
1961;3;80;1390;1164058578716;2006-11-20 21:36:18.716;2006-09-19 23:05:50.935555897;1310;606;260;250;194
1962;1;10;10;1164058735716;2006-11-20 21:38:55.716;2006-09-19 23:05:50.984717369;0;0;0;0;0
1963;1;10;250;1164058745716;2006-11-20 21:39:05.716;2006-09-19 23:05:50.987848673;240;94;54;46;46
1964;1;10;10;1164058946716;2006-11-20 21:42:26.716;2006-09-19 23:05:51.050787881;0;0;0;0;0
1965;1;10;10;1164059328716;2006-11-20 21:48:48.716;2006-09-19 23:05:51.170403691;0;0;0;0;0
1966;3;80;1390;1164060002716;2006-11-20 22:00:02.716;2006-09-19 23:05:51.381453576;1310;369;327;327;287
1967;1;10;90;1164060190716;2006-11-20 22:03:10.716;2006-09-19 23:05:51.440322090;80;17;20;20;23
1968;1;30;40;1164061861716;2006-11-20 22:31:01.716;2006-09-19 23:05:51.963562975;10;2;2;2;4
1969;1;20;80;1164062019716;2006-11-20 22:33:39.716;2006-09-19 23:05:52.013037577;60;28;10;14;8
1970;1;10;60;1164063112716;2006-11-20 22:51:52.716;2006-09-19 23:05:52.355289096;50;24;6;12;8
1971;1;30;320;1164063610716;2006-11-20 23:00:10.716;2006-09-19 23:05:52.511228031;290;89;71;72;58
1972;1;30;320;1164063992716;2006-11-20 23:06:32.716;2006-09-19 23:05:52.630843841;290;67;72;72;79
1973;1;30;320;1164064399716;2006-11-20 23:13:19.716;2006-09-19 23:05:52.758287911;290;130;43;71;46
1974;1;10;90;1164065180716;2006-11-20 23:26:20.716;2006-09-19 23:05:53.002842748;80;40;5;20;15
1975;1;20;250;1164065693716;2006-11-20 23:34:53.716;2006-09-19 23:05:53.163478639;230;80;53;55;42
1976;3;80;1390;1164065777716;2006-11-20 23:36:17.716;2006-09-19 23:05:53.189781592;1310;407;316;326;261
1977;3;80;1400;1164067822716;2006-11-21 00:10:22.716;2006-09-19 23:05:53.830133244;1320;637;213;244;226
1978;1;10;60;1164067785716;2006-11-21 00:09:45.716;2006-09-19 23:05:53.818547420;50;18;10;12;10
1979;3;80;1390;1164068964716;2006-11-21 00:29:24.716;2006-09-19 23:05:54.187728152;1310;541;225;300;244
1980;1;40;600;1164069009716;2006-11-21 00:30:09.716;2006-09-19 23:05:54.201819020;560;179;138;136;107
1981;1;10;10;1164069607716;2006-11-21 00:40:07.716;2006-09-19 23:05:54.389070995;0;0;0;0;0
1982;1;20;100;1164069858716;2006-11-21 00:44:18.716;2006-09-19 23:05:54.467666723;80;25;20;19;16
1983;1;10;10;1164070758716;2006-11-21 00:59:18.716;2006-09-19 23:05:54.749484076;0;0;0;0;0
1984;1;50;810;1164070878716;2006-11-21 01:01:18.716;2006-09-19 23:05:54.787059723;760;260;190;160;150
1985;1;10;10;1164071716716;2006-11-21 01:15:16.716;2006-09-19 23:05:55.049462992;0;0;0;0;0
1986;1;10;10;1164071795716;2006-11-21 01:16:35.716;2006-09-19 23:05:55.074200293;0;0;0;0;0
1987;1;10;10;1164071913716;2006-11-21 01:18:33.716;2006-09-19 23:05:55.111149679;0;0;0;0;0
1988;1;10;10;1164072033716;2006-11-21 01:20:33.716;2006-09-19 23:05:55.148725326;0;0;0;0;0
1989;1;20;310;1164072138716;2006-11-21 01:22:18.716;2006-09-19 23:05:55.181604018;290;130;37;65;58
1990;4;50;2030;1164072512716;2006-11-21 01:28:32.716;2006-09-19 23:05:55.298714784;1980;465;495;495;525
1991;3;80;1390;1164077250716;2006-11-21 02:47:30.716;2006-09-19 23:05:56.782326583;1310;457;276;315;262
1992;3;80;1390;1164079177716;2006-11-21 03:19:37.716;2006-09-19 23:05:57.385728849;1310;577;273;202;258
1993;1;30;40;1164080548716;2006-11-21 03:42:28.716;2006-09-19 23:05:57.815030617;10;5;1;2;2
1994;3;80;1390;1164135111716;2006-11-21 18:51:51.716;2006-09-19 23:06:14.900364216;1310;421;320;314;255
1995;1;70;540;1164136472716;2006-11-21 19:14:32.716;2006-09-19 23:06:15.326534680;470;143;116;117;94
1996;1;70;550;1164137529716;2006-11-21 19:32:09.716;2006-09-19 23:06:15.657513505;480;139;120;120;101
1997;1;70;580;1164138251716;2006-11-21 19:44:11.716;2006-09-19 23:06:15.883593648;510;226;112;72;100
1998;1;30;320;1164141518716;2006-11-21 20:38:38.716;2006-09-19 23:06:16.906590640;290;143;22;68;57
1999;1;70;570;1164142575716;2006-11-21 20:56:15.716;2006-09-19 23:06:17.237569465;500;101;125;125;149
2000;1;30;120;1164142755716;2006-11-21 20:59:15.716;2006-09-19 23:06:17.293932935;90;23;22;22;23
2001;1;20;30;1164145138716;2006-11-21 21:38:58.716;2006-09-19 23:06:18.040122660;10;2;2;2;4
2002;1;20;30;1164145479716;2006-11-21 21:44:39.716;2006-09-19 23:06:18.146900124;10;4;2;2;2
2003;3;90;1260;1164145799716;2006-11-21 21:49:59.716;2006-09-19 23:06:18.247101850;1170;519;240;184;227
2004;1;30;220;1164146588716;2006-11-21 22:03:08.716;2006-09-19 23:06:18.494161729;190;59;47;47;37
2005;1;30;220;1164147590716;2006-11-21 22:19:50.716;2006-09-19 23:06:18.807918382;190;73;36;47;34
2006;1;30;220;1164150761716;2006-11-21 23:12:41.716;2006-09-19 23:06:19.800854857;190;66;47;45;32
2007;1;10;30;1164151118716;2006-11-21 23:18:38.716;2006-09-19 23:06:19.912642407;20;5;5;5;5
2008;1;80;410;1164151347716;2006-11-21 23:22:27.716;2006-09-19 23:06:19.984349267;330;127;79;80;44
2009;1;30;220;1164151500716;2006-11-21 23:25:00.716;2006-09-19 23:06:20.032258217;190;53;47;47;43
2010;1;30;220;1164152139716;2006-11-21 23:35:39.716;2006-09-19 23:06:20.232348537;190;49;47;47;47
2011;1;20;30;1164152519716;2006-11-21 23:41:59.716;2006-09-19 23:06:20.351338086;10;2;2;2;4
2012;1;20;30;1164152807716;2006-11-21 23:46:47.716;2006-09-19 23:06:20.441519639;10;5;2;2;1
2013;1;20;30;1164152924716;2006-11-21 23:48:44.716;2006-09-19 23:06:20.478155895;10;5;1;2;2
2014;1;20;20;1164153117716;2006-11-21 23:51:57.716;2006-09-19 23:06:20.538590061;0;0;0;0;0
2015;1;10;90;1164153201716;2006-11-21 23:53:21.716;2006-09-19 23:06:20.564893014;80;31;18;19;12
2016;1;20;30;1164153368716;2006-11-21 23:56:08.716;2006-09-19 23:06:20.617185790;10;4;2;2;2
2017;1;20;30;1164154006716;2006-11-22 00:06:46.716;2006-09-19 23:06:20.816962980;10;5;1;2;2
2018;1;60;700;1164154435716;2006-11-22 00:13:55.716;2006-09-19 23:06:20.951295918;640;231;125;159;125
2019;1;30;250;1164154597716;2006-11-22 00:16:37.716;2006-09-19 23:06:21.002023042;220;108;42;46;24
2020;1;70;450;1164154954716;2006-11-22 00:22:34.716;2006-09-19 23:06:21.113810592;380;159;55;95;71
2021;1;20;90;1164155202716;2006-11-22 00:26:42.716;2006-09-19 23:06:21.191466929;70;31;15;16;8
2022;1;20;90;1164155468716;2006-11-22 00:31:08.716;2006-09-19 23:06:21.274759613;70;14;17;17;22
2023;1;10;90;1164155829716;2006-11-22 00:37:09.716;2006-09-19 23:06:21.387799685;80;36;19;14;11
2024;1;100;410;1164155855716;2006-11-22 00:37:35.716;2006-09-19 23:06:21.395941075;310;75;77;77;81
2025;1;10;90;1164156401716;2006-11-22 00:46:41.716;2006-09-19 23:06:21.566910270;80;19;20;20;21
2026;1;70;590;1164156519716;2006-11-22 00:48:39.716;2006-09-19 23:06:21.603859656;520;254;97;66;103
2027;1;30;250;1164156938716;2006-11-22 00:55:38.716;2006-09-19 23:06:21.735061290;220;108;23;47;42
2028;1;70;610;1164157812716;2006-11-22 01:10:12.716;2006-09-19 23:06:22.008737253;540;258;64;113;105
2029;3;80;1390;1164159311716;2006-11-22 01:35:11.716;2006-09-19 23:06:22.478119711;1310;572;154;324;260
2030;1;30;220;1164159711716;2006-11-22 01:41:51.716;2006-09-19 23:06:22.603371868;190;59;46;47;38
2031;1;20;170;1164160141716;2006-11-22 01:49:01.716;2006-09-19 23:06:22.738017937;150;44;37;37;32
2032;1;30;220;1164160980716;2006-11-22 02:03:00.716;2006-09-19 23:06:23.000734336;190;59;47;46;38
2033;1;30;220;1164161293716;2006-11-22 02:08:13.716;2006-09-19 23:06:23.098744149;190;89;25;38;38
2034;2;80;870;1164161678716;2006-11-22 02:14:38.716;2006-09-19 23:06:23.219299350;790;199;197;197;197
2035;1;30;220;1164161722716;2006-11-22 02:15:22.716;2006-09-19 23:06:23.233077087;190;75;47;42;26
2036;1;30;220;1164162095716;2006-11-22 02:21:35.716;2006-09-19 23:06:23.349874724;190;72;46;41;31
2037;1;30;220;1164162474716;2006-11-22 02:27:54.716;2006-09-19 23:06:23.468551142;190;79;39;39;33
2038;3;80;1390;1164162712716;2006-11-22 02:31:52.716;2006-09-19 23:06:23.543076176;1310;328;327;327;328
2039;1;30;220;1164162889716;2006-11-22 02:34:49.716;2006-09-19 23:06:23.598500255;190;53;47;47;43
2040;1;30;220;1164163302716;2006-11-22 02:41:42.716;2006-09-19 23:06:23.727823107;190;44;47;47;52
2041;1;30;220;1164163633716;2006-11-22 02:47:13.716;2006-09-19 23:06:23.831469267;190;89;29;42;30
2042;3;80;1390;1164163985716;2006-11-22 02:53:05.716;2006-09-19 23:06:23.941691165;1310;424;298;326;262
2043;1;30;220;1164164075716;2006-11-22 02:54:35.716;2006-09-19 23:06:23.969872901;190;39;47;47;57
2044;1;30;220;1164164524716;2006-11-22 03:02:04.716;2006-09-19 23:06:24.110468447;190;72;34;47;37
2045;1;30;220;1164164778716;2006-11-22 03:06:18.716;2006-09-19 23:06:24.190003566;190;57;47;47;39
2046;3;80;1390;1164165435716;2006-11-22 03:17:15.716;2006-09-19 23:06:24.395730234;1310;517;213;326;254
2047;1;30;40;1164165928716;2006-11-22 03:25:28.716;2006-09-19 23:06:24.550103518;10;3;2;2;3
2048;1;30;40;1164166383716;2006-11-22 03:33:03.716;2006-09-19 23:06:24.692577846;10;2;2;2;4
2049;2;30;660;1164166603716;2006-11-22 03:36:43.716;2006-09-19 23:06:24.761466532;630;179;157;157;137
2050;3;80;1390;1164167157716;2006-11-22 03:45:57.716;2006-09-19 23:06:24.934940770;1310;550;265;246;249
2051;2;30;660;1164168014716;2006-11-22 04:00:14.716;2006-09-19 23:06:25.203293516;630;190;157;157;126
2052;3;80;1390;1164168090716;2006-11-22 04:01:30.716;2006-09-19 23:06:25.227091426;1310;371;327;327;285
2053;2;30;660;1164169168716;2006-11-22 04:19:28.716;2006-09-19 23:06:25.564645989;630;205;147;157;121
2054;2;70;860;1164169974716;2006-11-22 04:32:54.716;2006-09-19 23:06:25.817029085;790;282;155;197;156
2055;2;30;660;1164169999716;2006-11-22 04:33:19.716;2006-09-19 23:06:25.824857345;630;294;58;152;126
2056;3;80;1390;1164170491716;2006-11-22 04:41:31.716;2006-09-19 23:06:25.978917498;1310;402;323;324;261
2057;2;30;660;1164170869716;2006-11-22 04:47:49.716;2006-09-19 23:06:26.097280786;630;261;106;138;125
2058;2;30;660;1164171553716;2006-11-22 04:59:13.716;2006-09-19 23:06:26.311461975;630;150;157;157;166
2059;2;30;660;1164172218716;2006-11-22 05:10:18.716;2006-09-19 23:06:26.519693686;630;204;146;154;126
2060;2;30;660;1164172840716;2006-11-22 05:20:40.716;2006-09-19 23:06:26.714460790;630;313;45;157;115
2061;2;20;650;1164173464716;2006-11-22 05:31:04.716;2006-09-19 23:06:26.909854154;630;266;111;140;113
2062;1;20;30;1164220696716;2006-11-22 18:38:16.716;2006-09-19 23:06:41.699628847;10;5;2;1;2
2063;1;20;30;1164220802716;2006-11-22 18:40:02.716;2006-09-19 23:06:41.732820668;10;5;1;2;2
2064;3;80;1390;1164221163716;2006-11-22 18:46:03.716;2006-09-19 23:06:41.845860740;1310;651;229;260;170
2065;3;80;1390;1164222769716;2006-11-22 19:12:49.716;2006-09-19 23:06:42.348748150;1310;304;327;327;352
2066;1;60;130;1164223817716;2006-11-22 19:30:17.716;2006-09-19 23:06:42.676908801;70;15;17;17;21
2067;1;50;50;1164224020716;2006-11-22 19:33:40.716;2006-09-19 23:06:42.740474271;0;0;0;0;0
2068;1;20;30;1164224285716;2006-11-22 19:38:05.716;2006-09-19 23:06:42.823453825;10;5;1;2;2
2069;1;50;50;1164224316716;2006-11-22 19:38:36.716;2006-09-19 23:06:42.833160867;0;0;0;0;0
2070;1;50;50;1164224940716;2006-11-22 19:49:00.716;2006-09-19 23:06:43.028554232;0;0;0;0;0
2071;1;10;10;1164224946716;2006-11-22 19:49:06.716;2006-09-19 23:06:43.030433014;0;0;0;0;0
2072;9;20;2570;1164225464716;2006-11-22 19:57:44.716;2006-09-19 23:06:43.192634558;2550;976;457;625;492
2073;1;50;290;1164226414716;2006-11-22 20:13:34.716;2006-09-19 23:06:43.490108430;240;52;60;60;68
2074;3;80;1390;1164226858716;2006-11-22 20:20:58.716;2006-09-19 23:06:43.629138325;1310;527;282;240;261
2075;1;50;110;1164227221716;2006-11-22 20:27:01.716;2006-09-19 23:06:43.742804657;60;22;12;14;12
2076;6;20;1650;1164227308716;2006-11-22 20:28:28.716;2006-09-19 23:06:43.770047001;1630;740;212;366;312
2077;1;50;110;1164227614716;2006-11-22 20:33:34.716;2006-09-19 23:06:43.865864901;60;20;15;15;10
2078;1;10;10;1164228162716;2006-11-22 20:42:42.716;2006-09-19 23:06:44.037460356;0;0;0;0;0
2079;1;50;110;1164228408716;2006-11-22 20:46:48.716;2006-09-19 23:06:44.114490433;60;20;15;13;12
2080;3;80;1390;1164228938716;2006-11-22 20:55:38.716;2006-09-19 23:06:44.280449541;1310;590;286;286;148
2081;9;20;2570;1164229347716;2006-11-22 21:02:27.716;2006-09-19 23:06:44.408519871;2550;772;634;634;510
2082;1;50;140;1164229834716;2006-11-22 21:10:34.716;2006-09-19 23:06:44.561014372;90;21;22;22;25
2083;1;70;490;1164230372716;2006-11-22 21:19:32.716;2006-09-19 23:06:44.729478523;420;87;105;105;123
2084;1;70;560;1164230840716;2006-11-22 21:27:20.716;2006-09-19 23:06:44.876023547;490;200;109;99;82
2085;1;20;70;1164232775716;2006-11-22 21:59:35.716;2006-09-19 23:06:45.481930856;50;14;12;12;12
2086;2;20;660;1164232834716;2006-11-22 22:00:34.716;2006-09-19 23:06:45.500405549;640;230;150;151;109
2087;2;20;550;1164233022716;2006-11-22 22:03:42.716;2006-09-19 23:06:45.559274063;530;229;100;131;70
2088;1;50;110;1164233026716;2006-11-22 22:03:46.716;2006-09-19 23:06:45.560526585;60;14;15;15;16
2089;1;10;10;1164233943716;2006-11-22 22:19:03.716;2006-09-19 23:06:45.847667154;0;0;0;0;0
2090;1;10;10;1164234218716;2006-11-22 22:23:38.716;2006-09-19 23:06:45.933778012;0;0;0;0;0
2091;1;10;20;1164234283716;2006-11-22 22:24:43.716;2006-09-19 23:06:45.954131488;10;4;2;2;2
2092;1;50;290;1164234623716;2006-11-22 22:30:23.716;2006-09-19 23:06:46.060595821;240;74;59;60;47
2093;2;50;910;1164237077716;2006-11-22 23:11:17.716;2006-09-19 23:06:46.829017804;860;400;158;134;168
2094;5;20;1290;1164237407716;2006-11-22 23:16:47.716;2006-09-19 23:06:46.932350834;1270;436;264;317;253
2095;1;10;20;1164238142716;2006-11-22 23:29:02.716;2006-09-19 23:06:47.162501672;10;4;2;2;2
2096;5;20;1290;1164239305716;2006-11-22 23:48:25.716;2006-09-19 23:06:47.526672318;1270;499;301;294;176
2097;5;20;1290;1164240618716;2006-11-23 00:10:18.716;2006-09-19 23:06:47.937812523;1270;402;306;314;248
2098;3;80;1390;1164241566716;2006-11-23 00:26:06.716;2006-09-19 23:06:48.234660135;1310;575;265;246;224
2099;4;20;1000;1164241699716;2006-11-23 00:28:19.716;2006-09-19 23:06:48.276306478;980;260;245;245;230
2100;1;20;40;1164242971716;2006-11-23 00:49:31.716;2006-09-19 23:06:48.674608337;20;8;3;5;4
2101;5;20;1400;1164243082716;2006-11-23 00:51:22.716;2006-09-19 23:06:48.709365810;1380;517;326;313;224
2102;3;80;1400;1164243854716;2006-11-23 01:04:14.716;2006-09-19 23:06:48.951102473;1320;601;297;317;105
2103;1;20;120;1164244822716;2006-11-23 01:20:22.716;2006-09-19 23:06:49.254212693;100;23;25;25;27
2104;1;20;360;1164244862716;2006-11-23 01:21:02.716;2006-09-19 23:06:49.266737909;340;148;73;61;58
2105;1;80;670;1164244963716;2006-11-23 01:22:43.716;2006-09-19 23:06:49.298364078;590;266;110;121;93
2106;1;20;130;1164245173716;2006-11-23 01:26:13.716;2006-09-19 23:06:49.364121461;110;25;27;27;31
2107;7;20;2290;1164245882716;2006-11-23 01:38:02.716;2006-09-19 23:06:49.586130909;2270;999;301;563;407
2108;1;20;110;1164246123716;2006-11-23 01:42:03.716;2006-09-19 23:06:49.661595333;90;45;22;12;11
2109;3;80;1390;1164246370716;2006-11-23 01:46:10.716;2006-09-19 23:06:49.738938540;1310;488;325;286;211
2110;1;30;190;1164246519716;2006-11-23 01:48:39.716;2006-09-19 23:06:49.785594969;160;60;33;36;31
2111;1;10;20;1164247349716;2006-11-23 02:02:29.716;2006-09-19 23:06:50.045493194;10;2;2;2;4
2112;1;10;10;1164248011716;2006-11-23 02:13:31.716;2006-09-19 23:06:50.252785514;0;0;0;0;0
2113;3;80;1390;1164248683716;2006-11-23 02:24:43.716;2006-09-19 23:06:50.463209138;1310;303;327;327;353
2114;1;80;710;1164251574716;2006-11-23 03:12:54.716;2006-09-19 23:06:51.368469102;630;266;144;110;110
2115;1;10;20;1164310051716;2006-11-23 19:27:31.716;2006-09-19 23:07:09.679395057;10;5;1;2;2
2116;5;20;1300;1164310341716;2006-11-23 19:32:21.716;2006-09-19 23:07:09.770202870;1280;384;320;320;256
2117;1;80;820;1164310431716;2006-11-23 19:33:51.716;2006-09-19 23:07:09.798384606;740;277;177;166;120
2118;1;60;130;1164311042716;2006-11-23 19:44:02.716;2006-09-19 23:07:09.989707275;70;14;17;17;22
2119;5;20;1290;1164312009716;2006-11-23 20:00:09.716;2006-09-19 23:07:10.292504365;1270;263;317;317;373
2120;1;10;130;1164314248716;2006-11-23 20:37:28.716;2006-09-19 23:07:10.993603313;120;44;28;25;23
2121;5;20;1480;1164314463716;2006-11-23 20:41:03.716;2006-09-19 23:07:11.060926348;1460;555;306;328;271
2122;1;10;10;1164318465716;2006-11-23 21:47:45.716;2006-09-19 23:07:12.314074178;0;0;0;0;0
2123;7;50;3860;1164318711716;2006-11-23 21:51:51.716;2006-09-19 23:07:12.391104255;3810;961;952;952;945
2124;5;20;1290;1164319787716;2006-11-23 22:09:47.716;2006-09-19 23:07:12.728032557;1270;332;317;317;304
2125;5;30;1300;1164323915716;2006-11-23 23:18:35.716;2006-09-19 23:07:14.020634816;1270;596;190;274;210
2126;1;60;130;1164326260716;2006-11-23 23:57:40.716;2006-09-19 23:07:14.754925586;70;32;11;16;11
2127;1;50;410;1164326657716;2006-11-24 00:04:17.716;2006-09-19 23:07:14.879238352;360;136;84;72;68
2128;1;20;180;1164328240716;2006-11-24 00:30:40.716;2006-09-19 23:07:15.374923763;160;39;40;40;41
2129;5;20;1290;1164328468716;2006-11-24 00:34:28.716;2006-09-19 23:07:15.446317493;1270;586;312;204;168
2130;1;70;1350;1164329086716;2006-11-24 00:44:46.716;2006-09-19 23:07:15.639832075;1280;298;320;320;342
2131;1;10;20;1164329663716;2006-11-24 00:54:23.716;2006-09-19 23:07:15.820508312;10;2;2;2;4
2132;1;10;20;1164330219716;2006-11-24 01:03:39.716;2006-09-19 23:07:15.994608810;10;2;2;2;4
2133;1;80;1820;1164330502716;2006-11-24 01:08:22.716;2006-09-19 23:07:16.083224711;1740;782;326;300;332
2134;1;30;120;1164330630716;2006-11-24 01:10:30.716;2006-09-19 23:07:16.123305401;90;22;22;22;24
2135;1;20;50;1164330739716;2006-11-24 01:12:19.716;2006-09-19 23:07:16.157436614;30;9;7;7;7
2136;1;70;1810;1164331944716;2006-11-24 01:32:24.716;2006-09-19 23:07:16.534758737;1740;624;390;408;318
2137;1;80;990;1164333357716;2006-11-24 01:55:57.716;2006-09-19 23:07:16.977211981;910;409;226;120;155
2138;1;80;1860;1164334222716;2006-11-24 02:10:22.716;2006-09-19 23:07:17.248069771;1780;846;393;445;96
2139;1;10;20;1164334703716;2006-11-24 02:18:23.716;2006-09-19 23:07:17.398685489;10;3;2;2;3
2140;1;20;30;1164335037716;2006-11-24 02:23:57.716;2006-09-19 23:07:17.503271040;10;3;2;2;3
2141;5;20;1540;1164335375716;2006-11-24 02:29:35.716;2006-09-19 23:07:17.609109113;1520;655;188;380;297
2142;7;50;3890;1164337024716;2006-11-24 02:57:04.716;2006-09-19 23:07:18.125461130;3840;905;960;960;1015
2143;1;80;1910;1164341016716;2006-11-24 04:03:36.716;2006-09-19 23:07:19.375477656;1830;915;202;442;271
2144;1;10;10;1164396645716;2006-11-24 19:30:45.716;2006-09-19 23:07:36.794608253;0;0;0;0;0
2145;5;20;1290;1164396917716;2006-11-24 19:35:17.716;2006-09-19 23:07:36.879779720;1270;621;297;178;174
2146;7;50;3760;1164400160716;2006-11-24 20:29:20.716;2006-09-19 23:07:37.895261582;3710;1101;927;927;755
2147;2;20;460;1164409143716;2006-11-24 22:59:03.716;2006-09-19 23:07:40.708111897;440;160;83;109;88
2148;1;20;100;1164417418716;2006-11-25 01:16:58.716;2006-09-19 23:07:43.299265894;80;33;13;18;16
2149;2;20;650;1164419409716;2006-11-25 01:50:09.716;2006-09-19 23:07:43.922708505;630;161;157;157;155
2150;1;20;410;1164420068716;2006-11-25 02:01:08.716;2006-09-19 23:07:44.129061434;390;145;83;92;70
2151;1;20;290;1164420135716;2006-11-25 02:02:15.716;2006-09-19 23:07:44.150041170;270;94;63;65;48
2152;2;50;910;1164421403716;2006-11-25 02:23:23.716;2006-09-19 23:07:44.547090507;860;361;121;210;168
2153;1;10;10;1164598897716;2006-11-27 03:41:37.716;2006-09-19 23:08:40.125856370;0;0;0;0;0
2154;1;10;10;1164599261716;2006-11-27 03:47:41.716;2006-09-19 23:08:40.239835833;0;0;0;0;0
2155;1;10;10;1164599747716;2006-11-27 03:55:47.716;2006-09-19 23:08:40.392017204;0;0;0;0;0
2156;1;10;10;1164600646716;2006-11-27 04:10:46.716;2006-09-19 23:08:40.673521426;0;0;0;0;0
2157;1;80;990;1164654328716;2006-11-27 19:05:28.716;2006-09-19 23:08:57.482987149;910;345;167;226;172
2158;3;80;1390;1164655185716;2006-11-27 19:19:45.716;2006-09-19 23:08:57.751339896;1310;519;319;222;250
2159;7;20;2000;1164657522716;2006-11-27 19:58:42.716;2006-09-19 23:08:58.483125623;1980;555;495;495;435
2160;1;10;10;1164661693716;2006-11-27 21:08:13.716;2006-09-19 23:08:59.789192489;0;0;0;0;0
2161;1;80;990;1164662910716;2006-11-27 21:28:30.716;2006-09-19 23:09:00.170272177;910;407;104;226;173
2162;3;80;1390;1164663780716;2006-11-27 21:43:00.716;2006-09-19 23:09:00.442695618;1310;532;205;318;255
2163;1;10;10;1164664692716;2006-11-27 21:58:12.716;2006-09-19 23:09:00.728270536;0;0;0;0;0
2164;1;80;750;1164664793716;2006-11-27 21:59:53.716;2006-09-19 23:09:00.759896705;670;279;144;121;126
2165;1;10;10;1164665192716;2006-11-27 22:06:32.716;2006-09-19 23:09:00.884835732;0;0;0;0;0
2166;1;10;10;1164665335716;2006-11-27 22:08:55.716;2006-09-19 23:09:00.929613378;0;0;0;0;0
2167;1;10;10;1164665462716;2006-11-27 22:11:02.716;2006-09-19 23:09:00.969380938;0;0;0;0;0
2168;1;10;10;1164665654716;2006-11-27 22:14:14.716;2006-09-19 23:09:01.029501973;0;0;0;0;0
2169;1;10;20;1164665969716;2006-11-27 22:19:29.716;2006-09-19 23:09:01.128138047;10;2;2;2;4
2170;1;10;20;1164666330716;2006-11-27 22:25:30.716;2006-09-19 23:09:01.241178119;10;5;1;2;2
2171;1;10;20;1164666488716;2006-11-27 22:28:08.716;2006-09-19 23:09:01.290652720;10;3;2;2;3
2172;1;10;20;1164666738716;2006-11-27 22:32:18.716;2006-09-19 23:09:01.368935319;10;5;2;1;2
2173;3;80;1400;1164672480716;2006-11-28 00:08:00.716;2006-09-19 23:09:03.166930032;1320;377;330;330;283
2174;1;10;10;1164672987716;2006-11-28 00:16:27.716;2006-09-19 23:09:03.325687140;0;0;0;0;0
2175;1;10;20;1164673215716;2006-11-28 00:20:15.716;2006-09-19 23:09:03.397080870;10;3;2;2;3
2176;1;10;10;1164673700716;2006-11-28 00:28:20.716;2006-09-19 23:09:03.548949110;0;0;0;0;0
2177;1;10;10;1164674198716;2006-11-28 00:36:38.716;2006-09-19 23:09:03.704888046;0;0;0;0;0
2178;5;20;1430;1164674260716;2006-11-28 00:37:40.716;2006-09-19 23:09:03.724302130;1410;695;293;311;111
2179;1;10;20;1164674357716;2006-11-28 00:39:17.716;2006-09-19 23:09:03.754675778;10;5;1;2;2
2180;1;10;20;1164674758716;2006-11-28 00:45:58.716;2006-09-19 23:09:03.880241065;10;3;2;2;3
2181;1;10;20;1164675719716;2006-11-28 01:01:59.716;2006-09-19 23:09:04.181159372;10;2;2;2;4
2182;1;10;20;1164675861716;2006-11-28 01:04:21.716;2006-09-19 23:09:04.225623888;10;5;1;2;2
2183;1;10;20;1164675991716;2006-11-28 01:06:31.716;2006-09-19 23:09:04.266330839;10;4;2;2;2
2184;5;20;1450;1164676168716;2006-11-28 01:09:28.716;2006-09-19 23:09:04.321754919;1430;407;357;357;309
2185;1;10;20;1164676284716;2006-11-28 01:11:24.716;2006-09-19 23:09:04.358078044;10;5;2;1;2
2186;1;20;180;1164676547716;2006-11-28 01:15:47.716;2006-09-19 23:09:04.440431337;160;70;34;35;21
2187;1;10;20;1164676631716;2006-11-28 01:17:11.716;2006-09-19 23:09:04.466734290;10;2;2;2;4
2188;1;10;10;1164677259716;2006-11-28 01:27:39.716;2006-09-19 23:09:04.663380177;0;0;0;0;0
2189;1;10;20;1164677719716;2006-11-28 01:35:19.716;2006-09-19 23:09:04.807420157;10;4;2;2;2
2190;1;10;20;1164677845716;2006-11-28 01:37:25.716;2006-09-19 23:09:04.846874587;10;3;2;2;3
2191;1;10;20;1164678164716;2006-11-28 01:42:44.716;2006-09-19 23:09:04.946763182;10;2;2;2;4
2192;1;10;20;1164678339716;2006-11-28 01:45:39.716;2006-09-19 23:09:05.001561000;10;2;2;2;4
2193;1;10;20;1164678537716;2006-11-28 01:48:57.716;2006-09-19 23:09:05.063560818;10;3;2;2;3
2194;1;10;20;1164678686716;2006-11-28 01:51:26.716;2006-09-19 23:09:05.110217247;10;2;2;2;4
2195;1;10;30;1164679524716;2006-11-28 02:05:24.716;2006-09-19 23:09:05.372620515;20;9;5;3;3
2196;1;10;10;1164679756716;2006-11-28 02:09:16.716;2006-09-19 23:09:05.445266766;0;0;0;0;0
2197;5;30;1300;1164680631716;2006-11-28 02:23:51.716;2006-09-19 23:09:05.719255860;1270;613;220;268;169
2198;9;30;2580;1164683838716;2006-11-28 03:17:18.716;2006-09-19 23:09:06.723465028;2550;1171;466;491;422
2199;9;30;2580;1164687508716;2006-11-28 04:18:28.716;2006-09-19 23:09:07.872653568;2550;1043;628;626;253
2200;9;30;2580;1164739533716;2006-11-28 18:45:33.716;2006-09-19 23:09:24.163262231;2550;1050;565;631;304
2201;9;20;2590;1164743614716;2006-11-28 19:53:34.716;2006-09-19 23:09:25.441147362;2570;949;491;633;497
2202;1;10;20;1164743755716;2006-11-28 19:55:55.716;2006-09-19 23:09:25.485298747;10;4;2;2;2
2203;1;10;20;1164743930716;2006-11-28 19:58:50.716;2006-09-19 23:09:25.540096566;10;4;2;2;2
2204;9;20;2580;1164747788716;2006-11-28 21:03:08.716;2006-09-19 23:09:26.748153620;2560;918;577;596;469
2205;9;20;2580;1164756552716;2006-11-28 23:29:12.716;2006-09-19 23:09:29.492428379;2560;972;457;629;502
2206;1;10;60;1164759071716;2006-11-29 00:11:11.716;2006-09-19 23:09:30.281203837;50;14;12;12;12
2207;1;10;10;1164759709716;2006-11-29 00:21:49.716;2006-09-19 23:09:30.480981027;0;0;0;0;0
2208;1;20;30;1164760203716;2006-11-29 00:30:03.716;2006-09-19 23:09:30.635667441;10;2;2;2;4
2209;1;10;10;1164760635716;2006-11-29 00:37:15.716;2006-09-19 23:09:30.770939771;0;0;0;0;0
2210;9;30;2580;1164761162716;2006-11-29 00:46:02.716;2006-09-19 23:09:30.935959487;2550;862;596;584;508
2211;3;80;1150;1164764631716;2006-11-29 01:43:51.716;2006-09-19 23:09:32.022208819;1070;404;203;255;208
2212;9;20;2580;1164765172716;2006-11-29 01:52:52.716;2006-09-19 23:09:32.191612361;2560;619;640;640;661
2213;1;80;990;1164765567716;2006-11-29 01:59:27.716;2006-09-19 23:09:32.315298866;910;309;199;221;181
2214;1;20;30;1164766315716;2006-11-29 02:11:55.716;2006-09-19 23:09:32.549520399;10;3;2;2;3
2215;1;40;110;1164767970716;2006-11-29 02:39:30.716;2006-09-19 23:09:33.067751199;70;29;17;10;14
2216;1;50;200;1164768863716;2006-11-29 02:54:23.716;2006-09-19 23:09:33.347376639;150;73;14;35;28
2217;1;70;140;1164769606716;2006-11-29 03:06:46.716;2006-09-19 23:09:33.580032521;70;14;17;17;22
2218;1;70;140;1164770690716;2006-11-29 03:24:50.716;2006-09-19 23:09:33.919465866;70;17;17;17;19
2219;1;90;150;1164771623716;2006-11-29 03:40:23.716;2006-09-19 23:09:34.211616522;60;19;14;15;12
2220;1;90;150;1164771872716;2006-11-29 03:44:32.716;2006-09-19 23:09:34.289585990;60;21;13;14;12
2221;1;50;100;1164772126716;2006-11-29 03:48:46.716;2006-09-19 23:09:34.369121109;50;18;11;11;10
2222;1;90;150;1164773206716;2006-11-29 04:06:46.716;2006-09-19 23:09:34.707301933;60;25;14;11;10
2223;1;90;150;1164774225716;2006-11-29 04:23:45.716;2006-09-19 23:09:35.026381803;60;13;15;15;17
2224;1;90;150;1164775601716;2006-11-29 04:46:41.716;2006-09-19 23:09:35.457249223;60;20;13;15;12
2225;1;90;150;1164775857716;2006-11-29 04:50:57.716;2006-09-19 23:09:35.537410603;60;20;14;15;11
2226;1;90;150;1164776299716;2006-11-29 04:58:19.716;2006-09-19 23:09:35.675814237;60;23;10;15;12
2227;1;90;150;1164776978716;2006-11-29 05:09:38.716;2006-09-19 23:09:35.888429773;60;25;13;10;12
2228;1;90;150;1164826069716;2006-11-29 18:47:49.716;2006-09-19 23:09:51.260313865;60;13;15;15;17
2229;1;50;100;1164826740716;2006-11-29 18:59:00.716;2006-09-19 23:09:51.470424358;50;14;12;12;12
2230;2;50;910;1164827188716;2006-11-29 19:06:28.716;2006-09-19 23:09:51.610706774;860;191;215;215;239
2231;1;20;60;1164828581716;2006-11-29 19:29:41.716;2006-09-19 23:09:52.046897410;40;18;6;10;6
2232;1;90;150;1164828749716;2006-11-29 19:32:29.716;2006-09-19 23:09:52.099503316;60;17;15;15;13
2233;9;30;2580;1164829272716;2006-11-29 19:41:12.716;2006-09-19 23:09:52.263270511;2550;720;637;637;556
2234;1;90;150;1164829580716;2006-11-29 19:46:20.716;2006-09-19 23:09:52.359714672;60;16;15;15;14
2235;1;90;150;1164829901716;2006-11-29 19:51:41.716;2006-09-19 23:09:52.460229528;60;15;15;15;15
2236;2;50;910;1164830628716;2006-11-29 20:03:48.716;2006-09-19 23:09:52.687875324;860;282;194;215;169
2237;1;90;150;1164830720716;2006-11-29 20:05:20.716;2006-09-19 23:09:52.716683320;60;21;15;13;11
2238;1;1740;3790;1164831220716;2006-11-29 20:13:40.716;2006-09-19 23:09:52.873248516;2050;636;496;512;406
2239;1;10;20;1164831625716;2006-11-29 20:20:25.716;2006-09-19 23:09:53.000066325;10;3;2;2;3
2240;1;10;20;1164831821716;2006-11-29 20:23:41.716;2006-09-19 23:09:53.061439882;10;5;1;2;2
2241;2;50;910;1164832944716;2006-11-29 20:42:24.716;2006-09-19 23:09:53.413085312;860;373;137;181;169
2242;2;50;1110;1164836636716;2006-11-29 21:43:56.716;2006-09-19 23:09:54.569162721;1060;399;240;253;168
2243;1;10;10;1164837013716;2006-11-29 21:50:13.716;2006-09-19 23:09:54.687212879;0;0;0;0;0
2244;1;20;140;1164837433716;2006-11-29 21:57:13.716;2006-09-19 23:09:54.818727644;120;43;23;30;24
2245;1;10;10;1164837768716;2006-11-29 22:02:48.716;2006-09-19 23:09:54.923626325;0;0;0;0;0
2246;1;1050;2560;1164837887716;2006-11-29 22:04:47.716;2006-09-19 23:09:54.960888842;1510;420;377;377;336
2247;1;170;300;1164838598716;2006-11-29 22:16:38.716;2006-09-19 23:09:55.183524551;130;32;32;32;34
2248;1;2050;4260;1164839180716;2006-11-29 22:26:20.716;2006-09-19 23:09:55.365766439;2210;957;479;345;429
2249;1;10;10;1164839834716;2006-11-29 22:37:14.716;2006-09-19 23:09:55.570553716;0;0;0;0;0
2250;9;30;2580;1164841924716;2006-11-29 23:12:04.716;2006-09-19 23:09:56.224996236;2550;1024;594;501;431
2251;1;10;10;1164843632716;2006-11-29 23:40:32.716;2006-09-19 23:09:56.759822946;0;0;0;0;0
2252;2;40;740;1164847766716;2006-11-30 00:49:26.716;2006-09-19 23:09:58.054303988;700;325;114;172;89
2253;1;40;190;1164848566716;2006-11-30 01:02:46.716;2006-09-19 23:09:58.304808302;150;33;37;37;43
2254;9;30;2580;1164849037716;2006-11-30 01:10:37.716;2006-09-19 23:09:58.452292717;2550;1275;151;615;509
2255;2;50;950;1164850630716;2006-11-30 01:37:10.716;2006-09-19 23:09:58.951109432;900;337;176;225;162
2256;1;10;20;1164851980716;2006-11-30 01:59:40.716;2006-09-19 23:09:59.373835461;10;2;2;2;4
2257;1;20;100;1164852575716;2006-11-30 02:09:35.716;2006-09-19 23:09:59.560148045;80;29;17;19;15
2258;1;10;20;1164852682716;2006-11-30 02:11:22.716;2006-09-19 23:09:59.593652997;10;5;1;2;2
2259;1;10;20;1164853194716;2006-11-30 02:19:54.716;2006-09-19 23:09:59.753975758;10;5;2;2;1
2260;1;10;20;1164853291716;2006-11-30 02:21:31.716;2006-09-19 23:09:59.784349406;10;3;2;2;3
2261;1;10;20;1164853626716;2006-11-30 02:27:06.716;2006-09-19 23:09:59.889248087;10;2;2;2;4
2262;1;10;20;1164853719716;2006-11-30 02:28:39.716;2006-09-19 23:09:59.918369214;10;4;2;2;2
2263;1;50;210;1164853896716;2006-11-30 02:31:36.716;2006-09-19 23:09:59.973793293;160;67;39;37;17
2264;1;10;20;1164853925716;2006-11-30 02:32:05.716;2006-09-19 23:09:59.982874074;10;2;2;2;4
2265;2;420;2900;1164854024716;2006-11-30 02:33:44.716;2006-09-19 23:10:00.013873983;2480;1235;478;453;314
2266;1;20;170;1164854289716;2006-11-30 02:38:09.716;2006-09-19 23:10:00.096853537;150;62;37;35;16
2267;1;10;20;1164854863716;2006-11-30 02:47:43.716;2006-09-19 23:10:00.276590383;10;4;2;2;2
2268;1;10;160;1164854988716;2006-11-30 02:49:48.716;2006-09-19 23:10:00.315731682;150;74;9;37;30
2269;1;10;20;1164854984716;2006-11-30 02:49:44.716;2006-09-19 23:10:00.314479160;10;2;2;2;4
2270;1;10;140;1164856186716;2006-11-30 03:09:46.716;2006-09-19 23:10:00.690861892;130;31;32;32;35
2271;1;20;170;1164856733716;2006-11-30 03:18:53.716;2006-09-19 23:10:00.862144216;150;33;37;37;43
2272;1;20;210;1164858563716;2006-11-30 03:49:23.716;2006-09-19 23:10:01.435172834;190;57;47;47;39
2273;1;20;170;1164864501716;2006-11-30 05:28:21.716;2006-09-19 23:10:03.294541104;150;56;32;37;25
2274;1;30;40;1164864775716;2006-11-30 05:32:55.716;2006-09-19 23:10:03.380338832;10;5;1;2;2
2275;1;30;220;1164864932716;2006-11-30 05:35:32.716;2006-09-19 23:10:03.429500303;190;76;37;43;34
2276;1;30;30;1164865750716;2006-11-30 05:49:10.716;2006-09-19 23:10:03.685640964;0;0;0;0;0
2277;1;30;220;1164865869716;2006-11-30 05:51:09.716;2006-09-19 23:10:03.722903481;190;94;20;39;37
2278;1;30;220;1164866555716;2006-11-30 06:02:35.716;2006-09-19 23:10:03.937710930;190;40;47;47;56
2279;1;30;220;1164866969716;2006-11-30 06:09:29.716;2006-09-19 23:10:04.067346912;190;50;47;47;46
2280;1;30;220;1164867450716;2006-11-30 06:17:30.716;2006-09-19 23:10:04.217962631;190;80;41;43;26
2281;1;80;990;1164908322716;2006-11-30 17:38:42.716;2006-09-19 23:10:17.016228028;910;379;202;197;132
2282;3;80;1390;1164909139716;2006-11-30 17:52:19.716;2006-09-19 23:10:17.272055559;1310;506;233;318;253
2283;1;80;990;1164911125716;2006-11-30 18:25:25.716;2006-09-19 23:10:17.893932518;910;216;227;227;240
2284;1;10;20;1164912435716;2006-11-30 18:47:15.716;2006-09-19 23:10:18.304133332;10;3;2;2;3
2285;1;10;20;1164912812716;2006-11-30 18:53:32.716;2006-09-19 23:10:18.422183490;10;3;2;2;3
2286;1;10;20;1164913655716;2006-11-30 19:07:35.716;2006-09-19 23:10:18.686152410;10;4;2;2;2
2287;1;10;20;1164913769716;2006-11-30 19:09:29.716;2006-09-19 23:10:18.721849275;10;2;2;2;4
2288;1;10;20;1164913954716;2006-11-30 19:12:34.716;2006-09-19 23:10:18.779778398;10;2;2;2;4
2289;1;10;20;1164914200716;2006-11-30 19:16:40.716;2006-09-19 23:10:18.856808474;10;5;1;2;2
2290;1;20;110;1164916231716;2006-11-30 19:50:31.716;2006-09-19 23:10:19.492776301;90;37;13;22;18
2291;3;80;1400;1164916435716;2006-11-30 19:53:55.716;2006-09-19 23:10:19.556654901;1320;337;330;330;323
2292;1;60;740;1164916964716;2006-11-30 20:02:44.716;2006-09-19 23:10:19.722300879;680;327;51;169;133
2293;1;10;10;1164917450716;2006-11-30 20:10:50.716;2006-09-19 23:10:19.874482250;0;0;0;0;0
2294;1;10;10;1164918029716;2006-11-30 20:20:29.716;2006-09-19 23:10:20.055784747;0;0;0;0;0
2295;5;30;1300;1164918839716;2006-11-30 20:33:59.716;2006-09-19 23:10:20.309420365;1270;323;317;317;313
2296;1;20;170;1164918953716;2006-11-30 20:35:53.716;2006-09-19 23:10:20.345117229;150;55;31;35;29
2297;3;80;1390;1164918993716;2006-11-30 20:36:33.716;2006-09-19 23:10:20.357642445;1310;492;267;323;228
2298;1;10;20;1164919097716;2006-11-30 20:38:17.716;2006-09-19 23:10:20.390208006;10;2;2;2;4
2299;1;20;50;1164919235716;2006-11-30 20:40:35.716;2006-09-19 23:10:20.433420000;30;13;4;7;6
2300;2;30;660;1164919279716;2006-11-30 20:41:19.716;2006-09-19 23:10:20.447197737;630;225;127;152;126
2301;1;50;120;1164920655716;2006-11-30 21:04:15.716;2006-09-19 23:10:20.878065157;70;35;17;15;3
2302;1;10;40;1164920670716;2006-11-30 21:04:30.716;2006-09-19 23:10:20.882762113;30;14;6;7;3
2303;1;30;230;1164920801716;2006-11-30 21:06:41.716;2006-09-19 23:10:20.923782194;200;64;49;47;40
2304;1;30;220;1164921793716;2006-11-30 21:23:13.716;2006-09-19 23:10:21.234407544;190;67;45;43;35
2305;1;20;170;1164921958716;2006-11-30 21:25:58.716;2006-09-19 23:10:21.286074058;150;71;33;22;24
2306;1;30;40;1164923372716;2006-11-30 21:49:32.716;2006-09-19 23:10:21.728840433;10;4;2;2;2
2307;1;20;170;1164923929716;2006-11-30 21:58:49.716;2006-09-19 23:10:21.903254062;150;57;33;31;29
2308;5;30;1300;1164924028716;2006-11-30 22:00:28.716;2006-09-19 23:10:21.934253971;1270;589;253;279;149
2309;3;80;1390;1164924542716;2006-11-30 22:09:02.716;2006-09-19 23:10:22.095202992;1310;478;319;320;193
2310;1;10;10;1164927205716;2006-11-30 22:53:25.716;2006-09-19 23:10:22.929069227;0;0;0;0;0
2311;1;10;140;1164927559716;2006-11-30 22:59:19.716;2006-09-19 23:10:23.039917386;130;34;32;32;32
2312;1;10;10;1164927623716;2006-11-30 23:00:23.716;2006-09-19 23:10:23.059957731;0;0;0;0;0
2313;1;130;540;1164927706716;2006-11-30 23:01:46.716;2006-09-19 23:10:23.085947554;410;126;102;101;81
2314;1;10;10;1164928238716;2006-11-30 23:10:38.716;2006-09-19 23:10:23.252532922;0;0;0;0;0
2315;1;20;170;1164928391716;2006-11-30 23:13:11.716;2006-09-19 23:10:23.300441872;150;72;35;33;10
2316;1;30;100;1164929310716;2006-11-30 23:28:30.716;2006-09-19 23:10:23.588208703;70;17;17;17;19
2317;5;20;1320;1164929403716;2006-11-30 23:30:03.716;2006-09-19 23:10:23.617329829;1300;437;310;319;234
2318;1;230;710;1164929695716;2006-11-30 23:34:55.716;2006-09-19 23:10:23.708763904;480;102;120;120;138
2319;1;120;520;1164929797716;2006-11-30 23:36:37.716;2006-09-19 23:10:23.740703204;400;149;85;87;79
2320;1;80;270;1164930979716;2006-11-30 23:56:19.716;2006-09-19 23:10:24.110823328;190;69;43;42;36
2321;1;80;510;1164932259716;2006-12-01 00:17:39.716;2006-09-19 23:10:24.511630230;430;205;45;102;78
2322;1;80;330;1164933161716;2006-12-01 00:32:41.716;2006-09-19 23:10:24.794073844;250;86;61;57;46
2323;5;30;1300;1164933225716;2006-12-01 00:33:45.716;2006-09-19 23:10:24.814114189;1270;335;317;317;301
2324;1;10;10;1164934083716;2006-12-01 00:48:03.716;2006-09-19 23:10:25.082780066;0;0;0;0;0
2325;3;80;1400;1164934687716;2006-12-01 00:58:07.716;2006-09-19 23:10:25.271910823;1320;332;330;330;328
2326;1;150;380;1164935558716;2006-12-01 01:12:38.716;2006-09-19 23:10:25.544647394;230;48;57;57;68
2327;5;30;1300;1164936107716;2006-12-01 01:21:47.716;2006-09-19 23:10:25.716555980;1270;340;317;317;296
2328;1;30;660;1164936736716;2006-12-01 01:32:16.716;2006-09-19 23:10:25.913514997;630;290;144;118;78
2329;2;10;630;1164937864716;2006-12-01 01:51:04.716;2006-09-19 23:10:26.266726079;620;270;155;82;113
2330;5;30;1310;1164938298716;2006-12-01 01:58:18.716;2006-09-19 23:10:26.402624670;1280;416;291;319;254
2331;1;80;620;1164938390716;2006-12-01 01:59:50.716;2006-09-19 23:10:26.431432666;540;178;119;135;108
2332;1;10;20;1164938903716;2006-12-01 02:08:23.716;2006-09-19 23:10:26.592068557;10;2;2;2;4
2333;3;80;1070;1164940065716;2006-12-01 02:27:45.716;2006-09-19 23:10:26.955926073;990;349;229;241;171
2334;9;20;2590;1164940767716;2006-12-01 02:39:27.716;2006-09-19 23:10:27.175743608;2570;556;642;642;730
2335;1;150;380;1164940864716;2006-12-01 02:41:04.716;2006-09-19 23:10:27.206117256;230;86;47;56;41
2336;1;10;60;1164941801716;2006-12-01 02:56:41.716;2006-09-19 23:10:27.499520434;50;10;12;12;16
2337;1;10;30;1164942074716;2006-12-01 03:01:14.716;2006-09-19 23:10:27.585005031;20;4;5;5;6
2338;1;80;220;1164942438716;2006-12-01 03:07:18.716;2006-09-19 23:10:27.698984494;140;61;21;35;23
2339;3;80;1390;1164942507716;2006-12-01 03:08:27.716;2006-09-19 23:10:27.720590491;1310;459;326;267;258
2340;9;30;2580;1164942815716;2006-12-01 03:13:35.716;2006-09-19 23:10:27.817034652;2550;1023;401;631;495
2341;1;250;710;1164942900716;2006-12-01 03:15:00.716;2006-09-19 23:10:27.843650735;460;148;106;115;91
2342;1;40;190;1164943464716;2006-12-01 03:24:24.716;2006-09-19 23:10:28.020256277;150;63;35;37;15
2343;1;50;360;1164943935716;2006-12-01 03:32:15.716;2006-09-19 23:10:28.167740691;310;112;65;76;57
2344;5;80;2070;1164946054716;2006-12-01 04:07:34.716;2006-09-19 23:10:28.831263993;1990;985;453;447;105
2345;1;30;200;1164947781716;2006-12-01 04:36:21.716;2006-09-19 23:10:29.372040180;170;43;42;42;43
2346;5;80;2070;1164949861716;2006-12-01 05:11:01.716;2006-09-19 23:10:30.023351397;1990;640;486;472;392
2347;5;80;2070;1164993446716;2006-12-01 17:17:26.716;2006-09-19 23:10:43.671139548;1990;674;440;481;395
2348;5;80;2070;1164994893716;2006-12-01 17:41:33.716;2006-09-19 23:10:44.124239226;1990;611;491;497;391
2349;5;80;2070;1164997345716;2006-12-01 18:22:25.716;2006-09-19 23:10:44.892034948;1990;610;490;495;395
2350;1;10;20;1164998205716;2006-12-01 18:36:45.716;2006-09-19 23:10:45.161327085;10;5;2;1;2
2351;5;80;2070;1164998925716;2006-12-01 18:48:45.716;2006-09-19 23:10:45.386780968;1990;778;484;387;341
2352;5;80;2070;1165004821716;2006-12-01 20:27:01.716;2006-09-19 23:10:47.232997761;1990;423;497;497;573
2353;3;80;1390;1165010349716;2006-12-01 21:59:09.716;2006-09-19 23:10:48.963982570;1310;630;281;202;197
2354;3;80;1390;1165011769716;2006-12-01 22:22:49.716;2006-09-19 23:10:49.408627727;1310;509;214;325;262
2355;3;80;1400;1165012838716;2006-12-01 22:40:38.716;2006-09-19 23:10:49.743364117;1320;305;330;330;355
2356;3;80;1390;1165014191716;2006-12-01 23:03:11.716;2006-09-19 23:10:50.167029537;1310;488;238;325;259
2357;3;80;1400;1165023863716;2006-12-02 01:44:23.716;2006-09-19 23:10:53.195626692;1320;542;272;291;215
2358;1;150;380;1165028712716;2006-12-02 03:05:12.716;2006-09-19 23:10:54.713995965;230;88;57;43;42
2359;1;20;50;1165030518716;2006-12-02 03:35:18.716;2006-09-19 23:10:55.279509454;30;8;7;7;8
2360;1;120;290;1165031008716;2006-12-02 03:43:28.716;2006-09-19 23:10:55.432943346;170;44;42;42;42
2361;1;100;230;1165032309716;2006-12-02 04:05:09.716;2006-09-19 23:10:55.840325986;130;37;32;32;29
2362;1;250;710;1165032618716;2006-12-02 04:10:18.716;2006-09-19 23:10:55.937083278;460;165;95;115;85
2363;1;100;240;1165034805716;2006-12-02 04:46:45.716;2006-09-19 23:10:56.621899446;140;55;30;30;25
2364;1;250;710;1165035322716;2006-12-02 04:55:22.716;2006-09-19 23:10:56.783787859;460;176;84;114;86
2365;1;100;240;1165037385716;2006-12-02 05:29:45.716;2006-09-19 23:10:57.429775858;140;36;35;35;34
2366;1;80;220;1165038374716;2006-12-02 05:46:14.716;2006-09-19 23:10:57.739461816;140;42;35;35;28
2367;1;100;240;1165038734716;2006-12-02 05:52:14.716;2006-09-19 23:10:57.852188757;140;67;27;27;19
2368;1;100;240;1165039774716;2006-12-02 06:09:34.716;2006-09-19 23:10:58.177844365;140;47;35;33;25
2369;1;50;150;1165040364716;2006-12-02 06:19:24.716;2006-09-19 23:10:58.362591297;100;21;25;25;29
2370;1;40;110;1165041898716;2006-12-02 06:44:58.716;2006-09-19 23:10:58.842933319;70;20;17;17;16
2371;1;260;740;1165042252716;2006-12-02 06:50:52.716;2006-09-19 23:10:58.953781478;480;175;91;118;96
2372;1;260;770;1165042830716;2006-12-02 07:00:30.716;2006-09-19 23:10:59.134770844;510;104;127;127;152
2373;1;90;210;1165048037716;2006-12-02 08:27:17.716;2006-09-19 23:11:00.765240797;120;50;17;29;24
2374;1;10;50;1165048828716;2006-12-02 08:40:28.716;2006-09-19 23:11:01.012926938;40;15;8;9;8
2375;1;10;50;1165049200716;2006-12-02 08:46:40.716;2006-09-19 23:11:01.129411444;40;19;3;10;8
2376;1;10;10;1165049482716;2006-12-02 08:51:22.716;2006-09-19 23:11:01.217714214;0;0;0;0;0
2377;1;30;100;1165049650716;2006-12-02 08:54:10.716;2006-09-19 23:11:01.270320120;70;21;17;17;15
2378;1;90;210;1165049860716;2006-12-02 08:57:40.716;2006-09-19 23:11:01.336077503;120;60;21;25;14
2379;1;90;210;1165051020716;2006-12-02 09:17:00.716;2006-09-19 23:11:01.699308758;120;60;9;28;23
2380;1;90;210;1165055461716;2006-12-02 10:31:01.716;2006-09-19 23:11:03.089920830;120;29;30;30;31
2381;1;90;210;1165056225716;2006-12-02 10:43:45.716;2006-09-19 23:11:03.329152450;120;42;24;30;24
2382;1;100;230;1165057864716;2006-12-02 11:11:04.716;2006-09-19 23:11:03.842373163;130;37;32;32;29
2383;3;60;1310;1165084088716;2006-12-02 18:28:08.716;2006-09-19 23:11:12.053904573;1250;551;255;209;235
2384;3;80;1390;1165092082716;2006-12-02 20:41:22.716;2006-09-19 23:11:14.557068929;1310;390;327;327;266
2385;1;10;30;1165093056716;2006-12-02 20:57:36.716;2006-09-19 23:11:14.862057931;20;10;5;5;0
2386;3;80;1400;1165093173716;2006-12-02 20:59:33.716;2006-09-19 23:11:14.898694187;1320;284;330;330;376
2387;3;80;1400;1165094935716;2006-12-02 21:28:55.716;2006-09-19 23:11:15.450429939;1320;421;317;319;263
2388;3;80;1390;1165098259716;2006-12-02 22:24:19.716;2006-09-19 23:11:16.491275363;1310;521;227;305;257
2389;3;20;780;1165264091716;2006-12-04 20:28:11.716;2006-09-19 23:12:08.418314590;760;374;102;186;98
2390;1;100;230;1165264455716;2006-12-04 20:34:15.716;2006-09-19 23:12:08.532294053;130;52;24;28;26
2391;1;50;810;1165265012716;2006-12-04 20:43:32.716;2006-09-19 23:12:08.706707681;760;282;168;161;149
2392;1;30;220;1165265058716;2006-12-04 20:44:18.716;2006-09-19 23:12:08.721111679;190;62;46;45;37
2393;1;10;270;1165265569716;2006-12-04 20:52:49.716;2006-09-19 23:12:08.881121310;260;77;65;65;53
2394;5;20;1300;1165267992716;2006-12-04 21:33:12.716;2006-09-19 23:12:09.639836250;1280;637;320;199;124
2395;1;10;260;1165268431716;2006-12-04 21:40:31.716;2006-09-19 23:12:09.777300493;250;110;55;43;42
2396;1;10;270;1165268985716;2006-12-04 21:49:45.716;2006-09-19 23:12:09.950774730;260;101;47;62;50
2397;1;10;260;1165270656716;2006-12-04 22:17:36.716;2006-09-19 23:12:10.474015616;250;109;39;53;49
2398;5;30;1300;1165277631716;2006-12-05 00:13:51.716;2006-09-19 23:12:12.658100102;1270;617;189;282;182
2399;1;50;110;1165279941716;2006-12-05 00:52:21.716;2006-09-19 23:12:13.381431309;60;13;15;15;17
2400;1;50;810;1165279950716;2006-12-05 00:52:30.716;2006-09-19 23:12:13.384249482;760;365;183;135;77
2401;1;30;220;1165280342716;2006-12-05 00:59:02.716;2006-09-19 23:12:13.506996596;190;65;45;43;37
2402;3;20;910;1165283494716;2006-12-05 01:51:34.716;2006-09-19 23:12:14.493983593;890;333;218;193;146
2403;2;20;670;1165285529716;2006-12-05 02:25:29.716;2006-09-19 23:12:15.131203941;650;292;117;144;97
2404;1;20;20;1165287552716;2006-12-05 02:59:12.716;2006-09-19 23:12:15.764666725;0;0;0;0;0
2405;5;30;1300;1165287714716;2006-12-05 03:01:54.716;2006-09-19 23:12:15.815393849;1270;294;317;317;342
2406;1;30;220;1165296102716;2006-12-05 05:21:42.716;2006-09-19 23:12:18.441931580;190;88;31;34;37
2407;1;10;30;1165296434716;2006-12-05 05:27:14.716;2006-09-19 23:12:18.545890870;20;5;5;5;5
2408;5;30;1300;1165348735716;2006-12-05 19:58:55.716;2006-09-19 23:12:34.922923521;1270;328;317;317;308
2409;1;10;10;1165351058716;2006-12-05 20:37:38.716;2006-09-19 23:12:35.650325423;0;0;0;0;0
2410;1;50;110;1165352046716;2006-12-05 20:54:06.716;2006-09-19 23:12:35.959698250;60;27;11;10;12
2411;1;30;220;1165352269716;2006-12-05 20:57:49.716;2006-09-19 23:12:36.029526328;190;42;47;47;54
2412;1;50;810;1165352324716;2006-12-05 20:58:44.716;2006-09-19 23:12:36.046748499;760;259;169;190;142
2413;3;20;850;1165354921716;2006-12-05 21:42:01.716;2006-09-19 23:12:36.859948128;830;328;161;194;147
2414;3;20;900;1165356267716;2006-12-05 22:04:27.716;2006-09-19 23:12:37.281421637;880;241;220;220;199
2415;2;20;460;1165363145716;2006-12-05 23:59:05.716;2006-09-19 23:12:39.435132475;440;134;110;109;87
2416;3;20;840;1165363716716;2006-12-06 00:08:36.716;2006-09-19 23:12:39.613929929;820;364;106;186;164
2417;1;10;100;1165364665716;2006-12-06 00:24:25.716;2006-09-19 23:12:39.911090672;90;25;22;22;21
2418;5;30;1300;1165368012716;2006-12-06 01:20:12.716;2006-09-19 23:12:40.959138095;1270;500;285;293;192
2419;5;30;1300;1165370335716;2006-12-06 01:58:55.716;2006-09-19 23:12:41.686539996;1270;320;317;317;316
2420;1;30;220;1165394432716;2006-12-06 08:40:32.716;2006-09-19 23:12:49.232043061;190;41;47;47;55
2421;1;30;220;1165395220716;2006-12-06 08:53:40.716;2006-09-19 23:12:49.478789810;190;95;34;37;24
2422;1;30;220;1165395737716;2006-12-06 09:02:17.716;2006-09-19 23:12:49.640678223;190;75;44;47;24
2423;1;30;220;1165396271716;2006-12-06 09:11:11.716;2006-09-19 23:12:49.807889853;190;58;47;47;38
2424;1;10;10;1165396681716;2006-12-06 09:18:01.716;2006-09-19 23:12:49.936273314;0;0;0;0;0
2425;1;30;220;1165396712716;2006-12-06 09:18:32.716;2006-09-19 23:12:49.945980356;190;72;41;43;34
2426;1;30;220;1165397563716;2006-12-06 09:32:43.716;2006-09-19 23:12:50.212454320;190;90;28;37;35
2427;1;30;220;1165397978716;2006-12-06 09:39:38.716;2006-09-19 23:12:50.342403433;190;49;47;47;47
2428;1;30;220;1165398285716;2006-12-06 09:44:45.716;2006-09-19 23:12:50.438534463;190;54;47;47;42
2429;1;80;210;1165398295716;2006-12-06 09:44:55.716;2006-09-19 23:12:50.441665767;130;64;16;26;24
2430;1;30;220;1165398735716;2006-12-06 09:52:15.716;2006-09-19 23:12:50.579443140;190;50;47;47;46
2431;1;30;220;1165399137716;2006-12-06 09:58:57.716;2006-09-19 23:12:50.705321557;190;52;47;47;44
2432;1;1120;2470;1165399277716;2006-12-06 10:01:17.716;2006-09-19 23:12:50.749159812;1350;479;269;334;268
2433;1;50;810;1165399305716;2006-12-06 10:01:45.716;2006-09-19 23:12:50.757927463;760;370;138;145;107
2434;5;20;1300;1165431773716;2006-12-06 19:02:53.716;2006-09-19 23:13:00.924645043;1280;293;320;320;347
2435;2;50;910;1165433860716;2006-12-06 19:37:40.716;2006-09-19 23:13:01.578148171;860;313;195;187;165
2436;5;30;1300;1165434621716;2006-12-06 19:50:21.716;2006-09-19 23:13:01.816440400;1270;443;290;301;236
2437;1;30;220;1165436458716;2006-12-06 20:20:58.716;2006-09-19 23:13:02.391660931;190;67;41;44;38
2438;5;30;1300;1165439131716;2006-12-06 21:05:31.716;2006-09-19 23:13:03.228658470;1270;534;252;243;241
2439;1;10;50;1165439625716;2006-12-06 21:13:45.716;2006-09-19 23:13:03.383344883;40;17;10;10;3
2440;5;20;1300;1165440962716;2006-12-06 21:36:02.716;2006-09-19 23:13:03.802000218;1280;338;320;320;302
2441;5;20;1300;1165445489716;2006-12-06 22:51:29.716;2006-09-19 23:13:05.219541504;1280;365;320;320;275
2442;1;510;1150;1165446450716;2006-12-06 23:07:30.716;2006-09-19 23:13:05.520459811;640;306;48;159;127
2443;5;20;1290;1165447559716;2006-12-06 23:25:59.716;2006-09-19 23:13:05.867721416;1270;528;198;309;235
2444;1;40;100;1165448771716;2006-12-06 23:46:11.716;2006-09-19 23:13:06.247235452;60;24;15;14;7
2445;1;50;110;1165449170716;2006-12-06 23:52:50.716;2006-09-19 23:13:06.372174479;60;20;15;15;10
2446;5;30;1300;1165449592716;2006-12-06 23:59:52.716;2006-09-19 23:13:06.504315504;1270;374;317;317;262
2447;1;100;820;1165450036716;2006-12-07 00:07:16.716;2006-09-19 23:13:06.643345398;720;162;180;180;198
2448;1;20;50;1165450232716;2006-12-07 00:10:32.716;2006-09-19 23:13:06.704718955;30;9;7;7;7
2449;1;10;30;1165450851716;2006-12-07 00:20:51.716;2006-09-19 23:13:06.898546668;20;9;5;3;3
2450;1;50;290;1165451086716;2006-12-07 00:24:46.716;2006-09-19 23:13:06.972132310;240;100;60;35;45
2451;5;30;1300;1165452225716;2006-12-07 00:43:45.716;2006-09-19 23:13:07.328787827;1270;539;168;309;254
2452;1;10;30;1165454235716;2006-12-07 01:17:15.716;2006-09-19 23:13:07.958179916;20;7;4;5;4
2453;1;20;90;1165454627716;2006-12-07 01:23:47.716;2006-09-19 23:13:08.080927030;70;27;14;15;14
2454;5;30;1300;1165454955716;2006-12-07 01:29:15.716;2006-09-19 23:13:08.183633798;1270;480;277;272;241
2455;1;20;160;1165456696716;2006-12-07 01:58:16.716;2006-09-19 23:13:08.728793811;140;57;28;30;25
2456;5;30;1300;1165457573716;2006-12-07 02:12:53.716;2006-09-19 23:13:09.003409166;1270;321;317;317;315
2457;1;20;290;1165458845716;2006-12-07 02:34:05.716;2006-09-19 23:13:09.401711025;270;61;67;67;75
2458;1;20;180;1165459731716;2006-12-07 02:48:51.716;2006-09-19 23:13:09.679144552;160;33;40;40;47
2459;1;10;10;1165517960716;2006-12-07 18:59:20.716;2006-09-19 23:13:27.912414169;0;0;0;0;0
2460;1;20;400;1165519002716;2006-12-07 19:16:42.716;2006-09-19 23:13:28.238696038;380;180;69;70;61
2461;5;30;1300;1165519976716;2006-12-07 19:32:56.716;2006-09-19 23:13:28.543685040;1270;315;317;317;321
2462;1;20;340;1165523214716;2006-12-07 20:26:54.716;2006-09-19 23:13:29.557601251;320;111;78;78;53
2463;2;50;910;1165523681716;2006-12-07 20:34:41.716;2006-09-19 23:13:29.703833144;860;206;215;215;224
2464;2;50;910;1165525027716;2006-12-07 20:57:07.716;2006-09-19 23:13:30.125306652;860;235;215;215;195
2465;1;50;110;1165526318716;2006-12-07 21:18:38.716;2006-09-19 23:13:30.529557989;60;25;9;14;12
2466;1;50;110;1165526878716;2006-12-07 21:27:58.716;2006-09-19 23:13:30.704911009;60;16;15;15;14
2467;5;20;1300;1165530314716;2006-12-07 22:25:14.716;2006-09-19 23:13:31.780827037;1280;559;164;305;252
2468;1;20;50;1165533847716;2006-12-07 23:24:07.716;2006-09-19 23:13:32.887116713;30;8;7;7;8
2469;1;20;240;1165535201716;2006-12-07 23:46:41.716;2006-09-19 23:13:33.311095264;220;87;34;55;44
2470;1;50;110;1165541809716;2006-12-08 01:36:49.716;2006-09-19 23:13:35.380260897;60;20;13;15;12
2471;2;30;540;1165548434716;2006-12-08 03:27:14.716;2006-09-19 23:13:37.454749746;510;238;110;94;68
2472;1;50;50;1165549436716;2006-12-08 03:43:56.716;2006-09-19 23:13:37.768506400;0;0;0;0;0
2473;1;10;20;1165549628716;2006-12-08 03:47:08.716;2006-09-19 23:13:37.828627435;10;2;2;2;4
2474;1;50;50;1165549755716;2006-12-08 03:49:15.716;2006-09-19 23:13:37.868394995;0;0;0;0;0
2475;2;50;910;1165623421716;2006-12-09 00:17:01.716;2006-09-19 23:14:00.935458479;860;387;150;158;165
2476;1;50;50;1165625546716;2006-12-09 00:52:26.716;2006-09-19 23:14:01.600860563;0;0;0;0;0
2477;1;50;50;1165626567716;2006-12-09 01:09:27.716;2006-09-19 23:14:01.920566693;0;0;0;0;0
2478;1;50;50;1165626845716;2006-12-09 01:14:05.716;2006-09-19 23:14:02.007616942;0;0;0;0;0
2479;2;50;910;1165629813716;2006-12-09 02:03:33.716;2006-09-19 23:14:02.936987947;860;247;215;215;183
2480;1;50;50;1165631344716;2006-12-09 02:29:04.716;2006-09-19 23:14:03.416390577;0;0;0;0;0
2481;1;50;50;1165631509716;2006-12-09 02:31:49.716;2006-09-19 23:14:03.468057092;0;0;0;0;0
2482;1;50;50;1165633199716;2006-12-09 02:59:59.716;2006-09-19 23:14:03.997247455;0;0;0;0;0
2483;1;50;50;1165633393716;2006-12-09 03:03:13.716;2006-09-19 23:14:04.057994751;0;0;0;0;0
2484;1;10;50;1165645800716;2006-12-09 06:30:00.716;2006-09-19 23:14:07.943003530;40;16;8;9;7
2485;1;10;50;1165645998716;2006-12-09 06:33:18.716;2006-09-19 23:14:08.005003347;40;11;10;10;9
2486;2;50;910;1165723753716;2006-12-10 04:09:13.716;2006-09-19 23:14:32.352457006;860;264;214;214;168
2487;2;50;910;1165724948716;2006-12-10 04:29:08.716;2006-09-19 23:14:32.726647825;860;209;215;215;221
2488;1;50;50;1165727817716;2006-12-10 05:16:57.716;2006-09-19 23:14:33.625018920;0;0;0;0;0
2489;1;50;50;1165728527716;2006-12-10 05:28:47.716;2006-09-19 23:14:33.847341499;0;0;0;0;0
2490;2;50;910;1165731290716;2006-12-10 06:14:50.716;2006-09-19 23:14:34.712520773;860;328;195;168;169
2491;2;40;740;1165785074716;2006-12-10 21:11:14.716;2006-09-19 23:14:51.553925796;700;194;175;175;156
2492;1;20;330;1165788248716;2006-12-10 22:04:08.716;2006-09-19 23:14:52.547801661;310;132;66;77;35
2493;1;20;410;1165788579716;2006-12-10 22:09:39.716;2006-09-19 23:14:52.651447821;390;81;97;97;115
2494;1;50;50;1165801494716;2006-12-11 01:44:54.716;2006-09-19 23:14:56.695526839;0;0;0;0;0
2495;2;40;740;1165807807716;2006-12-11 03:30:07.716;2006-09-19 23:14:58.672319006;700;289;171;144;96
2496;1;10;30;1165812042716;2006-12-11 04:40:42.716;2006-09-19 23:14:59.998426217;20;6;5;5;4
2497;1;20;50;1165812443716;2006-12-11 04:47:23.716;2006-09-19 23:15:00.123991505;30;11;7;7;5
2498;1;40;110;1165812655716;2006-12-11 04:50:55.716;2006-09-19 23:15:00.190375148;70;15;17;17;21
2499;1;50;110;1165812984716;2006-12-11 04:56:24.716;2006-09-19 23:15:00.293395047;60;20;13;15;12
2500;1;10;10;1165814680716;2006-12-11 05:24:40.716;2006-09-19 23:15:00.824464192;0;0;0;0;0
2501;1;10;30;1165814848716;2006-12-11 05:27:28.716;2006-09-19 23:15:00.877070098;20;10;1;5;4
2502;1;10;30;1165814998716;2006-12-11 05:29:58.716;2006-09-19 23:15:00.924039657;20;5;5;5;5
2503;1;10;10;1165815164716;2006-12-11 05:32:44.716;2006-09-19 23:15:00.976019302;0;0;0;0;0
2504;1;10;10;1165815256716;2006-12-11 05:34:16.716;2006-09-19 23:15:01.004827298;0;0;0;0;0
2505;1;10;10;1165815383716;2006-12-11 05:36:23.716;2006-09-19 23:15:01.044594858;0;0;0;0;0
2506;1;10;10;1165815487716;2006-12-11 05:38:07.716;2006-09-19 23:15:01.077160419;0;0;0;0;0
2507;1;10;10;1165815760716;2006-12-11 05:42:40.716;2006-09-19 23:15:01.162645016;0;0;0;0;0
2508;1;10;10;1165815923716;2006-12-11 05:45:23.716;2006-09-19 23:15:01.213685270;0;0;0;0;0
2509;1;20;50;1165816048716;2006-12-11 05:47:28.716;2006-09-19 23:15:01.252826569;30;6;7;7;10
2510;1;10;30;1165816263716;2006-12-11 05:51:03.716;2006-09-19 23:15:01.320149603;20;8;4;5;3
2511;1;50;110;1165816440716;2006-12-11 05:54:00.716;2006-09-19 23:15:01.375573683;60;19;14;15;12
2512;1;10;30;1165816871716;2006-12-11 06:01:11.716;2006-09-19 23:15:01.510532882;20;7;5;4;4
2513;1;50;110;1165817258716;2006-12-11 06:07:38.716;2006-09-19 23:15:01.631714344;60;24;9;15;12
2514;1;40;80;1165817681716;2006-12-11 06:14:41.716;2006-09-19 23:15:01.764168500;40;10;10;10;10
2515;1;50;290;1165818033716;2006-12-11 06:20:33.716;2006-09-19 23:15:01.874390398;240;87;58;49;46
2516;1;50;290;1165868625716;2006-12-11 20:23:45.716;2006-09-19 23:15:17.716283209;240;95;49;51;45
2517;1;20;180;1165970497716;2006-12-13 00:41:37.716;2006-09-19 23:15:49.615502540;160;80;20;40;20
2518;1;20;180;1165971128716;2006-12-13 00:52:08.716;2006-09-19 23:15:49.813087817;160;69;35;37;19
2519;1;20;180;1166037389716;2006-12-13 19:16:29.716;2006-09-19 23:16:10.561420746;160;80;15;35;30
2520;1;50;60;1166038016716;2006-12-13 19:26:56.716;2006-09-19 23:16:10.757753502;10;5;2;1;2
2521;1;10;10;1166039389716;2006-12-13 19:49:49.716;2006-09-19 23:16:11.187681531;0;0;0;0;0
2522;1;10;10;1166040005716;2006-12-13 20:00:05.716;2006-09-19 23:16:11.380569852;0;0;0;0;0
2523;1;10;10;1166133139716;2006-12-14 21:52:19.716;2006-09-19 23:16:40.543655815;0;0;0;0;0
2524;1;30;220;1166140377716;2006-12-14 23:52:57.716;2006-09-19 23:16:42.810093595;190;63;46;47;34
2525;1;30;220;1166140839716;2006-12-15 00:00:39.716;2006-09-19 23:16:42.954759836;190;86;28;43;33
2526;1;10;10;1166141086716;2006-12-15 00:04:46.716;2006-09-19 23:16:43.032103043;0;0;0;0;0
2527;1;50;290;1166142839716;2006-12-15 00:33:59.716;2006-09-19 23:16:43.581020621;240;56;60;60;64
2528;1;30;40;1166143189716;2006-12-15 00:39:49.716;2006-09-19 23:16:43.690616258;10;5;1;2;2
2529;1;10;10;1166144542716;2006-12-15 01:02:22.716;2006-09-19 23:16:44.114281679;0;0;0;0;0
2530;1;10;10;1166145457716;2006-12-15 01:17:37.716;2006-09-19 23:16:44.400795988;0;0;0;0;0
2531;1;150;150;1166145829716;2006-12-15 01:23:49.716;2006-09-19 23:16:44.517280494;0;0;0;0;0
2532;1;10;10;1166146572716;2006-12-15 01:36:12.716;2006-09-19 23:16:44.749936376;0;0;0;0;0
2533;1;10;40;1166147481716;2006-12-15 01:51:21.716;2006-09-19 23:16:45.034571902;30;6;7;7;10
2534;1;20;20;1166148593716;2006-12-15 02:09:53.716;2006-09-19 23:16:45.382772899;0;0;0;0;0
2535;1;20;170;1166149697716;2006-12-15 02:28:17.716;2006-09-19 23:16:45.728468852;150;70;29;27;24
2536;1;20;20;1166149979716;2006-12-15 02:32:59.716;2006-09-19 23:16:45.816771622;0;0;0;0;0
2537;1;110;110;1166150530716;2006-12-15 02:42:10.716;2006-09-19 23:16:45.989306469;0;0;0;0;0
2538;1;20;20;1166152526716;2006-12-15 03:15:26.716;2006-09-19 23:16:46.614314732;0;0;0;0;0
2539;1;40;40;1166152866716;2006-12-15 03:21:06.716;2006-09-19 23:16:46.720779065;0;0;0;0;0
2540;1;10;10;1166153253716;2006-12-15 03:27:33.716;2006-09-19 23:16:46.841960527;0;0;0;0;0
2541;1;60;130;1166153345716;2006-12-15 03:29:05.716;2006-09-19 23:16:46.870768523;70;22;17;17;14
2542;1;60;130;1166153834716;2006-12-15 03:37:14.716;2006-09-19 23:16:47.023889285;70;20;17;17;16
2543;1;40;400;1166211730716;2006-12-15 19:42:10.716;2006-09-19 23:17:05.152886481;360;84;90;90;96
2544;1;50;110;1166212493716;2006-12-15 19:54:53.716;2006-09-19 23:17:05.391804971;60;22;13;15;10
2545;1;10;10;1166213208716;2006-12-15 20:06:48.716;2006-09-19 23:17:05.615693201;0;0;0;0;0
2546;1;10;10;1166213376716;2006-12-15 20:09:36.716;2006-09-19 23:17:05.668299107;0;0;0;0;0
2547;1;40;400;1166214599716;2006-12-15 20:29:59.716;2006-09-19 23:17:06.051257577;360;148;50;90;72
2548;1;40;400;1166225839716;2006-12-15 23:37:19.716;2006-09-19 23:17:09.570843187;360;111;90;89;70
2549;1;50;110;1166228763716;2006-12-16 00:26:03.716;2006-09-19 23:17:10.486436455;60;23;14;15;8
2550;1;50;110;1166230525716;2006-12-16 00:55:25.716;2006-09-19 23:17:11.038172206;60;24;12;12;12
2551;1;10;10;1166231364716;2006-12-16 01:09:24.716;2006-09-19 23:17:11.300888605;0;0;0;0;0
2552;1;40;400;1166231538716;2006-12-16 01:12:18.716;2006-09-19 23:17:11.355373293;360;104;90;90;76
2553;1;10;10;1166232128716;2006-12-16 01:22:08.716;2006-09-19 23:17:11.540120225;0;0;0;0;0
2554;1;40;400;1166233107716;2006-12-16 01:38:27.716;2006-09-19 23:17:11.846674879;360;116;88;87;69
2555;1;50;410;1166233986716;2006-12-16 01:53:06.716;2006-09-19 23:17:12.121916494;360;140;65;83;72
2556;1;50;410;1166471742716;2006-12-18 19:55:42.716;2006-09-19 23:18:26.570546061;360;162;81;67;50
2557;2;50;910;1166472264716;2006-12-18 20:04:24.716;2006-09-19 23:18:26.734000126;860;329;190;191;150
2558;1;10;10;1166488983716;2006-12-19 00:43:03.716;2006-09-19 23:18:31.969227156;0;0;0;0;0
2559;1;50;110;1166489634716;2006-12-19 00:53:54.716;2006-09-19 23:18:32.173075042;60;28;8;13;11
2560;1;50;110;1166490127716;2006-12-19 01:02:07.716;2006-09-19 23:18:32.327448325;60;29;5;15;11
2561;1;50;110;1166490687716;2006-12-19 01:11:27.716;2006-09-19 23:18:32.502801345;60;12;15;15;18
2562;1;50;410;1166577744716;2006-12-20 01:22:24.716;2006-09-19 23:18:59.762993913;360;107;90;90;73
2563;1;50;410;1166578772716;2006-12-20 01:39:32.716;2006-09-19 23:19:00.084891956;360;153;81;72;54
2564;1;50;410;1166580326716;2006-12-20 02:05:26.716;2006-09-19 23:19:00.571496586;360;99;90;90;81
2565;7;50;3890;1166655306716;2006-12-20 22:55:06.716;2006-09-19 23:19:24.050013406;3840;1703;492;952;693
2566;1;50;410;1166661218716;2006-12-21 00:33:38.716;2006-09-19 23:19:25.901240285;360;86;90;90;94
2567;1;50;410;1166663361716;2006-12-21 01:09:21.716;2006-09-19 23:19:26.572278716;360;112;87;89;72
2568;1;10;10;1166664328716;2006-12-21 01:25:28.716;2006-09-19 23:19:26.875075806;0;0;0;0;0
2569;1;10;10;1166664800716;2006-12-21 01:33:20.716;2006-09-19 23:19:27.022873351;0;0;0;0;0
2570;1;50;410;1166665329716;2006-12-21 01:42:09.716;2006-09-19 23:19:27.188519328;360;100;90;90;80
2571;1;10;10;1166666032716;2006-12-21 01:53:52.716;2006-09-19 23:19:27.408649994;0;0;0;0;0
2572;1;50;110;1166666177716;2006-12-21 01:56:17.716;2006-09-19 23:19:27.454053901;60;20;14;15;11
2573;1;50;410;1166666452716;2006-12-21 02:00:52.716;2006-09-19 23:19:27.540164759;360;122;86;89;63
2574;1;50;410;1166667172716;2006-12-21 02:12:52.716;2006-09-19 23:19:27.765618641;360;85;90;90;95
2575;1;20;180;1166778217716;2006-12-22 09:03:37.716;2006-09-19 23:20:02.537183062;160;49;39;40;32
2576;1;20;180;1166778616716;2006-12-22 09:10:16.716;2006-09-19 23:20:02.662122088;160;40;40;40;40
2577;1;20;180;1166778786716;2006-12-22 09:13:06.716;2006-09-19 23:20:02.715354255;160;70;20;39;31
2578;1;50;60;1166779125716;2006-12-22 09:18:45.716;2006-09-19 23:20:02.821505458;10;4;2;2;2
2579;1;20;180;1166779544716;2006-12-22 09:25:44.716;2006-09-19 23:20:02.952707092;160;33;40;40;47
2580;1;20;180;1166780422716;2006-12-22 09:40:22.716;2006-09-19 23:20:03.227635577;160;60;33;37;30
2581;1;20;180;1166781143716;2006-12-22 09:52:23.716;2006-09-19 23:20:03.453402590;160;47;40;40;33
2582;1;20;180;1166789865716;2006-12-22 12:17:45.716;2006-09-19 23:20:06.184525872;160;61;34;34;31
2583;1;20;180;1166790316716;2006-12-22 12:25:16.716;2006-09-19 23:20:06.325747679;160;48;40;40;32
2584;1;20;180;1166872644716;2006-12-23 11:17:24.716;2006-09-19 23:20:32.105146622;160;72;27;31;30
2585;1;50;60;1166873177716;2006-12-23 11:26:17.716;2006-09-19 23:20:32.272045121;10;4;2;2;2
2586;1;20;180;1166955523716;2006-12-24 10:18:43.716;2006-09-19 23:20:58.057080411;160;32;40;40;48
2587;1;20;40;1166973263716;2006-12-24 15:14:23.716;2006-09-19 23:21:03.612013571;20;10;5;2;3
2588;1;50;60;1167118881716;2006-12-26 07:41:21.716;2006-09-19 23:21:49.209435047;10;2;2;2;4
2589;1;20;180;1167801619716;2007-01-03 05:20:19.716;2006-09-19 23:25:22.995452870;160;52;36;40;32
2590;1;50;60;1167804130716;2007-01-03 06:02:10.716;2006-09-19 23:25:23.781723285;10;4;2;2;2
2591;1;30;40;1168291144716;2007-01-08 21:19:04.716;2006-09-19 23:27:56.280608193;10;4;2;2;2
2592;1;10;10;1168379492716;2007-01-09 21:51:32.716;2006-09-19 23:28:23.945052098;0;0;0;0;0
2593;3;80;1390;1168379821716;2007-01-09 21:57:01.716;2006-09-19 23:28:24.048071997;1310;540;218;317;235
2594;3;80;1390;1168384553716;2007-01-09 23:15:53.716;2006-09-19 23:28:25.529805014;1310;538;289;238;245
2595;3;80;1390;1168388613716;2007-01-10 00:23:33.716;2006-09-19 23:28:26.801114407;1310;360;327;327;296
2596;1;50;410;1168456278716;2007-01-10 19:11:18.716;2006-09-19 23:28:47.989082406;360;116;88;84;72
2597;1;20;340;1168465249716;2007-01-10 21:40:49.716;2006-09-19 23:28:50.798175156;320;116;65;76;63
2598;1;10;250;1168465633716;2007-01-10 21:47:13.716;2006-09-19 23:28:50.918417227;240;77;58;60;45
2599;2;10;660;1168465830716;2007-01-10 21:50:30.716;2006-09-19 23:28:50.980103914;650;227;162;133;128
2600;1;10;10;1168466227716;2007-01-10 21:57:07.716;2006-09-19 23:28:51.104416680;0;0;0;0;0
2601;8;20;2120;1168475610716;2007-01-11 00:33:30.716;2006-09-19 23:28:54.042519152;2100;614;525;525;436
2602;3;10;820;1168479623716;2007-01-11 01:40:23.716;2006-09-19 23:28:55.299111416;810;317;172;173;148
2603;8;20;2270;1168480073716;2007-01-11 01:47:53.716;2006-09-19 23:28:55.440020093;2250;490;562;562;636
2604;1;60;130;1168548606716;2007-01-11 20:50:06.716;2006-09-19 23:29:16.899785273;70;21;17;17;15
2605;1;60;130;1168551413716;2007-01-11 21:36:53.716;2006-09-19 23:29:17.778742284;70;24;16;16;14
2606;6;20;1740;1168553695716;2007-01-11 22:14:55.716;2006-09-19 23:29:18.493305840;1720;461;430;430;399
2607;8;20;2220;1168557469716;2007-01-11 23:17:49.716;2006-09-19 23:29:19.675059940;2200;1051;538;337;274
2608;7;30;2020;1168571140716;2007-01-12 03:05:40.716;2006-09-19 23:29:23.955865534;1990;687;463;469;371
2609;3;20;950;1168633760716;2007-01-12 20:29:20.716;2006-09-19 23:29:43.564090704;930;192;232;232;274
2610;1;20;200;1168635001716;2007-01-12 20:50:01.716;2006-09-19 23:29:43.952685521;180;39;45;45;51
2611;7;20;2010;1168635959716;2007-01-12 21:05:59.716;2006-09-19 23:29:44.252664437;1990;818;332;442;398
2612;1;10;10;1168636144716;2007-01-12 21:09:04.716;2006-09-19 23:29:44.310593560;0;0;0;0;0
2613;1;50;760;1168636220716;2007-01-12 21:10:20.716;2006-09-19 23:29:44.334391470;710;334;103;150;123
2614;1;10;80;1168647082716;2007-01-13 00:11:22.716;2006-09-19 23:29:47.735613791;70;32;16;9;13
2615;1;10;160;1168647528716;2007-01-13 00:18:48.716;2006-09-19 23:29:47.875269946;150;57;28;37;28
2616;1;60;410;1168647758716;2007-01-13 00:22:38.716;2006-09-19 23:29:47.947289937;350;164;55;71;60
2617;1;10;160;1168647777716;2007-01-13 00:22:57.716;2006-09-19 23:29:47.953239414;150;67;20;34;29
2618;1;60;130;1168650142716;2007-01-13 01:02:22.716;2006-09-19 23:29:48.693792792;70;29;13;17;11
2619;1;30;30;1168650307716;2007-01-13 01:05:07.716;2006-09-19 23:29:48.745459307;0;0;0;0;0
2620;7;30;2020;1168650661716;2007-01-13 01:11:01.716;2006-09-19 23:29:48.856307466;1990;601;495;496;398
2621;1;50;110;1168651252716;2007-01-13 01:20:52.716;2006-09-19 23:29:49.041367528;60;15;15;15;15
2622;1;10;10;1168651843716;2007-01-13 01:30:43.716;2006-09-19 23:29:49.226427589;0;0;0;0;0
2623;1;10;10;1168652018716;2007-01-13 01:33:38.716;2006-09-19 23:29:49.281225408;0;0;0;0;0
2624;1;50;290;1168652189716;2007-01-13 01:36:29.716;2006-09-19 23:29:49.334770705;240;97;39;58;46
2625;1;50;540;1168653353716;2007-01-13 01:55:53.716;2006-09-19 23:29:49.699254482;490;164;116;115;95
2626;1;20;90;1168653712716;2007-01-13 02:01:52.716;2006-09-19 23:29:49.811668293;70;27;17;14;12
2627;1;10;10;1168654546716;2007-01-13 02:15:46.716;2006-09-19 23:29:50.072819040;0;0;0;0;0
2628;1;10;10;1168654668716;2007-01-13 02:17:48.716;2006-09-19 23:29:50.111020948;0;0;0;0;0
2629;1;10;10;1168654883716;2007-01-13 02:21:23.716;2006-09-19 23:29:50.178343982;0;0;0;0;0
2630;1;10;10;1168655074716;2007-01-13 02:24:34.716;2006-09-19 23:29:50.238151887;0;0;0;0;0
2631;1;10;10;1168655861716;2007-01-13 02:37:41.716;2006-09-19 23:29:50.484585506;0;0;0;0;0
2632;1;20;150;1168656431716;2007-01-13 02:47:11.716;2006-09-19 23:29:50.663069830;130;52;29;25;24
2633;7;20;2010;1168890746716;2007-01-15 19:52:26.716;2006-09-19 23:31:04.034217717;1990;659;494;453;384
2634;7;30;2020;1168908599716;2007-01-16 00:49:59.716;2006-09-19 23:31:09.624534612;1990;642;482;477;389
2635;4;20;1210;1168912495716;2007-01-16 01:54:55.716;2006-09-19 23:31:10.844490621;1190;359;296;297;238
2636;1;30;40;1168991102716;2007-01-16 23:45:02.716;2006-09-19 23:31:35.458731373;10;2;2;2;4
2637;1;80;670;1168991280716;2007-01-16 23:48:00.716;2006-09-19 23:31:35.514468583;590;287;138;81;84
2638;1;30;40;1168991410716;2007-01-16 23:50:10.716;2006-09-19 23:31:35.555175534;10;4;2;2;2
2639;2;80;700;1168992400716;2007-01-17 00:06:40.716;2006-09-19 23:31:35.865174623;620;257;151;105;107
2640;1;10;10;1168993660716;2007-01-17 00:27:40.716;2006-09-19 23:31:36.259718917;0;0;0;0;0
2641;1;10;10;1168994096716;2007-01-17 00:34:56.716;2006-09-19 23:31:36.396243768;0;0;0;0;0
2642;1;10;10;1168994542716;2007-01-17 00:42:22.716;2006-09-19 23:31:36.535899923;0;0;0;0;0
2643;1;80;720;1168994693716;2007-01-17 00:44:53.716;2006-09-19 23:31:36.583182612;640;240;140;144;116
2644;1;10;30;1168994983716;2007-01-17 00:49:43.716;2006-09-19 23:31:36.673990426;20;6;5;5;4
2645;1;10;30;1168995194716;2007-01-17 00:53:14.716;2006-09-19 23:31:36.740060939;20;10;4;2;4
2646;1;80;430;1168995825716;2007-01-17 01:03:45.716;2006-09-19 23:31:36.937646216;350;165;75;61;49
2647;1;10;10;1168996640716;2007-01-17 01:17:20.716;2006-09-19 23:31:37.192847486;0;0;0;0;0
2648;1;80;480;1168997092716;2007-01-17 01:24:52.716;2006-09-19 23:31:37.334382424;400;147;77;100;76
2649;3;80;1390;1168998884716;2007-01-17 01:54:44.716;2006-09-19 23:31:37.895512087;1310;566;295;295;154
2650;1;30;40;1168999247716;2007-01-17 02:00:47.716;2006-09-19 23:31:38.009178419;10;3;2;2;3
2651;1;30;40;1168999565716;2007-01-17 02:06:05.716;2006-09-19 23:31:38.108753884;10;2;2;2;4
2652;3;80;1400;1168999984716;2007-01-17 02:13:04.716;2006-09-19 23:31:38.239955518;1320;642;170;294;214
2653;1;30;40;1169002209716;2007-01-17 02:50:09.716;2006-09-19 23:31:38.936670641;10;4;2;2;2
2654;3;80;1400;1169002683716;2007-01-17 02:58:03.716;2006-09-19 23:31:39.085094447;1320;305;330;330;355
2655;1;30;40;1169002731716;2007-01-17 02:58:51.716;2006-09-19 23:31:39.100124706;10;3;2;2;3
2656;3;80;1390;1169006707716;2007-01-17 04:05:07.716;2006-09-19 23:31:40.345131146;1310;370;327;327;286
2657;3;80;1390;1169009701716;2007-01-17 04:55:01.716;2006-09-19 23:31:41.282643541;1310;312;327;327;344
2658;1;60;130;1169060449716;2007-01-17 19:00:49.716;2006-09-19 23:31:57.173384693;70;30;13;16;11
2659;2;10;460;1169060769716;2007-01-17 19:06:09.716;2006-09-19 23:31:57.273586418;450;110;112;112;116
2660;1;40;610;1169061603716;2007-01-17 19:20:03.716;2006-09-19 23:31:57.534737166;570;157;142;142;129
2661;3;80;1390;1169062095716;2007-01-17 19:28:15.716;2006-09-19 23:31:57.688797319;1310;400;327;324;259
2662;3;80;1390;1169062136716;2007-01-17 19:28:56.716;2006-09-19 23:31:57.701635665;1310;646;166;298;200
2663;3;80;1400;1169063595716;2007-01-17 19:53:15.716;2006-09-19 23:31:58.158492907;1320;543;307;304;166
2664;1;60;130;1169063675716;2007-01-17 19:54:35.716;2006-09-19 23:31:58.183543338;70;26;14;16;14
2665;1;80;990;1169064281716;2007-01-17 20:04:41.716;2006-09-19 23:31:58.373300356;910;454;145;210;101
2666;3;80;1390;1169064664716;2007-01-17 20:11:04.716;2006-09-19 23:31:58.493229297;1310;365;327;327;291
2667;1;80;990;1169068208716;2007-01-17 21:10:08.716;2006-09-19 23:31:59.602963407;910;395;226;130;159
2668;1;10;10;1169068318716;2007-01-17 21:11:58.716;2006-09-19 23:31:59.637407750;0;0;0;0;0
2669;1;10;10;1169068584716;2007-01-17 21:16:24.716;2006-09-19 23:31:59.720700435;0;0;0;0;0
2670;1;80;2430;1169071019716;2007-01-17 21:56:59.716;2006-09-19 23:32:00.483172940;2350;634;587;587;542
2671;5;60;8110;1169074893716;2007-01-17 23:01:33.716;2006-09-19 23:32:01.696240080;8050;2608;1904;1935;1603
2672;1;20;110;1169078230716;2007-01-17 23:57:10.716;2006-09-19 23:32:02.741156199;90;45;9;18;18
2673;1;50;290;1169078442716;2007-01-18 00:00:42.716;2006-09-19 23:32:02.807539843;240;83;54;57;46
2674;1;10;10;1169089379716;2007-01-18 03:02:59.716;2006-09-19 23:32:06.232246944;0;0;0;0;0
2675;3;80;4830;1169089954716;2007-01-18 03:12:34.716;2006-09-19 23:32:06.412296919;4750;1013;1187;1187;1363
2676;1;50;290;1169090545716;2007-01-18 03:22:25.716;2006-09-19 23:32:06.597356981;240;58;60;60;62
2677;3;80;1390;1169149342716;2007-01-18 19:42:22.716;2006-09-19 23:32:25.008484661;1310;571;322;201;216
2678;1;20;60;1169150070716;2007-01-18 19:54:30.716;2006-09-19 23:32:25.236443587;40;19;8;9;4
2679;1;20;30;1169150588716;2007-01-18 20:03:08.716;2006-09-19 23:32:25.398645130;10;3;2;2;3
2680;1;20;40;1169151018716;2007-01-18 20:10:18.716;2006-09-19 23:32:25.533291199;20;6;5;5;4
2681;3;80;1390;1169152114716;2007-01-18 20:28:34.716;2006-09-19 23:32:25.876482109;1310;266;327;327;390
2682;1;10;160;1169156643716;2007-01-18 21:44:03.716;2006-09-19 23:32:27.294649656;150;46;37;37;30
2683;1;10;40;1169156733716;2007-01-18 21:45:33.716;2006-09-19 23:32:27.322831391;30;13;7;4;6
2684;1;10;160;1169156979716;2007-01-18 21:49:39.716;2006-09-19 23:32:27.399861468;150;75;33;23;19
2685;3;80;1400;1169157230716;2007-01-18 21:53:50.716;2006-09-19 23:32:27.478457196;1320;333;330;330;327
2686;1;10;160;1169158186716;2007-01-18 22:09:46.716;2006-09-19 23:32:27.777809851;150;46;37;37;30
2687;1;10;160;1169158724716;2007-01-18 22:18:44.716;2006-09-19 23:32:27.946274003;150;48;36;37;29
2688;1;10;160;1169159595716;2007-01-18 22:33:15.716;2006-09-19 23:32:28.219010574;150;73;21;29;27
2689;1;10;170;1169159765716;2007-01-18 22:36:05.716;2006-09-19 23:32:28.272242741;160;63;30;36;31
2690;1;20;170;1169159876716;2007-01-18 22:37:56.716;2006-09-19 23:32:28.307000215;150;65;23;34;28
2691;1;20;250;1169160167716;2007-01-18 22:42:47.716;2006-09-19 23:32:28.398121159;230;78;56;56;40
2692;1;20;170;1169160250716;2007-01-18 22:44:10.716;2006-09-19 23:32:28.424110981;150;44;37;37;32
2693;1;20;170;1169160457716;2007-01-18 22:47:37.716;2006-09-19 23:32:28.488928972;150;56;37;35;22
2694;1;10;160;1169160610716;2007-01-18 22:50:10.716;2006-09-19 23:32:28.536837923;150;46;37;37;30
2695;1;20;170;1169160789716;2007-01-18 22:53:09.716;2006-09-19 23:32:28.592888263;150;43;37;37;33
2696;1;20;170;1169160921716;2007-01-18 22:55:21.716;2006-09-19 23:32:28.634221475;150;56;28;37;29
2697;1;20;170;1169161902716;2007-01-18 23:11:42.716;2006-09-19 23:32:28.941402389;150;33;37;37;43
2698;1;10;160;1169162245716;2007-01-18 23:17:25.716;2006-09-19 23:32:29.048806114;150;36;37;37;40
2699;1;20;170;1169162320716;2007-01-18 23:18:40.716;2006-09-19 23:32:29.072290893;150;74;11;37;28
2700;1;20;170;1169162660716;2007-01-18 23:24:20.716;2006-09-19 23:32:29.178755227;150;38;37;37;38
2701;1;10;160;1169162967716;2007-01-18 23:29:27.716;2006-09-19 23:32:29.274886257;150;37;37;37;39
2702;1;10;30;1169163561716;2007-01-18 23:39:21.716;2006-09-19 23:32:29.460885710;20;7;4;5;4
2703;1;20;330;1169163628716;2007-01-18 23:40:28.716;2006-09-19 23:32:29.481865447;310;142;45;77;46
2704;3;80;1390;1169164318716;2007-01-18 23:51:58.716;2006-09-19 23:32:29.697925417;1310;486;306;274;244
2705;1;10;10;1169167337716;2007-01-19 00:42:17.716;2006-09-19 23:32:30.643266072;0;0;0;0;0
2706;3;80;1390;1169177933716;2007-01-19 03:38:53.716;2006-09-19 23:32:33.961195709;1310;324;327;327;332
2707;1;60;130;1169242379716;2007-01-19 21:32:59.716;2006-09-19 23:32:54.141196976;70;19;17;17;17
2708;1;50;410;1169242666716;2007-01-19 21:37:46.716;2006-09-19 23:32:54.231065399;360;138;86;68;68
2709;2;50;910;1169243215716;2007-01-19 21:46:55.716;2006-09-19 23:32:54.402973984;860;184;215;215;246
2710;1;60;130;1169666650716;2007-01-24 19:24:10.716;2006-09-19 23:35:06.993341676;70;28;16;16;10
2711;7;50;3890;1169684582716;2007-01-25 00:23:02.716;2006-09-19 23:35:12.608395871;3840;1054;960;960;866
2712;1;80;990;1169687831716;2007-01-25 01:17:11.716;2006-09-19 23:35:13.625756516;910;389;225;209;87
2713;1;60;130;1169843365716;2007-01-26 20:29:25.716;2006-09-19 23:36:02.328178963;70;35;16;10;9
2714;7;20;1950;1169844060716;2007-01-26 20:41:00.716;2006-09-19 23:36:02.545804585;1930;951;408;310;261
2715;1;80;140;1169847422716;2007-01-26 21:37:02.716;2006-09-19 23:36:03.598548964;60;27;7;14;12
2716;1;10;20;1169848417716;2007-01-26 21:53:37.716;2006-09-19 23:36:03.910113705;10;5;1;2;2
2717;1;10;20;1169848621716;2007-01-26 21:57:01.716;2006-09-19 23:36:03.973992305;10;5;2;1;2
2718;1;10;80;1169857018716;2007-01-27 00:16:58.716;2006-09-19 23:36:06.603348210;70;28;13;17;12
2719;1;10;50;1170104630716;2007-01-29 21:03:50.716;2006-09-19 23:37:24.138190924;40;9;10;10;11
2720;1;50;210;1170104993716;2007-01-29 21:09:53.716;2006-09-19 23:37:24.251857257;160;39;40;40;41
2721;3;40;3150;1170123130716;2007-01-30 02:12:10.716;2006-09-19 23:37:29.931103183;3110;1415;408;768;519
2722;3;40;3140;1170123724716;2007-01-30 02:22:04.716;2006-09-19 23:37:30.117102636;3100;946;765;771;618
2723;1;80;140;1170126259716;2007-01-30 03:04:19.716;2006-09-19 23:37:30.910888181;60;12;15;15;18
2724;1;80;140;1170128157716;2007-01-30 03:35:57.716;2006-09-19 23:37:31.505209665;60;15;15;15;15
2725;3;10;1050;1170183922716;2007-01-30 19:05:22.716;2006-09-19 23:37:48.966925996;1040;232;260;260;288
2726;3;10;880;1170186991716;2007-01-30 19:56:31.716;2006-09-19 23:37:49.927923170;870;210;217;217;226
2727;3;40;3520;1170187479716;2007-01-30 20:04:39.716;2006-09-19 23:37:50.080730801;3480;696;870;870;1044
2728;3;50;3530;1170189034716;2007-01-30 20:30:34.716;2006-09-19 23:37:50.567648561;3480;1606;856;462;556
2729;1;10;100;1170190829716;2007-01-30 21:00:29.716;2006-09-19 23:37:51.129717616;90;25;22;22;21
2730;3;50;3210;1170192671716;2007-01-30 21:31:11.716;2006-09-19 23:37:51.706503798;3160;1279;646;730;505
2731;1;30;40;1170193061716;2007-01-30 21:37:41.716;2006-09-19 23:37:51.828624651;10;2;2;2;4
2732;1;30;40;1170193740716;2007-01-30 21:49:00.716;2006-09-19 23:37:52.041240188;10;4;2;2;2
2733;1;30;320;1170205552716;2007-01-31 01:05:52.716;2006-09-19 23:37:55.739936383;290;58;72;72;88
2734;7;30;2010;1170208723716;2007-01-31 01:58:43.716;2006-09-19 23:37:56.732872857;1980;942;340;492;206
2735;1;10;10;1170287336716;2007-01-31 23:48:56.716;2006-09-19 23:38:21.348992392;0;0;0;0;0
2736;1;10;10;1170287678716;2007-01-31 23:54:38.716;2006-09-19 23:38:21.456082986;0;0;0;0;0
2737;1;10;10;1170288047716;2007-02-01 00:00:47.716;2006-09-19 23:38:21.571628101;0;0;0;0;0
2738;1;10;10;1170288345716;2007-02-01 00:05:45.716;2006-09-19 23:38:21.664940958;0;0;0;0;0
2739;1;10;10;1170289320716;2007-02-01 00:22:00.716;2006-09-19 23:38:21.970243090;0;0;0;0;0
2740;1;10;10;1170293056716;2007-02-01 01:24:16.716;2006-09-19 23:38:23.140098236;0;0;0;0;0
2741;1;10;10;1170293546716;2007-02-01 01:32:26.716;2006-09-19 23:38:23.293532128;0;0;0;0;0
2742;1;50;410;1170293651716;2007-02-01 01:34:11.716;2006-09-19 23:38:23.326410820;360;175;45;76;64
2743;1;50;410;1170294033716;2007-02-01 01:40:33.716;2006-09-19 23:38:23.446026630;360;105;90;90;75
2744;1;50;410;1170295120716;2007-02-01 01:58:40.716;2006-09-19 23:38:23.786399366;360;117;84;88;71
2745;1;50;410;1170363430716;2007-02-01 20:57:10.716;2006-09-19 23:38:45.176336469;360;166;69;63;62
2746;1;50;410;1170364420716;2007-02-01 21:13:40.716;2006-09-19 23:38:45.486335557;360;170;35;85;70
2747;1;50;410;1170371652716;2007-02-01 23:14:12.716;2006-09-19 23:38:47.750894555;360;85;90;90;95
2748;1;50;410;1170372837716;2007-02-01 23:33:57.716;2006-09-19 23:38:48.121954070;360;131;79;90;60
2749;1;60;130;1170381447716;2007-02-02 01:57:27.716;2006-09-19 23:38:50.818006748;70;15;17;17;21
2750;1;20;180;1170735265716;2007-02-06 04:14:25.716;2006-09-19 23:40:41.609175914;160;76;40;30;14
2751;1;60;130;1170874709716;2007-02-07 18:58:29.716;2006-09-19 23:41:25.273330347;70;19;17;17;17
2752;1;60;130;1170876035716;2007-02-07 19:20:35.716;2006-09-19 23:41:25.688541247;70;29;11;17;13
2753;1;60;130;1170894844716;2007-02-08 00:34:04.716;2006-09-19 23:41:31.578210797;70;30;15;12;13
2754;1;10;80;1170897001716;2007-02-08 01:10:01.716;2006-09-19 23:41:32.253633054;70;23;17;17;13
2755;1;60;130;1170897431716;2007-02-08 01:17:11.716;2006-09-19 23:41:32.388279123;70;19;17;17;17
2756;1;60;130;1170897574716;2007-02-08 01:19:34.716;2006-09-19 23:41:32.433056769;70;15;17;17;21
2757;1;60;130;1170898162716;2007-02-08 01:29:22.716;2006-09-19 23:41:32.617177439;70;15;17;17;21
2758;1;60;130;1170898899716;2007-02-08 01:41:39.716;2006-09-19 23:41:32.847954539;70;26;16;15;13
2759;1;60;130;1170899035716;2007-02-08 01:43:55.716;2006-09-19 23:41:32.890540272;70;20;17;17;16
2760;1;60;130;1170899152716;2007-02-08 01:45:52.716;2006-09-19 23:41:32.927176528;70;16;17;17;20
2761;1;10;10;1170899557716;2007-02-08 01:52:37.716;2006-09-19 23:41:33.053994337;0;0;0;0;0
2762;1;60;130;1170900238716;2007-02-08 02:03:58.716;2006-09-19 23:41:33.267236134;70;21;17;17;15
2763;1;60;130;1170900427716;2007-02-08 02:07:07.716;2006-09-19 23:41:33.326417778;70;27;17;14;12
2764;1;10;80;1170900863716;2007-02-08 02:14:23.716;2006-09-19 23:41:33.462942629;70;35;16;11;8
2765;1;60;130;1170901015716;2007-02-08 02:16:55.716;2006-09-19 23:41:33.510538449;70;34;11;11;14
2766;1;60;130;1170901391716;2007-02-08 02:23:11.716;2006-09-19 23:41:33.628275476;70;30;17;13;10
2767;1;10;10;1170901613716;2007-02-08 02:26:53.716;2006-09-19 23:41:33.697790423;0;0;0;0;0
2768;1;10;10;1170901669716;2007-02-08 02:27:49.716;2006-09-19 23:41:33.715325725;0;0;0;0;0
2769;1;10;10;1170901687716;2007-02-08 02:28:07.716;2006-09-19 23:41:33.720962072;0;0;0;0;0
2770;1;10;10;1170901741716;2007-02-08 02:29:01.716;2006-09-19 23:41:33.737871114;0;0;0;0;0
2771;1;10;10;1170902507716;2007-02-08 02:41:47.716;2006-09-19 23:41:33.977728994;0;0;0;0;0
2772;1;10;10;1170902580716;2007-02-08 02:43:00.716;2006-09-19 23:41:34.000587513;0;0;0;0;0
2773;1;60;130;1170902746716;2007-02-08 02:45:46.716;2006-09-19 23:41:34.052567158;70;26;17;15;12
2774;1;60;130;1170902933716;2007-02-08 02:48:53.716;2006-09-19 23:41:34.111122541;70;34;7;15;14
2775;1;20;90;1170905307716;2007-02-08 03:28:27.716;2006-09-19 23:41:34.854494093;70;35;4;17;14
2776;1;20;90;1170905716716;2007-02-08 03:35:16.716;2006-09-19 23:41:34.982564423;70;23;17;17;13
2777;1;20;90;1170905802716;2007-02-08 03:36:42.716;2006-09-19 23:41:35.009493637;70;21;17;17;15
2778;1;20;90;1170905892716;2007-02-08 03:38:12.716;2006-09-19 23:41:35.037675372;70;35;7;17;11
2779;1;20;90;1170960799716;2007-02-08 18:53:19.716;2006-09-19 23:41:52.230725826;70;31;9;17;13
2780;1;20;90;1170960974716;2007-02-08 18:56:14.716;2006-09-19 23:41:52.285523645;70;27;15;14;14
2781;1;20;90;1170961112716;2007-02-08 18:58:32.716;2006-09-19 23:41:52.328735639;70;28;16;17;9
2782;1;20;90;1170961121716;2007-02-08 18:58:41.716;2006-09-19 23:41:52.331553812;70;17;17;17;19
2783;1;10;10;1171295526716;2007-02-12 15:52:06.716;2006-09-19 23:43:37.043922672;0;0;0;0;0
2784;3;20;3150;1171311409716;2007-02-12 20:16:49.716;2006-09-19 23:43:42.017372694;3130;830;782;782;736
2785;1;60;130;1171312610716;2007-02-12 20:36:50.716;2006-09-19 23:43:42.393442295;70;21;17;17;15
2786;2;10;560;1171323274716;2007-02-12 23:34:34.716;2006-09-19 23:43:45.732664799;550;121;137;137;155
2787;2;20;1320;1171323621716;2007-02-12 23:40:21.716;2006-09-19 23:43:45.841321045;1300;378;325;325;272
2788;1;10;120;1171325220716;2007-02-13 00:07:00.716;2006-09-19 23:43:46.342016543;110;52;22;15;21
2789;1;10;380;1171325430716;2007-02-13 00:10:30.716;2006-09-19 23:43:46.407773925;370;155;82;69;64
2790;1;10;260;1171326162716;2007-02-13 00:22:42.716;2006-09-19 23:43:46.636985372;250;125;61;28;36
2791;1;10;260;1171326308716;2007-02-13 00:25:08.716;2006-09-19 23:43:46.682702409;250;106;62;48;34
2792;2;30;1090;1171327767716;2007-02-13 00:49:27.716;2006-09-19 23:43:47.139559652;1060;365;235;253;207
2793;2;20;730;1171330140716;2007-02-13 01:29:00.716;2006-09-19 23:43:47.882618073;710;350;127;140;93
2794;2;30;1000;1171331047716;2007-02-13 01:44:07.716;2006-09-19 23:43:48.166627339;970;457;210;177;126
2795;1;10;320;1171334524716;2007-02-13 02:42:04.716;2006-09-19 23:43:49.255381713;310;105;74;77;54
2796;1;10;320;1171335815716;2007-02-13 03:03:35.716;2006-09-19 23:43:49.659633050;310;126;63;67;54
2797;1;10;320;1171336241716;2007-02-13 03:10:41.716;2006-09-19 23:43:49.793026597;310;88;77;77;68
2798;2;10;610;1171337457716;2007-02-13 03:30:57.716;2006-09-19 23:43:50.173793154;600;281;92;110;117
2799;2;30;1150;1171338648716;2007-02-13 03:50:48.716;2006-09-19 23:43:50.546731451;1120;323;280;280;237
2800;2;20;680;1171340909716;2007-02-13 04:28:29.716;2006-09-19 23:43:51.254719268;660;213;164;153;130
2801;1;10;320;1171342688716;2007-02-13 04:58:08.716;2006-09-19 23:43:51.811778236;310;74;77;77;82
2802;1;10;340;1171344153716;2007-02-13 05:22:33.716;2006-09-19 23:43:52.270514261;330;148;82;39;61
2803;2;30;1110;1171345191716;2007-02-13 05:39:51.716;2006-09-19 23:43:52.595543608;1080;327;270;270;213
2804;1;10;370;1171349536716;2007-02-13 06:52:16.716;2006-09-19 23:43:53.956095163;360;122;80;86;72
2805;1;10;350;1171350223716;2007-02-13 07:03:43.716;2006-09-19 23:43:54.171215743;340;125;84;63;68
2806;2;20;830;1171398902716;2007-02-13 20:35:02.716;2006-09-19 23:44:09.414090113;810;221;202;202;185
2807;2;20;830;1171402106716;2007-02-13 21:28:26.716;2006-09-19 23:44:10.417359890;810;380;185;137;108
2808;2;10;420;1171403766716;2007-02-13 21:56:06.716;2006-09-19 23:44:10.937156341;410;91;102;102;115
2809;2;20;770;1171405058716;2007-02-13 22:17:38.716;2006-09-19 23:44:11.341720808;750;324;111;185;130
2810;1;10;280;1171418665716;2007-02-14 02:04:25.716;2006-09-19 23:44:15.602486057;270;74;67;67;62
2811;2;40;1640;1171419186716;2007-02-14 02:13:06.716;2006-09-19 23:44:15.765626992;1600;554;338;392;316
2812;1;10;160;1171426873716;2007-02-14 04:21:13.716;2006-09-19 23:44:18.172660318;150;62;32;36;20
2813;1;50;650;1171427338716;2007-02-14 04:28:58.716;2006-09-19 23:44:18.318265950;600;136;150;150;164
2814;1;60;130;1171484664716;2007-02-14 20:24:24.716;2006-09-19 23:44:36.268778823;70;17;17;17;19
2815;1;50;410;1171498701716;2007-02-15 00:18:21.716;2006-09-19 23:44:40.664190141;360;118;88;90;64
2816;1;50;410;1171499122716;2007-02-15 00:25:22.716;2006-09-19 23:44:40.796018036;360;92;90;90;88
2817;1;50;410;1171499908716;2007-02-15 00:38:28.716;2006-09-19 23:44:41.042138524;360;155;61;90;54
2818;1;50;410;1171499999716;2007-02-15 00:39:59.716;2006-09-19 23:44:41.070633390;360;83;90;90;97
2819;1;50;410;1171500312716;2007-02-15 00:45:12.716;2006-09-19 23:44:41.168643203;360;108;90;90;72
2820;1;50;410;1171500769716;2007-02-15 00:52:49.716;2006-09-19 23:44:41.311743792;360;113;85;90;72
2821;1;10;50;1171503259716;2007-02-15 01:34:19.716;2006-09-19 23:44:42.091438469;40;12;10;10;8
2822;1;10;50;1171505615716;2007-02-15 02:13:35.716;2006-09-19 23:44:42.829173673;40;13;10;9;8
2823;3;80;1390;1171506948716;2007-02-15 02:35:48.716;2006-09-19 23:44:43.246576486;1310;289;327;327;367
2824;3;80;1390;1171509230716;2007-02-15 03:13:50.716;2006-09-19 23:44:43.961140042;1310;302;327;327;354
2825;1;10;120;1171568533716;2007-02-15 19:42:13.716;2006-09-19 23:45:02.530711700;110;39;27;24;20
2826;1;50;490;1171569648716;2007-02-15 20:00:48.716;2006-09-19 23:45:02.879852088;440;192;109;57;82
2827;1;50;490;1171570257716;2007-02-15 20:10:57.716;2006-09-19 23:45:03.070548497;440;100;110;110;120
2828;1;10;120;1171571984716;2007-02-15 20:39:44.716;2006-09-19 23:45:03.611324684;110;39;26;27;18
2829;1;10;120;1171572207716;2007-02-15 20:43:27.716;2006-09-19 23:45:03.681152762;110;52;10;27;21
2830;1;50;210;1171572665716;2007-02-15 20:51:05.716;2006-09-19 23:45:03.824566482;160;40;40;40;40
2831;1;10;120;1171574346716;2007-02-15 21:19:06.716;2006-09-19 23:45:04.350938671;110;30;27;27;26
2832;3;50;3210;1171575230716;2007-02-15 21:33:50.716;2006-09-19 23:45:04.627745938;3160;797;790;790;783
2833;1;10;100;1171575781716;2007-02-15 21:43:01.716;2006-09-19 23:45:04.800280784;90;28;22;22;18
2834;1;40;810;1171576036716;2007-02-15 21:47:16.716;2006-09-19 23:45:04.880129034;770;207;192;192;179
2835;1;10;200;1171576406716;2007-02-15 21:53:26.716;2006-09-19 23:45:04.995987279;190;93;33;26;38
2836;1;10;40;1171577460716;2007-02-15 22:11:00.716;2006-09-19 23:45:05.326026713;30;9;7;7;7
2837;1;40;620;1171578238716;2007-02-15 22:23:58.716;2006-09-19 23:45:05.569642158;580;224;117;135;104
2838;2;40;2340;1171579895716;2007-02-15 22:51:35.716;2006-09-19 23:45:06.088499218;2300;621;575;575;529
2839;1;60;130;1171584316716;2007-02-16 00:05:16.716;2006-09-19 23:45:07.472848683;70;22;17;17;14
2840;1;10;200;1171585981716;2007-02-16 00:33:01.716;2006-09-19 23:45:07.994210786;190;61;47;46;36
2841;1;10;300;1171586888716;2007-02-16 00:48:08.716;2006-09-19 23:45:08.278220052;290;93;68;71;58
2842;1;10;100;1171587082716;2007-02-16 00:51:22.716;2006-09-19 23:45:08.338967348;90;45;10;20;15
2843;1;50;410;1171587710716;2007-02-16 01:01:50.716;2006-09-19 23:45:08.535613235;360;115;87;89;69
2844;1;10;100;1171587774716;2007-02-16 01:02:54.716;2006-09-19 23:45:08.555653580;90;25;22;22;21
2845;7;50;3890;1171587970716;2007-02-16 01:06:10.716;2006-09-19 23:45:08.617027137;3840;1589;960;587;704
2846;1;10;40;1171588532716;2007-02-16 01:15:32.716;2006-09-19 23:45:08.793006417;30;9;7;7;7
2847;1;10;160;1171589207716;2007-02-16 01:26:47.716;2006-09-19 23:45:09.004369432;150;50;36;36;28
2848;1;40;280;1171590262716;2007-02-16 01:44:22.716;2006-09-19 23:45:09.334721996;240;60;60;60;60
2849;1;30;160;1171590470716;2007-02-16 01:47:50.716;2006-09-19 23:45:09.399853118;130;35;32;32;31
2850;1;40;210;1171591653716;2007-02-16 02:07:33.716;2006-09-19 23:45:09.770286372;170;77;31;32;30
2851;1;10;80;1171592871716;2007-02-16 02:27:51.716;2006-09-19 23:45:10.151679190;70;23;17;16;14
2852;1;10;80;1171593432716;2007-02-16 02:37:12.716;2006-09-19 23:45:10.327345340;70;18;17;17;18
2853;3;40;2540;1171594127716;2007-02-16 02:48:47.716;2006-09-19 23:45:10.544970963;2500;601;625;625;649
2854;3;10;1500;1171598661716;2007-02-16 04:04:21.716;2006-09-19 23:45:11.964704162;1490;577;244;372;297
2855;3;50;3210;1171600233716;2007-02-16 04:30:33.716;2006-09-19 23:45:12.456945138;3160;1480;655;530;495
2856;1;40;1030;1171602559716;2007-02-16 05:09:19.716;2006-09-19 23:45:13.185286431;990;360;209;225;196
2857;1;50;490;1171603811716;2007-02-16 05:30:11.716;2006-09-19 23:45:13.577325682;440;198;60;105;77
2858;4;40;4330;1171654897716;2007-02-16 19:41:37.716;2006-09-19 23:45:29.573904907;4290;2063;832;707;688
2859;4;40;3040;1171657973716;2007-02-16 20:32:53.716;2006-09-19 23:45:30.537093994;3000;1008;741;710;541
2860;4;50;4330;1171661164716;2007-02-16 21:26:04.716;2006-09-19 23:45:31.536293076;4280;1713;870;905;792
2861;1;60;130;1171667696716;2007-02-16 23:14:56.716;2006-09-19 23:45:33.581660799;70;33;12;14;11
2862;4;20;1520;1171668205716;2007-02-16 23:23:25.716;2006-09-19 23:45:33.741044168;1500;571;300;345;284
2863;1;10;30;1171675944716;2007-02-17 01:32:24.716;2006-09-19 23:45:36.164360275;20;7;5;5;3
2864;1;10;110;1171676258716;2007-02-17 01:37:38.716;2006-09-19 23:45:36.262683218;100;46;18;24;12
2865;4;10;1490;1171677020716;2007-02-17 01:50:20.716;2006-09-19 23:45:36.501288577;1480;457;361;370;292
2866;1;10;10;1171678620716;2007-02-17 02:17:00.716;2006-09-19 23:45:37.002297205;0;0;0;0;0
2867;4;50;4330;1171679039716;2007-02-17 02:23:59.716;2006-09-19 23:45:37.133498839;4280;1520;866;1044;850
2868;1;50;730;1171681898716;2007-02-17 03:11:38.716;2006-09-19 23:45:38.028738631;680;192;170;170;148
2869;1;50;1290;1171686047716;2007-02-17 04:20:47.716;2006-09-19 23:45:39.327916629;1240;373;310;310;247
2870;1;50;1290;1171688129716;2007-02-17 04:55:29.716;2006-09-19 23:45:39.979854106;1240;455;269;303;213
2871;1;10;60;1171742384716;2007-02-17 19:59:44.716;2006-09-19 23:45:56.968743544;50;22;12;9;7
2872;1;10;340;1171743066716;2007-02-17 20:11:06.716;2006-09-19 23:45:57.182298471;330;116;74;81;59
2873;4;50;4010;1171743653716;2007-02-17 20:20:53.716;2006-09-19 23:45:57.366106012;3960;1016;990;990;964
2874;4;10;1790;1171746555716;2007-02-17 21:09:15.716;2006-09-19 23:45:58.274810410;1780;859;164;422;335
2875;1;10;180;1171747831716;2007-02-17 21:30:31.716;2006-09-19 23:45:58.674364791;170;37;42;42;49
2876;2;10;580;1171748279716;2007-02-17 21:37:59.716;2006-09-19 23:45:58.814647207;570;217;99;140;114
2877;1;10;180;1171748861716;2007-02-17 21:47:41.716;2006-09-19 23:45:58.996889095;170;74;21;42;33
2878;4;50;4010;1171749227716;2007-02-17 21:53:47.716;2006-09-19 23:45:59.111494819;3960;1203;987;989;781
2879;2;10;580;1171754472716;2007-02-17 23:21:12.716;2006-09-19 23:46:00.753863727;570;285;118;56;111
2880;2;10;580;1171755052716;2007-02-17 23:30:52.716;2006-09-19 23:46:00.935479354;570;203;118;135;114
2881;3;10;900;1171755396716;2007-02-17 23:36:36.716;2006-09-19 23:46:01.043196209;890;296;198;221;175
2882;2;10;680;1171756047716;2007-02-17 23:47:27.716;2006-09-19 23:46:01.247044095;670;311;132;107;120
2883;2;10;640;1171756377716;2007-02-17 23:52:57.716;2006-09-19 23:46:01.350377124;630;157;157;157;159
2884;4;20;1530;1171756853716;2007-02-18 00:00:53.716;2006-09-19 23:46:01.499427191;1510;329;377;377;427
2885;1;10;130;1171758633716;2007-02-18 00:30:33.716;2006-09-19 23:46:02.056799289;120;45;29;22;24
2886;4;50;4010;1171759029716;2007-02-18 00:37:09.716;2006-09-19 23:46:02.180798925;3960;1905;764;697;594
2887;4;50;4010;1171761475716;2007-02-18 01:17:55.716;2006-09-19 23:46:02.946715864;3960;1153;990;990;827
2888;4;50;4010;1171767903716;2007-02-18 03:05:03.716;2006-09-19 23:46:04.959518026;3960;817;990;990;1163
2889;4;50;4010;1171771105716;2007-02-18 03:58:25.716;2006-09-19 23:46:05.962161543;3960;1840;731;897;492
2890;4;50;4010;1171774288716;2007-02-18 04:51:28.716;2006-09-19 23:46:06.958855582;3960;1058;990;990;922
2891;4;50;4010;1171777393716;2007-02-18 05:43:13.716;2006-09-19 23:46:07.931125450;3960;1252;978;945;785
2892;4;50;4010;1171780066716;2007-02-18 06:27:46.716;2006-09-19 23:46:08.768122989;3960;1883;706;899;472
2893;4;50;4010;1171783281716;2007-02-18 07:21:21.716;2006-09-19 23:46:09.774837200;3960;1864;877;528;691
2894;4;50;4010;1171787156716;2007-02-18 08:25:56.716;2006-09-19 23:46:10.988217471;3960;1007;990;990;973
2895;1;230;250;1171804164716;2007-02-18 13:09:24.716;2006-09-19 23:46:16.313939184;20;9;5;2;4
2896;2;20;440;1171857783716;2007-02-19 04:03:03.716;2006-09-19 23:46:33.103677692;420;130;101;105;84
2897;1;50;410;1171858036716;2007-02-19 04:07:16.716;2006-09-19 23:46:33.182899682;360;117;82;90;71
2898;1;30;160;1171858489716;2007-02-19 04:14:49.716;2006-09-19 23:46:33.324747749;130;30;32;32;36
2899;1;50;810;1171858830716;2007-02-19 04:20:30.716;2006-09-19 23:46:33.431525213;760;235;186;187;152
2900;1;50;810;1171861486716;2007-02-19 05:04:46.716;2006-09-19 23:46:34.263199535;760;354;183;124;99
2901;1;20;180;1171933502716;2007-02-20 01:05:02.716;2006-09-19 23:46:56.813597872;160;64;29;37;30
2902;1;20;270;1171957450716;2007-02-20 07:44:10.716;2006-09-19 23:47:04.312444508;250;64;62;62;62
2903;4;10;1600;1171997627716;2007-02-20 18:53:47.716;2006-09-19 23:47:16.893084282;1590;541;394;394;261
2904;4;10;1490;1172000393716;2007-02-20 19:39:53.716;2006-09-19 23:47:17.759202948;1480;572;287;329;292
2905;4;10;1550;1172003404716;2007-02-20 20:30:04.716;2006-09-19 23:47:18.702038559;1540;697;187;369;287
2906;4;20;1830;1172005747716;2007-02-20 21:09:07.716;2006-09-19 23:47:19.435703068;1810;807;398;320;285
2907;1;10;280;1172007439716;2007-02-20 21:37:19.716;2006-09-19 23:47:19.965519692;270;127;67;34;42
2908;4;20;1600;1172018258716;2007-02-21 00:37:38.716;2006-09-19 23:47:23.353277407;1580;538;333;394;315
2909;1;10;90;1172020135716;2007-02-21 01:08:55.716;2006-09-19 23:47:23.941023154;80;21;20;20;19
2910;1;10;20;1172020818716;2007-02-21 01:20:18.716;2006-09-19 23:47:24.154891212;10;2;2;2;4
2911;1;10;20;1172025787716;2007-02-21 02:43:07.716;2006-09-19 23:47:25.710836131;10;5;2;1;2
2912;1;10;80;1172092559716;2007-02-21 21:15:59.716;2006-09-19 23:47:46.619178690;70;24;15;17;14
2913;2;10;640;1172106771716;2007-02-22 01:12:51.716;2006-09-19 23:47:51.069387827;630;200;148;156;126
2914;1;60;130;1172177926716;2007-02-22 20:58:46.716;2006-09-19 23:48:13.350180896;70;25;15;16;14
2915;1;20;40;1172194413716;2007-02-23 01:33:33.716;2006-09-19 23:48:18.512761675;20;7;4;5;4
2916;6;80;9650;1172195142716;2007-02-23 01:45:42.716;2006-09-19 23:48:18.741033731;9570;3189;2122;2370;1889
2917;5;60;6720;1172209361716;2007-02-23 05:42:41.716;2006-09-19 23:48:23.193434780;6660;1777;1665;1665;1553
2918;6;60;6090;1172223630716;2007-02-23 09:40:30.716;2006-09-19 23:48:27.661492348;6030;2222;1426;1314;1068
2919;1;60;130;1172779309716;2007-03-01 20:01:49.716;2006-09-19 23:51:21.661475648;70;18;17;17;18
2920;1;10;10;1172780882716;2007-03-01 20:28:02.716;2006-09-19 23:51:22.154029755;0;0;0;0;0
2921;1;10;10;1172781089716;2007-03-01 20:31:29.716;2006-09-19 23:51:22.218847746;0;0;0;0;0
2922;1;10;10;1172781598716;2007-03-01 20:39:58.716;2006-09-19 23:51:22.378231116;0;0;0;0;0
2923;1;10;10;1172782379716;2007-03-01 20:52:59.716;2006-09-19 23:51:22.622785953;0;0;0;0;0
2924;1;60;130;1172782547716;2007-03-01 20:55:47.716;2006-09-19 23:51:22.675391859;70;31;10;17;12
2925;1;10;10;1172783329716;2007-03-01 21:08:49.716;2006-09-19 23:51:22.920259825;0;0;0;0;0
2926;1;20;30;1172788136716;2007-03-01 22:28:56.716;2006-09-19 23:51:24.425477621;10;4;2;2;2
2927;1;30;40;1172788759716;2007-03-01 22:39:19.716;2006-09-19 23:51:24.620557856;10;3;2;2;3
2928;1;10;10;1172789361716;2007-03-01 22:49:21.716;2006-09-19 23:51:24.809062352;0;0;0;0;0
2929;1;10;10;1172790405716;2007-03-01 23:06:45.716;2006-09-19 23:51:25.135970482;0;0;0;0;0
2930;1;10;30;1172790701716;2007-03-01 23:11:41.716;2006-09-19 23:51:25.228657078;20;9;3;5;3
2931;1;10;10;1172790993716;2007-03-01 23:16:33.716;2006-09-19 23:51:25.320091152;0;0;0;0;0
2932;1;10;10;1172792620716;2007-03-01 23:43:40.716;2006-09-19 23:51:25.829554301;0;0;0;0;0
2933;1;10;10;1172792922716;2007-03-01 23:48:42.716;2006-09-19 23:51:25.924119679;0;0;0;0;0
2934;1;10;10;1172793550716;2007-03-01 23:59:10.716;2006-09-19 23:51:26.120765566;0;0;0;0;0
2935;1;60;130;1172793581716;2007-03-01 23:59:41.716;2006-09-19 23:51:26.130472608;70;19;17;17;17
2936;1;30;40;1172793966716;2007-03-02 00:06:06.716;2006-09-19 23:51:26.251027809;10;5;2;1;2
2937;1;30;40;1172794699716;2007-03-02 00:18:19.716;2006-09-19 23:51:26.480552387;10;2;2;2;4
2938;1;10;10;1172795217716;2007-03-02 00:26:57.716;2006-09-19 23:51:26.642753930;0;0;0;0;0
2939;1;10;30;1172795699716;2007-03-02 00:34:59.716;2006-09-19 23:51:26.793682779;20;6;5;5;4
2940;1;10;10;1172801569716;2007-03-02 02:12:49.716;2006-09-19 23:51:28.631758182;0;0;0;0;0
2941;1;30;40;1172802061716;2007-03-02 02:21:01.716;2006-09-19 23:51:28.785818335;10;2;2;2;4
2942;1;10;30;1172804001716;2007-03-02 02:53:21.716;2006-09-19 23:51:29.393291296;20;5;5;5;5
2943;1;10;30;1172804110716;2007-03-02 02:55:10.716;2006-09-19 23:51:29.427422509;20;4;5;5;6
2944;1;10;80;1172873117716;2007-03-02 22:05:17.716;2006-09-19 23:51:51.035611495;70;24;17;15;14
2945;1;30;40;1172876700716;2007-03-02 23:05:00.716;2006-09-19 23:51:52.157557691;10;5;2;2;1
2946;1;10;80;1172877316716;2007-03-02 23:15:16.716;2006-09-19 23:51:52.350446013;70;21;17;17;15
2947;1;10;80;1172877898716;2007-03-02 23:24:58.716;2006-09-19 23:51:52.532687901;70;26;14;17;13
2948;1;30;40;1172879148716;2007-03-02 23:45:48.716;2006-09-19 23:51:52.924100892;10;3;2;2;3
2949;1;10;80;1172879455716;2007-03-02 23:50:55.716;2006-09-19 23:51:53.020231922;70;17;17;17;19
2950;1;60;130;1172879752716;2007-03-02 23:55:52.716;2006-09-19 23:51:53.113231648;70;28;16;12;14
2951;1;100;170;1172880720716;2007-03-03 00:12:00.716;2006-09-19 23:51:53.416341868;70;24;17;15;14
2952;1;20;20;1172880896716;2007-03-03 00:14:56.716;2006-09-19 23:51:53.471452817;0;0;0;0;0
2953;1;300;370;1172881147716;2007-03-03 00:19:07.716;2006-09-19 23:51:53.550048546;70;33;13;11;13
2954;1;20;20;1172882000716;2007-03-03 00:33:20.716;2006-09-19 23:51:53.817148771;0;0;0;0;0
2955;1;30;360;1172882292716;2007-03-03 00:38:12.716;2006-09-19 23:51:53.908582845;330;151;59;75;45
2956;1;20;20;1172882389716;2007-03-03 00:39:49.716;2006-09-19 23:51:53.938956493;0;0;0;0;0
2957;1;20;20;1172882732716;2007-03-03 00:45:32.716;2006-09-19 23:51:54.046360218;0;0;0;0;0
2958;1;30;40;1172882960716;2007-03-03 00:49:20.716;2006-09-19 23:51:54.117753947;10;5;1;2;2
2959;1;30;40;1172883543716;2007-03-03 00:59:03.716;2006-09-19 23:51:54.300308966;10;2;2;2;4
2960;1;30;40;1172883852716;2007-03-03 01:04:12.716;2006-09-19 23:51:54.397066257;10;3;2;2;3
2961;1;30;360;1172884036716;2007-03-03 01:07:16.716;2006-09-19 23:51:54.454682249;330;101;81;82;66
2962;1;30;360;1172884914716;2007-03-03 01:21:54.716;2006-09-19 23:51:54.729610734;330;157;52;64;57
2963;1;60;130;1172885693716;2007-03-03 01:34:53.716;2006-09-19 23:51:54.973539310;70;24;15;17;14
2964;4;20;1000;1172886283716;2007-03-03 01:44:43.716;2006-09-19 23:51:55.158286241;980;411;169;243;157
2965;1;60;130;1172886724716;2007-03-03 01:52:04.716;2006-09-19 23:51:55.296376744;70;15;17;17;21
2966;1;60;390;1172886889716;2007-03-03 01:54:49.716;2006-09-19 23:51:55.348043259;330;120;69;82;59
2967;1;30;360;1172887787716;2007-03-03 02:09:47.716;2006-09-19 23:51:55.629234351;330;156;47;65;62
2968;4;30;1010;1173126661716;2007-03-05 20:31:01.716;2006-09-19 23:53:10.427943697;980;350;245;217;168
2969;1;10;10;1173147155716;2007-03-06 02:12:35.716;2006-09-19 23:53:16.845237958;0;0;0;0;0
2970;1;10;330;1173147285716;2007-03-06 02:14:45.716;2006-09-19 23:53:16.885944909;320;130;58;80;52
2971;1;30;360;1173293814716;2007-03-07 18:56:54.716;2006-09-19 23:54:02.768628172;330;75;82;82;91
2972;2;30;680;1173295261716;2007-03-07 19:21:01.716;2006-09-19 23:54:03.221727850;650;138;162;162;188
2973;1;10;30;1173320321716;2007-03-08 02:18:41.716;2006-09-19 23:54:11.068775483;20;9;5;4;2
2974;1;10;30;1173321389716;2007-03-08 02:36:29.716;2006-09-19 23:54:11.403198742;20;6;5;5;4
2975;1;10;30;1173321731716;2007-03-08 02:42:11.716;2006-09-19 23:54:11.510289336;20;5;5;5;5
2976;1;10;30;1173321883716;2007-03-08 02:44:43.716;2006-09-19 23:54:11.557885156;20;6;5;5;4
2977;1;10;30;1173322092716;2007-03-08 02:48:12.716;2006-09-19 23:54:11.623329408;20;4;5;5;6
2978;1;10;30;1173322296716;2007-03-08 02:51:36.716;2006-09-19 23:54:11.687208008;20;4;5;5;6
2979;1;10;30;1173322366716;2007-03-08 02:52:46.716;2006-09-19 23:54:11.709127135;20;8;5;3;4
2980;1;10;30;1173323754716;2007-03-08 03:15:54.716;2006-09-19 23:54:12.143752120;20;6;5;5;4
2981;1;10;30;1173324056716;2007-03-08 03:20:56.716;2006-09-19 23:54:12.238317498;20;7;5;4;4
2982;1;10;30;1173324260716;2007-03-08 03:24:20.716;2006-09-19 23:54:12.302196098;20;9;4;5;2
2983;1;10;30;1173324466716;2007-03-08 03:27:46.716;2006-09-19 23:54:12.366700959;20;4;5;5;6
2984;1;10;30;1173324609716;2007-03-08 03:30:09.716;2006-09-19 23:54:12.411478605;20;10;3;4;3
2985;1;10;30;1173324866716;2007-03-08 03:34:26.716;2006-09-19 23:54:12.491953116;20;9;2;5;4
2986;4;30;1010;1173325091716;2007-03-08 03:38:11.716;2006-09-19 23:54:12.562407455;980;469;242;188;81
2987;1;10;30;1173387735716;2007-03-08 21:02:15.716;2006-09-19 23:54:32.178147754;20;8;3;5;4
2988;1;20;60;1173389510716;2007-03-08 21:31:50.716;2006-09-19 23:54:32.733954200;40;18;5;10;7
2989;1;20;60;1173389803716;2007-03-08 21:36:43.716;2006-09-19 23:54:32.825701405;40;8;10;10;12
2990;1;20;150;1173396112716;2007-03-08 23:21:52.716;2006-09-19 23:54:34.801241051;130;26;32;32;40
2991;1;30;240;1173398715716;2007-03-09 00:05:15.716;2006-09-19 23:54:35.616319462;210;99;42;39;30
2992;1;30;330;1173399707716;2007-03-09 00:21:47.716;2006-09-19 23:54:35.926944811;300;79;75;75;71
2993;1;30;330;1173408140716;2007-03-09 02:42:20.716;2006-09-19 23:54:38.567573410;300;146;28;74;52
2994;1;40;360;1173408332716;2007-03-09 02:45:32.716;2006-09-19 23:54:38.627694445;320;68;80;80;92
2995;1;30;330;1173408732716;2007-03-09 02:52:12.716;2006-09-19 23:54:38.752946602;300;124;57;60;59
2996;1;50;510;1173409030716;2007-03-09 02:57:10.716;2006-09-19 23:54:38.846259459;460;159;98;113;90
2997;1;50;510;1173472935716;2007-03-09 20:42:15.716;2006-09-19 23:54:58.856857184;460;147;108;113;92
2998;1;30;360;1173486114716;2007-03-10 00:21:54.716;2006-09-19 23:55:02.983602625;330;164;43;75;48
2999;1;30;360;1173486421716;2007-03-10 00:27:01.716;2006-09-19 23:55:03.079733655;330;84;82;82;82
3000;1;30;360;1173487390716;2007-03-10 00:43:10.716;2006-09-19 23:55:03.383157005;330;125;63;82;60
3001;1;30;40;1174515187716;2007-03-21 22:13:07.716;2006-09-20 00:00:25.217634888;10;4;2;2;2
3002;1;30;40;1174520612716;2007-03-21 23:43:32.716;2006-09-20 00:00:26.916367267;10;4;2;2;2
3003;1;10;300;1174525647716;2007-03-22 01:07:27.716;2006-09-20 00:00:28.492978792;290;83;72;72;63
3004;1;10;300;1174526123716;2007-03-22 01:15:23.716;2006-09-20 00:00:28.642028859;290;97;67;72;54
3005;1;10;300;1174526963716;2007-03-22 01:29:23.716;2006-09-20 00:00:28.905058389;290;135;28;71;56
3006;1;10;300;1174527185716;2007-03-22 01:33:05.716;2006-09-20 00:00:28.974573336;290;141;33;59;57
3007;1;10;300;1174530389716;2007-03-22 02:26:29.716;2006-09-20 00:00:29.977843113;290;65;72;72;81
3008;1;10;300;1174598261716;2007-03-22 21:17:41.716;2006-09-20 00:00:51.230629104;290;98;64;72;56
3009;1;10;300;1174598502716;2007-03-22 21:21:42.716;2006-09-20 00:00:51.306093528;290;103;68;69;50
3010;1;10;300;1174598765716;2007-03-22 21:26:05.716;2006-09-20 00:00:51.388446821;290;125;49;60;56
3011;1;30;360;1174599166716;2007-03-22 21:32:46.716;2006-09-20 00:00:51.514012109;330;102;80;82;66
3012;1;30;360;1174605849716;2007-03-22 23:24:09.716;2006-09-20 00:00:53.606662521;330;132;73;66;59
3013;1;30;40;1174613063716;2007-03-23 01:24:23.716;2006-09-20 00:00:55.865585171;10;4;2;2;2
3014;4;20;1080;1174613284716;2007-03-23 01:28:04.716;2006-09-20 00:00:55.934786988;1060;400;218;263;179
3015;1;30;30;1174616769716;2007-03-23 02:26:09.716;2006-09-20 00:00:57.026046405;0;0;0;0;0
3016;1;30;360;1174617914716;2007-03-23 02:45:14.716;2006-09-20 00:00:57.384580705;330;158;47;82;43
3017;1;30;140;1174617999716;2007-03-23 02:46:39.716;2006-09-20 00:00:57.411196788;110;25;27;27;31
3018;1;30;80;1174676593716;2007-03-23 19:03:13.716;2006-09-20 00:01:15.758758998;50;12;12;12;14
3019;1;30;360;1175126330716;2007-03-28 23:58:50.716;2006-09-20 00:03:36.585082270;330;99;82;82;67
3020;1;30;360;1175126836716;2007-03-29 00:07:16.716;2006-09-20 00:03:36.743526249;330;122;76;78;54
3021;1;10;10;1176254492716;2007-04-11 01:21:32.716;2006-09-20 00:09:29.846891983;0;0;0;0;0
3022;3;20;870;1176340626716;2007-04-12 01:17:06.716;2006-09-20 00:09:56.818065199;850;238;212;212;188
3023;3;30;880;1176343368716;2007-04-12 02:02:48.716;2006-09-20 00:09:57.676668735;850;264;208;208;170
3024;3;30;900;1176400252716;2007-04-12 17:50:52.716;2006-09-20 00:10:15.488777974;870;422;110;169;169
3025;1;30;30;1176844250716;2007-04-17 21:10:50.716;2006-09-20 00:12:34.518045924;0;0;0;0;0
3026;1;30;30;1176849037716;2007-04-17 22:30:37.716;2006-09-20 00:12:36.017001112;0;0;0;0;0
3027;12;20;3280;1176849717716;2007-04-17 22:41:57.716;2006-09-20 00:12:36.229929779;3260;1008;809;800;643
3028;11;20;3000;1176855463716;2007-04-18 00:17:43.716;2006-09-20 00:12:38.029177014;2980;1275;466;680;559
3029;1;30;90;1176942855716;2007-04-19 00:34:15.716;2006-09-20 00:13:05.394268263;60;14;15;15;16
3030;3;30;880;1176943188716;2007-04-19 00:39:48.716;2006-09-20 00:13:05.498540684;850;297;192;205;156
3031;4;20;1240;1176943926716;2007-04-19 00:52:06.716;2006-09-20 00:13:05.729630913;1220;575;133;303;209
3032;2;20;560;1177356875716;2007-04-23 19:34:35.716;2006-09-20 00:15:15.036513311;540;248;135;106;51
3033;1;30;40;1177629457716;2007-04-26 23:17:37.716;2006-09-20 00:16:40.390221923;10;3;2;2;3
3034;1;10;10;1177632790716;2007-04-27 00:13:10.716;2006-09-20 00:16:41.433885520;0;0;0;0;0
3035;1;10;20;1177633275716;2007-04-27 00:21:15.716;2006-09-20 00:16:41.585753761;10;3;2;2;3
3036;1;30;230;1177633843716;2007-04-27 00:30:43.716;2006-09-20 00:16:41.763611824;200;76;49;45;30
3037;1;60;130;1178149518716;2007-05-02 23:45:18.716;2006-09-20 00:19:23.237126907;70;32;15;14;9
3038;1;60;130;1178564044716;2007-05-07 18:54:04.716;2006-09-20 00:21:33.037815933;70;17;17;17;19
3039;1;10;10;1178926058716;2007-05-11 23:27:38.716;2006-09-20 00:23:26.395401795;0;0;0;0;0
3040;1;10;10;1178926169716;2007-05-11 23:29:29.716;2006-09-20 00:23:26.430159269;0;0;0;0;0
3041;1;10;10;1178926331716;2007-05-11 23:32:11.716;2006-09-20 00:23:26.480886392;0;0;0;0;0
3042;1;10;10;1178926442716;2007-05-11 23:34:02.716;2006-09-20 00:23:26.515643866;0;0;0;0;0
3043;1;10;10;1178926508716;2007-05-11 23:35:08.716;2006-09-20 00:23:26.536310472;0;0;0;0;0
3044;1;10;80;1178926883716;2007-05-11 23:41:23.716;2006-09-20 00:23:26.653734369;70;20;17;17;16
3045;1;60;130;1178927184716;2007-05-11 23:46:24.716;2006-09-20 00:23:26.747986617;70;29;17;15;9
3046;1;40;70;1178927376716;2007-05-11 23:49:36.716;2006-09-20 00:23:26.808107652;30;10;7;7;6
3047;1;40;70;1178928682716;2007-05-12 00:11:22.716;2006-09-20 00:23:27.217055945;30;11;6;7;6
3048;1;10;80;1179262171716;2007-05-15 20:49:31.716;2006-09-20 00:25:11.642597365;70;21;17;17;15
3049;1;10;80;1179285047716;2007-05-16 03:10:47.716;2006-09-20 00:25:18.805768220;70;30;15;17;8
3050;1;10;80;1179285376716;2007-05-16 03:16:16.716;2006-09-20 00:25:18.908788119;70;23;17;17;13
3051;1;10;80;1179285561716;2007-05-16 03:19:21.716;2006-09-20 00:25:18.966717242;70;15;17;17;21
3052;1;10;80;1179285860716;2007-05-16 03:24:20.716;2006-09-20 00:25:19.060343229;70;22;17;17;14
3053;1;10;80;1179286560716;2007-05-16 03:36:00.716;2006-09-20 00:25:19.279534504;70;30;14;12;14
3054;1;10;80;1179287407716;2007-05-16 03:50:07.716;2006-09-20 00:25:19.544755946;70;30;12;17;11
3055;1;10;80;1179287678716;2007-05-16 03:54:38.716;2006-09-20 00:25:19.629614283;70;33;14;13;10
3056;1;10;10;1179288431716;2007-05-16 04:07:11.716;2006-09-20 00:25:19.865401468;0;0;0;0;0
3057;1;10;50;1179288731716;2007-05-16 04:12:11.716;2006-09-20 00:25:19.959340586;40;12;10;10;8
3058;1;10;50;1179288829716;2007-05-16 04:13:49.716;2006-09-20 00:25:19.990027364;40;13;9;10;8
3059;1;60;130;1179337196716;2007-05-16 17:39:56.716;2006-09-20 00:25:35.135205052;70;14;17;17;22
3060;1;10;80;1179339713716;2007-05-16 18:21:53.716;2006-09-20 00:25:35.923354249;70;32;10;14;14
3061;1;10;80;1179340729716;2007-05-16 18:38:49.716;2006-09-20 00:25:36.241494728;70;22;17;17;14
3062;1;10;80;1179341286716;2007-05-16 18:48:06.716;2006-09-20 00:25:36.415908357;70;15;17;17;21
3063;1;60;130;1179341568716;2007-05-16 18:52:48.716;2006-09-20 00:25:36.504211127;70;21;17;17;15
3064;1;60;130;1179341949716;2007-05-16 18:59:09.716;2006-09-20 00:25:36.623513807;70;28;17;13;12
3065;1;10;80;1179342476716;2007-05-16 19:07:56.716;2006-09-20 00:25:36.788533524;70;19;17;17;17
3066;1;10;80;1179343401716;2007-05-16 19:23:21.716;2006-09-20 00:25:37.078179137;70;14;17;17;22
3067;1;10;80;1179343510716;2007-05-16 19:25:10.716;2006-09-20 00:25:37.112310349;70;28;17;12;13
3068;1;10;80;1179343871716;2007-05-16 19:31:11.716;2006-09-20 00:25:37.225350421;70;20;17;17;16
3069;1;10;80;1179344027716;2007-05-16 19:33:47.716;2006-09-20 00:25:37.274198762;70;30;10;16;14
3070;1;60;130;1179344219716;2007-05-16 19:36:59.716;2006-09-20 00:25:37.334319797;70;22;17;17;14
3071;1;10;100;1179344655716;2007-05-16 19:44:15.716;2006-09-20 00:25:37.470844649;90;26;22;22;20
3072;1;60;130;1179344804716;2007-05-16 19:46:44.716;2006-09-20 00:25:37.517501077;70;26;16;17;11
3073;1;60;130;1179355955716;2007-05-16 22:52:35.716;2006-09-20 00:25:41.009218082;70;34;7;15;14
3074;1;10;80;1179356532716;2007-05-16 23:02:12.716;2006-09-20 00:25:41.189894319;70;30;15;11;14
3075;1;60;130;1179356584716;2007-05-16 23:03:04.716;2006-09-20 00:25:41.206177099;70;30;11;16;13
3076;1;20;490;1179356638716;2007-05-16 23:03:58.716;2006-09-20 00:25:41.223086140;470;108;117;117;128
3077;1;10;280;1179356918716;2007-05-16 23:08:38.716;2006-09-20 00:25:41.310762650;270;85;67;67;51
3078;1;10;110;1179357277716;2007-05-16 23:14:37.716;2006-09-20 00:25:41.423176461;100;23;25;25;27
3079;1;30;640;1179357717716;2007-05-16 23:21:57.716;2006-09-20 00:25:41.560953834;610;267;151;112;80
3080;1;10;50;1179364820716;2007-05-17 01:20:20.716;2006-09-20 00:25:43.785119011;40;11;10;10;9
3081;1;10;50;1179365224716;2007-05-17 01:27:04.716;2006-09-20 00:25:43.911623689;40;10;10;10;10
3082;1;10;50;1179366132716;2007-05-17 01:42:12.716;2006-09-20 00:25:44.195946085;40;15;8;10;7
3083;1;30;40;1179945759716;2007-05-23 18:42:39.716;2006-09-20 00:28:45.694776022;10;2;2;2;4
3084;1;10;10;1180057577716;2007-05-25 01:46:17.716;2006-09-20 00:29:20.708390235;0;0;0;0;0
3085;1;10;10;1180058878716;2007-05-25 02:07:58.716;2006-09-20 00:29:21.115772876;0;0;0;0;0
3086;1;10;10;1180060086716;2007-05-25 02:28:06.716;2006-09-20 00:29:21.494034390;0;0;0;0;0
3087;1;10;10;1180061042716;2007-05-25 02:44:02.716;2006-09-20 00:29:21.793387045;0;0;0;0;0
3088;1;10;10;1180061280716;2007-05-25 02:48:00.716;2006-09-20 00:29:21.867912078;0;0;0;0;0
3089;1;10;10;1180061776716;2007-05-25 02:56:16.716;2006-09-20 00:29:22.023224753;0;0;0;0;0
3090;1;10;10;1180062577716;2007-05-25 03:09:37.716;2006-09-20 00:29:22.274042197;0;0;0;0;0
3091;1;10;10;1180066595716;2007-05-25 04:16:35.716;2006-09-20 00:29:23.532200113;0;0;0;0;0
3092;1;10;10;1180068702716;2007-05-25 04:51:42.716;2006-09-20 00:29:24.191965850;0;0;0;0;0
3093;1;10;10;1180071879716;2007-05-25 05:44:39.716;2006-09-20 00:29:25.186781107;0;0;0;0;0
3094;1;10;10;1180117613716;2007-05-25 18:26:53.716;2006-09-20 00:29:39.507486471;0;0;0;0;0
3095;1;10;10;1180118398716;2007-05-25 18:39:58.716;2006-09-20 00:29:39.753293829;0;0;0;0;0
3096;1;10;10;1180119135716;2007-05-25 18:52:15.716;2006-09-20 00:29:39.984070928;0;0;0;0;0
3097;1;10;80;1181093775716;2007-06-06 01:36:15.716;2006-09-20 00:34:45.173476544;70;27;13;16;14
3098;1;60;130;1181094026716;2007-06-06 01:40:26.716;2006-09-20 00:34:45.252072273;70;17;17;17;19
3099;1;60;130;1181094150716;2007-06-06 01:42:30.716;2006-09-20 00:34:45.290900441;70;32;12;12;14
3100;1;10;80;1181158121716;2007-06-06 19:28:41.716;2006-09-20 00:35:05.322164771;70;14;17;17;22
3101;1;10;80;1181160062716;2007-06-06 20:01:02.716;2006-09-20 00:35:05.929950863;70;30;16;12;12
3102;1;10;80;1181161231716;2007-06-06 20:20:31.716;2006-09-20 00:35:06.296000292;70;34;5;17;14
3103;1;10;90;1181161617716;2007-06-06 20:26:57.716;2006-09-20 00:35:06.416868623;80;20;20;20;20
3104;1;10;80;1181172359716;2007-06-06 23:25:59.716;2006-09-20 00:35:09.780515298;70;29;15;16;10
3105;1;20;90;1181173059716;2007-06-06 23:37:39.716;2006-09-20 00:35:09.999706573;70;29;17;15;9
3106;1;20;90;1181177257716;2007-06-07 00:47:37.716;2006-09-20 00:35:11.314227960;70;16;17;17;20
3107;1;20;90;1181177574716;2007-06-07 00:52:54.716;2006-09-20 00:35:11.413490294;70;32;17;17;4
3108;1;20;90;1181180905716;2007-06-07 01:48:25.716;2006-09-20 00:35:12.456527631;70;23;16;17;14
3109;6;30;1780;1181181106716;2007-06-07 01:51:46.716;2006-09-20 00:35:12.519466840;1750;444;437;437;432
3110;1;10;80;1181182695716;2007-06-07 02:18:15.716;2006-09-20 00:35:13.017031034;70;17;17;17;19
3111;1;10;30;1181315649716;2007-06-08 15:14:09.716;2006-09-20 00:35:54.648969220;20;7;4;5;4
3112;1;10;80;1181327040716;2007-06-08 18:24:00.716;2006-09-20 00:35:58.215837520;70;15;17;17;21
3113;1;10;90;1181327104716;2007-06-08 18:25:04.716;2006-09-20 00:35:58.235877865;80;39;10;17;14
3114;1;10;30;1181327216716;2007-06-08 18:26:56.716;2006-09-20 00:35:58.270948469;20;4;5;5;6
3115;1;10;30;1181327704716;2007-06-08 18:35:04.716;2006-09-20 00:35:58.423756100;20;8;5;4;3
3116;1;10;30;1181328696716;2007-06-08 18:51:36.716;2006-09-20 00:35:58.734381449;20;10;3;4;3
3117;1;50;510;1181329038716;2007-06-08 18:57:18.716;2006-09-20 00:35:58.841472044;460;107;115;115;123
3118;1;50;510;1181329476716;2007-06-08 19:04:36.716;2006-09-20 00:35:58.978623155;460;174;96;113;77
3119;1;10;50;1181340308716;2007-06-08 22:05:08.716;2006-09-20 00:36:02.370451566;40;15;10;7;8
3120;1;10;50;1181340380716;2007-06-08 22:06:20.716;2006-09-20 00:36:02.392996954;40;8;10;10;12
3121;1;10;50;1181340755716;2007-06-08 22:12:35.716;2006-09-20 00:36:02.510420851;40;19;8;9;4
3122;1;30;150;1181340813716;2007-06-08 22:13:33.716;2006-09-20 00:36:02.528582414;120;34;30;30;26
3123;1;10;50;1181346246716;2007-06-08 23:44:06.716;2006-09-20 00:36:04.229819835;40;12;10;10;8
3124;1;20;90;1181346849716;2007-06-08 23:54:09.716;2006-09-20 00:36:04.418637462;70;25;14;17;14
3125;1;10;50;1181346915716;2007-06-08 23:55:15.716;2006-09-20 00:36:04.439304068;40;13;9;10;8
3126;1;10;50;1181347285716;2007-06-09 00:01:25.716;2006-09-20 00:36:04.555162313;40;12;10;10;8
3127;1;20;90;1181347338716;2007-06-09 00:02:18.716;2006-09-20 00:36:04.571758224;70;27;16;15;12
3128;1;10;50;1181347545716;2007-06-09 00:05:45.716;2006-09-20 00:36:04.636576215;40;8;10;10;12
3129;1;10;50;1181348859716;2007-06-09 00:27:39.716;2006-09-20 00:36:05.048029551;40;9;10;10;11
3130;1;10;50;1181349412716;2007-06-09 00:36:52.716;2006-09-20 00:36:05.221190658;40;16;8;9;7
3131;1;50;510;1181353081716;2007-06-09 01:38:01.716;2006-09-20 00:36:06.370066067;460;214;104;96;46
3132;1;10;50;1181353894716;2007-06-09 01:51:34.716;2006-09-20 00:36:06.624641076;40;14;8;10;8
3133;1;40;170;1181354541716;2007-06-09 02:02:21.716;2006-09-20 00:36:06.827236440;130;38;32;32;28
3134;1;10;80;1181355562716;2007-06-09 02:19:22.716;2006-09-20 00:36:07.146942571;70;33;11;17;9
3135;1;10;90;1181355679716;2007-06-09 02:21:19.716;2006-09-20 00:36:07.183578827;80;38;8;19;15
3136;1;60;130;1181355908716;2007-06-09 02:25:08.716;2006-09-20 00:36:07.255285686;70;33;13;11;13
3137;1;60;130;1181374862716;2007-06-09 07:41:02.716;2006-09-20 00:36:13.190359143;70;23;16;17;14
3138;1;50;510;1181443292716;2007-06-10 02:41:32.716;2006-09-20 00:36:34.617871893;460;148;112;109;91
3139;1;20;90;1181585450716;2007-06-11 18:10:50.716;2006-09-20 00:37:19.131862211;70;23;16;17;14
3140;1;50;510;1181585577716;2007-06-11 18:12:57.716;2006-09-20 00:37:19.171629771;460;157;101;111;91
3141;1;20;150;1181585797716;2007-06-11 18:16:37.716;2006-09-20 00:37:19.240518457;130;30;32;32;36
3142;1;10;80;1181604475716;2007-06-11 23:27:55.716;2006-09-20 00:37:25.089167926;70;22;17;17;14
3143;1;10;80;1181604563716;2007-06-11 23:29:23.716;2006-09-20 00:37:25.116723400;70;18;17;17;18
3144;1;60;130;1181605876716;2007-06-11 23:51:16.716;2006-09-20 00:37:25.527863605;70;31;17;11;11
3145;1;10;30;1181608718716;2007-06-12 00:38:38.716;2006-09-20 00:37:26.417780181;20;4;5;5;6
3146;1;60;130;1181608788716;2007-06-12 00:39:48.716;2006-09-20 00:37:26.439699308;70;30;9;17;14
3147;1;10;30;1181608908716;2007-06-12 00:41:48.716;2006-09-20 00:37:26.477274955;20;7;4;5;4
3148;1;50;510;1181611129716;2007-06-12 01:18:49.716;2006-09-20 00:37:27.172737557;460;222;40;107;91
3149;1;10;30;1181611590716;2007-06-12 01:26:30.716;2006-09-20 00:37:27.317090667;20;4;5;5;6
3150;1;50;510;1181611966716;2007-06-12 01:32:46.716;2006-09-20 00:37:27.434827695;460;126;115;115;104
3151;1;10;150;1181612192716;2007-06-12 01:36:32.716;2006-09-20 00:37:27.505595164;140;43;35;35;27
3152;1;20;160;1181612534716;2007-06-12 01:42:14.716;2006-09-20 00:37:27.612685758;140;51;35;31;23
3153;1;50;510;1181613060716;2007-06-12 01:51:00.716;2006-09-20 00:37:27.777392344;460;113;115;115;117
3154;1;20;90;1181613261716;2007-06-12 01:54:21.716;2006-09-20 00:37:27.840331553;70;24;17;17;12
3155;1;20;90;1181613470716;2007-06-12 01:57:50.716;2006-09-20 00:37:27.905775805;70;28;16;15;11
3156;1;50;510;1181613652716;2007-06-12 02:00:52.716;2006-09-20 00:37:27.962765537;460;132;115;115;98
3157;1;50;510;1181614113716;2007-06-12 02:08:33.716;2006-09-20 00:37:28.107118647;460;199;72;99;90
3158;1;10;80;1181614294716;2007-06-12 02:11:34.716;2006-09-20 00:37:28.163795248;70;28;12;17;13
3159;1;10;160;1181614967716;2007-06-12 02:22:47.716;2006-09-20 00:37:28.374532002;150;63;22;36;29
3160;1;10;160;1181615529716;2007-06-12 02:32:09.716;2006-09-20 00:37:28.550511283;150;44;37;37;32
3161;1;10;80;1181615613716;2007-06-12 02:33:33.716;2006-09-20 00:37:28.576814236;70;23;16;17;14
3162;1;50;130;1181615818716;2007-06-12 02:36:58.716;2006-09-20 00:37:28.641005966;80;16;20;20;24
3163;1;10;30;1181616087716;2007-06-12 02:41:27.716;2006-09-20 00:37:28.725238042;20;9;2;5;4
3164;1;10;30;1181616435716;2007-06-12 02:47:15.716;2006-09-20 00:37:28.834207418;20;6;5;5;4
3165;1;50;510;1181616654716;2007-06-12 02:50:54.716;2006-09-20 00:37:28.902782974;460;191;63;114;92
3166;1;10;180;1181616927716;2007-06-12 02:55:27.716;2006-09-20 00:37:28.988267572;170;37;42;42;49
3167;1;50;510;1181617615716;2007-06-12 03:06:55.716;2006-09-20 00:37:29.203701281;460;156;115;106;83
3168;1;10;70;1181617971716;2007-06-12 03:12:51.716;2006-09-20 00:37:29.315175701;60;26;12;12;10
3169;1;20;150;1181618129716;2007-06-12 03:15:29.716;2006-09-20 00:37:29.364650303;130;46;28;31;25
3170;1;10;30;1181618453716;2007-06-12 03:20:53.716;2006-09-20 00:37:29.466104550;20;7;5;5;3
3171;1;30;230;1181619153716;2007-06-12 03:32:33.716;2006-09-20 00:37:29.685295825;200;64;50;49;37
3172;1;60;130;1181619462716;2007-06-12 03:37:42.716;2006-09-20 00:37:29.782053116;70;14;17;17;22
3173;1;10;80;1181680103716;2007-06-12 20:28:23.716;2006-09-20 00:37:48.770593240;70;30;12;16;12
3174;1;10;80;1181686537716;2007-06-12 22:15:37.716;2006-09-20 00:37:50.785274184;70;30;17;12;11
3175;1;10;80;1181687233716;2007-06-12 22:27:13.716;2006-09-20 00:37:51.003212937;70;32;7;17;14
3176;1;10;80;1181688078716;2007-06-12 22:41:18.716;2006-09-20 00:37:51.267808119;70;23;17;16;14
3177;1;10;80;1181688683716;2007-06-12 22:51:23.716;2006-09-20 00:37:51.457252006;70;26;14;17;13
3178;1;10;80;1181688769716;2007-06-12 22:52:49.716;2006-09-20 00:37:51.484181220;70;19;17;17;17
3179;1;10;80;1181688813716;2007-06-12 22:53:33.716;2006-09-20 00:37:51.497958957;70;29;15;12;14
3180;1;10;80;1181688824716;2007-06-12 22:53:44.716;2006-09-20 00:37:51.501403391;70;23;17;16;14
3181;1;10;80;1181688929716;2007-06-12 22:55:29.716;2006-09-20 00:37:51.534282083;70;35;5;16;14
3182;1;10;80;1181688994716;2007-06-12 22:56:34.716;2006-09-20 00:37:51.554635558;70;33;16;11;10
3183;1;10;80;1181689468716;2007-06-12 23:04:28.716;2006-09-20 00:37:51.703059364;70;28;17;14;11
3184;1;10;90;1181689628716;2007-06-12 23:07:08.716;2006-09-20 00:37:51.753160227;80;24;20;20;16
3185;1;10;80;1181691256716;2007-06-12 23:34:16.716;2006-09-20 00:37:52.262936506;70;32;14;13;11
3186;1;50;510;1181692225716;2007-06-12 23:50:25.716;2006-09-20 00:37:52.566359856;460;108;115;115;122
3187;1;50;510;1181695055716;2007-06-13 00:37:35.716;2006-09-20 00:37:53.452518866;460;134;115;115;96
3188;1;20;90;1181695533716;2007-06-13 00:45:33.716;2006-09-20 00:37:53.602195194;70;22;17;17;14
3189;1;20;90;1181696413716;2007-06-13 01:00:13.716;2006-09-20 00:37:53.877749939;70;23;17;17;13
3190;1;10;90;1181696722716;2007-06-13 01:05:22.716;2006-09-20 00:37:53.974507230;80;28;16;20;16
3191;1;20;90;1181697826716;2007-06-13 01:23:46.716;2006-09-20 00:37:54.320203184;70;34;11;17;8
3192;1;10;80;1181698055716;2007-06-13 01:27:35.716;2006-09-20 00:37:54.391910043;70;33;6;17;14
3193;1;20;90;1181698117716;2007-06-13 01:28:37.716;2006-09-20 00:37:54.411324128;70;27;16;15;12
3194;1;50;510;1181698215716;2007-06-13 01:30:15.716;2006-09-20 00:37:54.442010906;460;125;115;115;105
3195;1;10;80;1181699851716;2007-06-13 01:57:31.716;2006-09-20 00:37:54.954292228;70;21;17;17;15
3196;1;10;150;1181699942716;2007-06-13 01:59:02.716;2006-09-20 00:37:54.982787094;140;38;35;35;32
3197;1;10;160;1181764441716;2007-06-13 19:54:01.716;2006-09-20 00:38:15.179384271;150;32;37;37;44
3198;1;10;160;1181764911716;2007-06-13 20:01:51.716;2006-09-20 00:38:15.326555555;150;62;31;28;29
3199;1;10;160;1181765776716;2007-06-13 20:16:16.716;2006-09-20 00:38:15.597413345;150;59;30;32;29
3200;1;10;160;1181766346716;2007-06-13 20:25:46.716;2006-09-20 00:38:15.775897668;150;47;37;36;30
3201;1;10;160;1181773195716;2007-06-13 22:19:55.716;2006-09-20 00:38:17.920527726;150;48;37;37;28
3202;1;200;410;1181774344716;2007-06-13 22:39:04.716;2006-09-20 00:38:18.280314547;210;54;52;52;52
3203;1;200;410;1181776429716;2007-06-13 23:13:49.716;2006-09-20 00:38:18.933191415;210;97;21;51;41
3204;36;2020;12030;1181778193716;2007-06-13 23:43:13.716;2006-09-20 00:38:19.485553427;10010;2871;2502;2502;2135
3205;1;30;100;1181780018716;2007-06-14 00:13:38.716;2006-09-20 00:38:20.057016393;70;14;17;17;22
3206;1;200;410;1181781262716;2007-06-14 00:34:22.716;2006-09-20 00:38:20.446550601;210;96;46;39;29
3207;1;200;410;1181781940716;2007-06-14 00:45:40.716;2006-09-20 00:38:20.658853007;210;49;52;52;57
3208;4;1000;2010;1181782546716;2007-06-14 00:55:46.716;2006-09-20 00:38:20.848610025;1010;380;248;185;197
3209;17;4070;8920;1181785825716;2007-06-14 01:50:25.716;2006-09-20 00:38:21.875364581;4850;1264;1212;1212;1162
3210;1;10;10;1181792128716;2007-06-14 03:35:28.716;2006-09-20 00:38:23.849025444;0;0;0;0;0
3211;1;10;10;1181794282716;2007-06-14 04:11:22.716;2006-09-20 00:38:24.523508310;0;0;0;0;0
3212;1;10;40;1181794567716;2007-06-14 04:16:07.716;2006-09-20 00:38:24.612750471;30;6;7;7;10
3213;1;60;130;1181794716716;2007-06-14 04:18:36.716;2006-09-20 00:38:24.659406900;70;14;17;17;22
3214;1;10;90;1181796278716;2007-06-14 04:44:38.716;2006-09-20 00:38:25.148516573;80;37;11;16;16
3215;1;10;10;1181796585716;2007-06-14 04:49:45.716;2006-09-20 00:38:25.244647603;0;0;0;0;0
3216;1;10;10;1181798485716;2007-06-14 05:21:25.716;2006-09-20 00:38:25.839595349;0;0;0;0;0
3217;1;10;10;1181798682716;2007-06-14 05:24:42.716;2006-09-20 00:38:25.901282036;0;0;0;0;0
3218;1;10;10;1181799458716;2007-06-14 05:37:38.716;2006-09-20 00:38:26.144271221;0;0;0;0;0
3219;1;10;10;1181800265716;2007-06-14 05:51:05.716;2006-09-20 00:38:26.396967447;0;0;0;0;0
3220;1;10;10;1181801331716;2007-06-14 06:08:51.716;2006-09-20 00:38:26.730764445;0;0;0;0;0
3221;1;10;10;1181804885716;2007-06-14 07:08:05.716;2006-09-20 00:38:27.843629860;0;0;0;0;0
3222;17;1780;6580;1181849611716;2007-06-14 19:33:31.716;2006-09-20 00:38:41.848699789;4800;1527;1171;1162;940
3223;1;10;320;1181860889716;2007-06-14 22:41:29.716;2006-09-20 00:38:45.380184354;310;63;77;77;93
3224;18;3880;8800;1181861102716;2007-06-14 22:45:02.716;2006-09-20 00:38:45.446881128;4920;1428;1230;1230;1032
3225;1;10;10;1181876496716;2007-06-15 03:01:36.716;2006-09-20 00:38:50.267210388;0;0;0;0;0
3226;1;10;10;1181876716716;2007-06-15 03:05:16.716;2006-09-20 00:38:50.336099074;0;0;0;0;0
3227;1;10;10;1181876877716;2007-06-15 03:07:57.716;2006-09-20 00:38:50.386513067;0;0;0;0;0
3228;1;10;10;1181877317716;2007-06-15 03:15:17.716;2006-09-20 00:38:50.524290440;0;0;0;0;0
3229;1;10;10;1181877520716;2007-06-15 03:18:40.716;2006-09-20 00:38:50.587855909;0;0;0;0;0
3230;1;10;10;1181877618716;2007-06-15 03:20:18.716;2006-09-20 00:38:50.618542688;0;0;0;0;0
3231;7;2000;4010;1181879906716;2007-06-15 03:58:26.716;2006-09-20 00:38:51.334985026;2010;971;497;262;280
3232;11;3000;6010;1181885070716;2007-06-15 05:24:30.716;2006-09-20 00:38:52.951990372;3010;789;752;752;717
3233;1;10;90;1181948260716;2007-06-15 22:57:40.716;2006-09-20 00:39:12.738699865;80;21;20;20;19
3234;1;20;90;1181948386716;2007-06-15 22:59:46.716;2006-09-20 00:39:12.778154295;70;21;17;17;15
3235;1;30;270;1181979297716;2007-06-16 07:34:57.716;2006-09-20 00:39:22.457327853;240;83;50;60;47
3236;1;30;270;1181984861716;2007-06-16 09:07:41.716;2006-09-20 00:39:24.199585356;240;84;59;50;47
3237;1;10;160;1182033590716;2007-06-16 22:39:50.716;2006-09-20 00:39:39.458116246;150;63;30;36;21
3238;1;10;160;1182033968716;2007-06-16 22:46:08.716;2006-09-20 00:39:39.576479534;150;42;37;37;34
3239;4;1000;2010;1182034170716;2007-06-16 22:49:30.716;2006-09-20 00:39:39.639731874;1010;461;229;178;142
3240;7;2000;4010;1182037611716;2007-06-16 23:46:51.716;2006-09-20 00:39:40.717213554;2010;489;502;502;517
3241;11;3000;6010;1182042654716;2007-06-17 01:10:54.716;2006-09-20 00:39:42.296330122;3010;1437;425;674;474
3242;4;1000;2010;1182113194716;2007-06-17 20:46:34.716;2006-09-20 00:40:04.384548000;1010;204;252;252;302
3243;1;20;250;1182126242716;2007-06-18 00:24:02.716;2006-09-20 00:40:08.470273360;230;83;45;56;46
3244;1;30;270;1182127682716;2007-06-18 00:48:02.716;2006-09-20 00:40:08.921181125;240;48;60;60;72
3245;1;10;10;1182137123716;2007-06-18 03:25:23.716;2006-09-20 00:40:11.877445159;0;0;0;0;0
3246;1;20;90;1182195773716;2007-06-18 19:42:53.716;2006-09-20 00:40:30.242542671;70;19;17;17;17
3247;1;30;270;1182216231716;2007-06-19 01:23:51.716;2006-09-20 00:40:36.648564238;240;85;51;60;44
3248;1;30;270;1182217237716;2007-06-19 01:40:37.716;2006-09-20 00:40:36.963573413;240;52;60;60;68
3249;1;30;310;1182219116716;2007-06-19 02:11:56.716;2006-09-20 00:40:37.551945420;280;129;52;63;36
3250;1;40;410;1182221000716;2007-06-19 02:43:20.716;2006-09-20 00:40:38.141883079;370;144;62;90;74
3251;1;40;380;1182221164716;2007-06-19 02:46:04.716;2006-09-20 00:40:38.193236464;340;114;76;84;66
3252;1;50;510;1182221748716;2007-06-19 02:55:48.716;2006-09-20 00:40:38.376104613;460;126;115;115;104
3253;1;50;510;1182222490716;2007-06-19 03:08:10.716;2006-09-20 00:40:38.608447364;460;160;93;115;92
3254;1;10;10;1182223099716;2007-06-19 03:18:19.716;2006-09-20 00:40:38.799143773;0;0;0;0;0
3255;1;10;10;1182223861716;2007-06-19 03:31:01.716;2006-09-20 00:40:39.037749132;0;0;0;0;0
3256;1;10;10;1182224063716;2007-06-19 03:34:23.716;2006-09-20 00:40:39.101001471;0;0;0;0;0
3257;1;10;10;1182239856716;2007-06-19 07:57:36.716;2006-09-20 00:40:44.046269758;0;0;0;0;0
3258;1;10;10;1182240021716;2007-06-19 08:00:21.716;2006-09-20 00:40:44.097936273;0;0;0;0;0
3259;1;10;80;1182291613716;2007-06-19 22:20:13.716;2006-09-20 00:41:00.252959476;70;17;17;17;19
3260;1;10;80;1182291911716;2007-06-19 22:25:11.716;2006-09-20 00:41:00.346272332;70;25;17;16;12
3261;1;10;80;1182292161716;2007-06-19 22:29:21.716;2006-09-20 00:41:00.424554931;70;23;16;17;14
3262;1;20;90;1182292283716;2007-06-19 22:31:23.716;2006-09-20 00:41:00.462756838;70;34;17;14;5
3263;1;10;50;1182292325716;2007-06-19 22:32:05.716;2006-09-20 00:41:00.475908315;40;11;10;10;9
3264;1;10;80;1182292652716;2007-06-19 22:37:32.716;2006-09-20 00:41:00.578301953;70;26;17;16;11
3265;1;20;90;1182294488716;2007-06-19 23:08:08.716;2006-09-20 00:41:01.153209354;70;27;13;16;14
3266;1;10;80;1182294911716;2007-06-19 23:15:11.716;2006-09-20 00:41:01.285663510;70;23;17;16;14
3267;1;20;90;1182295007716;2007-06-19 23:16:47.716;2006-09-20 00:41:01.315724027;70;29;10;17;14
3268;1;20;90;1182295309716;2007-06-19 23:21:49.716;2006-09-20 00:41:01.410289406;70;30;13;17;10
3269;1;10;10;1182301212716;2007-06-20 01:00:12.716;2006-09-20 00:41:03.258698112;0;0;0;0;0
3270;1;10;10;1182301844716;2007-06-20 01:10:44.716;2006-09-20 00:41:03.456596520;0;0;0;0;0
3271;1;20;90;1182302856716;2007-06-20 01:27:36.716;2006-09-20 00:41:03.773484477;70;22;17;17;14
3272;1;60;130;1182306056716;2007-06-20 02:20:56.716;2006-09-20 00:41:04.775501733;70;19;17;17;17
3273;1;20;20;1182316102716;2007-06-20 05:08:22.716;2006-09-20 00:41:07.921209654;0;0;0;0;0
3274;1;20;20;1182317700716;2007-06-20 05:35:00.716;2006-09-20 00:41:08.421592021;0;0;0;0;0
3275;1;20;20;1182318143716;2007-06-20 05:42:23.716;2006-09-20 00:41:08.560308785;0;0;0;0;0
3276;1;20;20;1182318834716;2007-06-20 05:53:54.716;2006-09-20 00:41:08.776681886;0;0;0;0;0
3277;1;20;20;1182319468716;2007-06-20 06:04:28.716;2006-09-20 00:41:08.975206555;0;0;0;0;0
3278;1;20;20;1182328177716;2007-06-20 08:29:37.716;2006-09-20 00:41:11.702259142;0;0;0;0;0
3279;1;20;20;1182329250716;2007-06-20 08:47:30.716;2006-09-20 00:41:12.038248053;0;0;0;0;0
3280;1;10;10;1182363069716;2007-06-20 18:11:09.716;2006-09-20 00:41:22.628004792;0;0;0;0;0
3281;1;10;10;1182363075716;2007-06-20 18:11:15.716;2006-09-20 00:41:22.629883575;0;0;0;0;0
3282;1;10;10;1182366935716;2007-06-20 19:15:35.716;2006-09-20 00:41:23.838566889;0;0;0;0;0
3283;3;30;880;1182368298716;2007-06-20 19:38:18.716;2006-09-20 00:41:24.265363614;850;412;164;138;136
3284;1;20;20;1182392085716;2007-06-21 02:14:45.716;2006-09-20 00:41:31.713796257;0;0;0;0;0
3285;1;20;20;1182392356716;2007-06-21 02:19:16.716;2006-09-20 00:41:31.798654594;0;0;0;0;0
3286;1;20;20;1182392532716;2007-06-21 02:22:12.716;2006-09-20 00:41:31.853765543;0;0;0;0;0
3287;1;20;20;1182392683716;2007-06-21 02:24:43.716;2006-09-20 00:41:31.901048232;0;0;0;0;0
3288;1;20;20;1182396650716;2007-06-21 03:30:50.716;2006-09-20 00:41:33.143236499;0;0;0;0;0
3289;1;20;20;1182397250716;2007-06-21 03:40:50.716;2006-09-20 00:41:33.331114734;0;0;0;0;0
3290;1;20;20;1182397494716;2007-06-21 03:44:54.716;2006-09-20 00:41:33.407518550;0;0;0;0;0
3291;1;20;20;1182397638716;2007-06-21 03:47:18.716;2006-09-20 00:41:33.452609326;0;0;0;0;0
3292;1;20;20;1182398223716;2007-06-21 03:57:03.716;2006-09-20 00:41:33.635790606;0;0;0;0;0
3293;1;20;20;1182398474716;2007-06-21 04:01:14.716;2006-09-20 00:41:33.714386334;0;0;0;0;0
3294;1;20;20;1182401595716;2007-06-21 04:53:15.716;2006-09-20 00:41:34.691666289;0;0;0;0;0
3295;1;20;20;1182402726716;2007-06-21 05:12:06.716;2006-09-20 00:41:35.045816763;0;0;0;0;0
3296;1;20;20;1182403003716;2007-06-21 05:16:43.716;2006-09-20 00:41:35.132553881;0;0;0;0;0
3297;1;10;20;1182403410716;2007-06-21 05:23:30.716;2006-09-20 00:41:35.259997951;10;4;2;2;2
3298;1;100;100;1182411327716;2007-06-21 07:35:27.716;2006-09-20 00:41:37.739051267;0;0;0;0;0
3299;1;100;100;1182411945716;2007-06-21 07:45:45.716;2006-09-20 00:41:37.932565850;0;0;0;0;0
3300;1;100;100;1182412533716;2007-06-21 07:55:33.716;2006-09-20 00:41:38.116686520;0;0;0;0;0
3301;1;60;60;1182414617716;2007-06-21 08:30:17.716;2006-09-20 00:41:38.769250258;0;0;0;0;0
3302;1;80;80;1182415309716;2007-06-21 08:41:49.716;2006-09-20 00:41:38.985936490;0;0;0;0;0
3303;1;80;80;1182470539716;2007-06-22 00:02:19.716;2006-09-20 00:41:56.280128060;0;0;0;0;0
3304;1;80;80;1182472772716;2007-06-22 00:39:32.716;2006-09-20 00:41:56.979348226;0;0;0;0;0
3305;1;80;80;1182474892716;2007-06-22 01:14:52.716;2006-09-20 00:41:57.643184658;0;0;0;0;0
3306;1;80;80;1182476359716;2007-06-22 01:39:19.716;2006-09-20 00:41:58.102546944;0;0;0;0;0
3307;1;10;80;1182476795716;2007-06-22 01:46:35.716;2006-09-20 00:41:58.239071795;70;35;12;14;9
3308;1;10;80;1182477225716;2007-06-22 01:53:45.716;2006-09-20 00:41:58.373717863;70;18;17;17;18
3309;1;80;80;1182477231716;2007-06-22 01:53:51.716;2006-09-20 00:41:58.375596646;0;0;0;0;0
3310;1;10;80;1182477249716;2007-06-22 01:54:09.716;2006-09-20 00:41:58.381232993;70;23;16;17;14
3311;1;10;80;1182477477716;2007-06-22 01:57:57.716;2006-09-20 00:41:58.452626722;70;30;15;13;12
3312;1;80;80;1182477927716;2007-06-22 02:05:27.716;2006-09-20 00:41:58.593535399;0;0;0;0;0
3313;1;20;90;1182478625716;2007-06-22 02:17:05.716;2006-09-20 00:41:58.812100413;70;35;12;13;10
3314;1;20;90;1182479076716;2007-06-22 02:24:36.716;2006-09-20 00:41:58.953322220;70;26;16;16;12
3315;1;20;90;1182479489716;2007-06-22 02:31:29.716;2006-09-20 00:41:59.082645072;70;29;16;15;10
3316;1;80;80;1182488923716;2007-06-22 05:08:43.716;2006-09-20 00:42:02.036717193;0;0;0;0;0
3317;1;60;70;1182489933716;2007-06-22 05:25:33.716;2006-09-20 00:42:02.352978890;10;2;2;2;4
3318;1;60;70;1182489984716;2007-06-22 05:26:24.716;2006-09-20 00:42:02.368948540;10;4;2;2;2
3319;1;10;10;1182490697716;2007-06-22 05:38:17.716;2006-09-20 00:42:02.592210509;0;0;0;0;0
3320;1;10;10;1182491717716;2007-06-22 05:55:17.716;2006-09-20 00:42:02.911603510;0;0;0;0;0
3321;1;80;80;1182492194716;2007-06-22 06:03:14.716;2006-09-20 00:42:03.060966707;0;0;0;0;0
3322;1;80;80;1182496183716;2007-06-22 07:09:43.716;2006-09-20 00:42:04.310043842;0;0;0;0;0
3323;1;80;80;1182497009716;2007-06-22 07:23:29.716;2006-09-20 00:42:04.568689546;0;0;0;0;0
3324;1;20;90;1182535159716;2007-06-22 17:59:19.716;2006-09-20 00:42:16.514614015;70;21;17;17;15
3325;1;30;100;1182535389716;2007-06-22 18:03:09.716;2006-09-20 00:42:16.586634005;70;34;6;16;14
3326;1;30;100;1182535571716;2007-06-22 18:06:11.716;2006-09-20 00:42:16.643623736;70;19;17;17;17
3327;1;30;100;1182538146716;2007-06-22 18:49:06.716;2006-09-20 00:42:17.449934497;70;25;15;17;13
3328;1;10;10;1182538375716;2007-06-22 18:52:55.716;2006-09-20 00:42:17.521641357;0;0;0;0;0
3329;1;10;70;1182553171716;2007-06-22 22:59:31.716;2006-09-20 00:42:22.154718642;60;12;15;15;18
3330;1;80;80;1182562861716;2007-06-23 01:41:01.716;2006-09-20 00:42:25.188952144;0;0;0;0;0
3331;1;10;20;1182565018716;2007-06-23 02:16:58.716;2006-09-20 00:42:25.864374400;10;3;2;2;3
3332;1;80;80;1182568204716;2007-06-23 03:10:04.716;2006-09-20 00:42:26.862007831;0;0;0;0;0
3333;1;80;80;1182820880716;2007-06-26 01:21:20.716;2006-09-20 00:43:45.982542852;0;0;0;0;0
3334;1;80;80;1182821087716;2007-06-26 01:24:47.716;2006-09-20 00:43:46.047360843;0;0;0;0;0
3335;1;80;80;1182822955716;2007-06-26 01:55:55.716;2006-09-20 00:43:46.632288416;0;0;0;0;0
3336;1;80;80;1182823675716;2007-06-26 02:07:55.716;2006-09-20 00:43:46.857742299;0;0;0;0;0
3337;1;80;80;1182829941716;2007-06-26 03:52:21.716;2006-09-20 00:43:48.819817337;0;0;0;0;0
3338;1;80;80;1182830510716;2007-06-26 04:01:50.716;2006-09-20 00:43:48.997988531;0;0;0;0;0
3339;3;30;880;1182903200716;2007-06-27 00:13:20.716;2006-09-20 00:44:11.759436752;850;378;196;137;139
3340;3;30;900;1182906898716;2007-06-27 01:14:58.716;2006-09-20 00:44:12.917392943;870;295;193;210;172
3341;1;80;80;1182908993716;2007-06-27 01:49:53.716;2006-09-20 00:44:13.573401115;0;0;0;0;0
3342;1;80;80;1182909504716;2007-06-27 01:58:24.716;2006-09-20 00:44:13.733410745;0;0;0;0;0
3343;1;10;20;1182914399716;2007-06-27 03:19:59.716;2006-09-20 00:44:15.266184016;10;5;2;1;2
3344;1;10;10;1182916795716;2007-06-27 03:59:55.716;2006-09-20 00:44:16.016444436;0;0;0;0;0
3345;1;10;20;1182976159716;2007-06-27 20:29:19.716;2006-09-20 00:44:34.605117048;10;3;2;2;3
3346;1;10;20;1182976426716;2007-06-27 20:33:46.716;2006-09-20 00:44:34.688722863;10;5;1;2;2
3347;1;10;20;1182989971716;2007-06-28 00:19:31.716;2006-09-20 00:44:38.930074028;10;3;2;2;3
3348;1;10;10;1182990210716;2007-06-28 00:23:30.716;2006-09-20 00:44:39.004912191;0;0;0;0;0
3349;1;10;20;1182990334716;2007-06-28 00:25:34.716;2006-09-20 00:44:39.043740360;10;4;2;2;2
3350;1;40;40;1182990731716;2007-06-28 00:32:11.716;2006-09-20 00:44:39.168053126;0;0;0;0;0
3351;1;40;40;1182991211716;2007-06-28 00:40:11.716;2006-09-20 00:44:39.318355714;0;0;0;0;0
3352;1;40;40;1182991780716;2007-06-28 00:49:40.716;2006-09-20 00:44:39.496526907;0;0;0;0;0
3353;1;80;80;1182992128716;2007-06-28 00:55:28.716;2006-09-20 00:44:39.605496284;0;0;0;0;0
3354;1;10;10;1183440293716;2007-07-03 05:24:53.716;2006-09-20 00:46:59.939578579;0;0;0;0;0
3355;1;10;10;1183440503716;2007-07-03 05:28:23.716;2006-09-20 00:47:00.005335961;0;0;0;0;0
3356;1;10;10;1183440752716;2007-07-03 05:32:32.716;2006-09-20 00:47:00.083305429;0;0;0;0;0
3357;1;10;10;1183490481716;2007-07-03 19:21:21.716;2006-09-20 00:47:15.654966711;0;0;0;0;0
3358;1;10;10;1183518936716;2007-07-04 03:15:36.716;2006-09-20 00:47:24.565092026;0;0;0;0;0
3359;1;10;10;1183519569716;2007-07-04 03:26:09.716;2006-09-20 00:47:24.763303564;0;0;0;0;0
3360;1;10;10;1183522557716;2007-07-04 04:15:57.716;2006-09-20 00:47:25.698937176;0;0;0;0;0
3361;1;20;330;1183683749716;2007-07-06 01:02:29.716;2006-09-20 00:48:16.173051383;310;108;68;74;60
3362;1;10;80;1183685489716;2007-07-06 01:31:29.716;2006-09-20 00:48:16.717898266;70;35;17;15;3
3363;1;20;90;1183685633716;2007-07-06 01:33:53.716;2006-09-20 00:48:16.762989042;70;21;17;17;15
3364;1;20;90;1183686217716;2007-07-06 01:43:37.716;2006-09-20 00:48:16.945857191;70;24;15;17;14
3365;1;10;10;1183687415716;2007-07-06 02:03:35.716;2006-09-20 00:48:17.320987401;0;0;0;0;0
3366;1;80;80;1183692039716;2007-07-06 03:20:39.716;2006-09-20 00:48:18.768902336;0;0;0;0;0
3367;1;80;80;1183705656716;2007-07-06 07:07:36.716;2006-09-20 00:48:23.032798888;0;0;0;0;0
3368;1;80;80;1183707469716;2007-07-06 07:37:49.716;2006-09-20 00:48:23.600504290;0;0;0;0;0
3369;1;80;80;1183707859716;2007-07-06 07:44:19.716;2006-09-20 00:48:23.722625143;0;0;0;0;0
3370;1;80;80;1183709865716;2007-07-06 08:17:45.716;2006-09-20 00:48:24.350764710;0;0;0;0;0
3371;1;30;100;1183759321716;2007-07-06 22:02:01.716;2006-09-20 00:48:39.836941395;70;22;17;17;14
3372;1;30;100;1183759464716;2007-07-06 22:04:24.716;2006-09-20 00:48:39.881719041;70;28;11;17;14
3373;1;20;90;1183761187716;2007-07-06 22:33:07.716;2006-09-20 00:48:40.421242707;70;14;17;17;22
3374;1;20;90;1183761598716;2007-07-06 22:39:58.716;2006-09-20 00:48:40.549939298;70;32;9;16;13
3375;1;20;90;1183762373716;2007-07-06 22:52:53.716;2006-09-20 00:48:40.792615352;70;21;17;17;15
3376;1;20;330;1183762761716;2007-07-06 22:59:21.716;2006-09-20 00:48:40.914109944;310;108;72;68;62
3377;1;20;30;1183763049716;2007-07-06 23:04:09.716;2006-09-20 00:48:41.004291497;10;2;2;2;4
3378;2;20;650;1183767802716;2007-07-07 00:23:22.716;2006-09-20 00:48:42.492600252;630;303;141;72;114
3379;1;10;10;1183795017716;2007-07-07 07:56:57.716;2006-09-20 00:48:51.014443881;0;0;0;0;0
3380;1;10;10;1183795169716;2007-07-07 07:59:29.716;2006-09-20 00:48:51.062039700;0;0;0;0;0
3381;1;10;10;1183795446716;2007-07-07 08:04:06.716;2006-09-20 00:48:51.148776819;0;0;0;0;0
3382;1;10;10;1183796030716;2007-07-07 08:13:50.716;2006-09-20 00:48:51.331644968;0;0;0;0;0
3383;1;10;10;1183865639716;2007-07-08 03:33:59.716;2006-09-20 00:49:13.128338450;0;0;0;0;0
3384;1;10;10;1183866859716;2007-07-08 03:54:19.716;2006-09-20 00:49:13.510357529;0;0;0;0;0
3385;1;10;10;1183867188716;2007-07-08 03:59:48.716;2006-09-20 00:49:13.613377428;0;0;0;0;0
3386;1;10;10;1184124555716;2007-07-11 03:29:15.716;2006-09-20 00:50:34.202807120;0;0;0;0;0
3387;1;10;10;1184127567716;2007-07-11 04:19:27.716;2006-09-20 00:50:35.145955862;0;0;0;0;0
3388;1;80;80;1184129678716;2007-07-11 04:54:38.716;2006-09-20 00:50:35.806974120;0;0;0;0;0
3389;1;80;80;1184132642716;2007-07-11 05:44:02.716;2006-09-20 00:50:36.735092603;0;0;0;0;0
3390;1;70;80;1184133381716;2007-07-11 05:56:21.716;2006-09-20 00:50:36.966495963;10;3;2;2;3
3391;1;40;40;1184133779716;2007-07-11 06:02:59.716;2006-09-20 00:50:37.091121859;0;0;0;0;0
3392;1;40;40;1184134107716;2007-07-11 06:08:27.716;2006-09-20 00:50:37.193828628;0;0;0;0;0
3393;1;40;40;1184134291716;2007-07-11 06:11:31.716;2006-09-20 00:50:37.251444620;0;0;0;0;0
3394;1;10;10;1184134626716;2007-07-11 06:17:06.716;2006-09-20 00:50:37.356343302;0;0;0;0;0
3395;1;80;80;1184134717716;2007-07-11 06:18:37.716;2006-09-20 00:50:37.384838167;0;0;0;0;0
3396;1;80;80;1184135468716;2007-07-11 06:31:08.716;2006-09-20 00:50:37.619999092;0;0;0;0;0
3397;1;80;80;1184136598716;2007-07-11 06:49:58.716;2006-09-20 00:50:37.973836435;0;0;0;0;0
3398;1;80;80;1184207461716;2007-07-12 02:31:01.716;2006-09-20 00:51:00.163195430;0;0;0;0;0
3399;1;80;80;1184210671716;2007-07-12 03:24:31.716;2006-09-20 00:51:01.168343989;0;0;0;0;0
3400;1;40;40;1184291805716;2007-07-13 01:56:45.716;2006-09-20 00:51:26.573865243;0;0;0;0;0
3401;1;80;80;1184297671716;2007-07-13 03:34:31.716;2006-09-20 00:51:28.410688125;0;0;0;0;0
3402;1;10;10;1184626070716;2007-07-16 22:47:50.716;2006-09-20 00:53:11.242395848;0;0;0;0;0
3403;1;10;10;1184626232716;2007-07-16 22:50:32.716;2006-09-20 00:53:11.293122971;0;0;0;0;0
3404;1;10;10;1184626311716;2007-07-16 22:51:51.716;2006-09-20 00:53:11.317860272;0;0;0;0;0
3405;1;10;10;1184627514716;2007-07-16 23:11:54.716;2006-09-20 00:53:11.694556134;0;0;0;0;0
3406;1;10;10;1184627607716;2007-07-16 23:13:27.716;2006-09-20 00:53:11.723677261;0;0;0;0;0
3407;1;10;10;1184627669716;2007-07-16 23:14:29.716;2006-09-20 00:53:11.743091345;0;0;0;0;0
3408;1;10;10;1184627999716;2007-07-16 23:19:59.716;2006-09-20 00:53:11.846424375;0;0;0;0;0
3409;1;10;10;1184630551716;2007-07-17 00:02:31.716;2006-09-20 00:53:12.645533136;0;0;0;0;0
3410;1;10;10;1184630882716;2007-07-17 00:08:02.716;2006-09-20 00:53:12.749179296;0;0;0;0;0
3411;1;10;10;1184631359716;2007-07-17 00:15:59.716;2006-09-20 00:53:12.898542493;0;0;0;0;0
3412;1;10;10;1184633342716;2007-07-17 00:49:02.716;2006-09-20 00:53:13.519480061;0;0;0;0;0
3413;1;10;10;1184633422716;2007-07-17 00:50:22.716;2006-09-20 00:53:13.544530492;0;0;0;0;0
3414;1;10;10;1184633548716;2007-07-17 00:52:28.716;2006-09-20 00:53:13.583984922;0;0;0;0;0
3415;1;80;80;1184633785716;2007-07-17 00:56:25.716;2006-09-20 00:53:13.658196825;0;0;0;0;0
3416;1;80;80;1184634308716;2007-07-17 01:05:08.716;2006-09-20 00:53:13.821964020;0;0;0;0;0
3417;1;80;80;1184634631716;2007-07-17 01:10:31.716;2006-09-20 00:53:13.923105137;0;0;0;0;0
3418;1;80;80;1184637538716;2007-07-17 01:58:58.716;2006-09-20 00:53:14.833375187;0;0;0;0;0
3419;1;80;80;1184638540716;2007-07-17 02:15:40.716;2006-09-20 00:53:15.147131841;0;0;0;0;0
3420;1;80;80;1184639236716;2007-07-17 02:27:16.716;2006-09-20 00:53:15.365070594;0;0;0;0;0
3421;1;80;80;1184644392716;2007-07-17 03:53:12.716;2006-09-20 00:53:16.979570897;0;0;0;0;0
3422;1;80;80;1184648964716;2007-07-17 05:09:24.716;2006-09-20 00:53:18.411203051;0;0;0;0;0
3423;1;80;80;1184649822716;2007-07-17 05:23:42.716;2006-09-20 00:53:18.679868927;0;0;0;0;0
3424;1;80;80;1184650675716;2007-07-17 05:37:55.716;2006-09-20 00:53:18.946969152;0;0;0;0;0
3425;1;80;80;1184651127716;2007-07-17 05:45:27.716;2006-09-20 00:53:19.088504089;0;0;0;0;0
3426;1;80;80;1184651759716;2007-07-17 05:55:59.716;2006-09-20 00:53:19.286402497;0;0;0;0;0
3427;1;10;10;1184652989716;2007-07-17 06:16:29.716;2006-09-20 00:53:19.671552880;0;0;0;0;0
3428;1;10;20;1184659215716;2007-07-17 08:00:15.716;2006-09-20 00:53:21.621102703;10;2;2;2;4
3429;1;10;10;1184660323716;2007-07-17 08:18:43.716;2006-09-20 00:53:21.968051178;0;0;0;0;0
3430;1;10;20;1184660468716;2007-07-17 08:21:08.716;2006-09-20 00:53:22.013455084;10;3;2;2;3
3431;1;10;20;1184660773716;2007-07-17 08:26:13.716;2006-09-20 00:53:22.108959854;10;2;2;2;4
3432;1;10;20;1184660977716;2007-07-17 08:29:37.716;2006-09-20 00:53:22.172838454;10;5;1;2;2
3433;1;10;20;1184661123716;2007-07-17 08:32:03.716;2006-09-20 00:53:22.218555491;10;2;2;2;4
3434;1;10;10;1184726926716;2007-07-18 02:48:46.716;2006-09-20 00:53:42.823474700;0;0;0;0;0
3435;1;10;20;1184731196716;2007-07-18 03:59:56.716;2006-09-20 00:53:44.160541476;10;5;1;2;2
3436;1;80;80;1184731411716;2007-07-18 04:03:31.716;2006-09-20 00:53:44.227864510;0;0;0;0;0
3437;1;10;10;1184741003716;2007-07-18 06:43:23.716;2006-09-20 00:53:47.231411234;0;0;0;0;0
3438;1;10;10;1184783195716;2007-07-18 18:26:35.716;2006-09-20 00:54:00.443008748;0;0;0;0;0
3439;1;10;10;1184783321716;2007-07-18 18:28:41.716;2006-09-20 00:54:00.482463178;0;0;0;0;0
3440;1;10;10;1184783853716;2007-07-18 18:37:33.716;2006-09-20 00:54:00.649048547;0;0;0;0;0
3441;1;80;80;1184810798716;2007-07-19 02:06:38.716;2006-09-20 00:54:09.086346969;0;0;0;0;0
3442;1;80;80;1184814640716;2007-07-19 03:10:40.716;2006-09-20 00:54:10.289393936;0;0;0;0;0
3443;1;20;20;1184815937716;2007-07-19 03:32:17.716;2006-09-20 00:54:10.695524055;0;0;0;0;0
3444;1;80;80;1184820672716;2007-07-19 04:51:12.716;2006-09-20 00:54:12.178196463;0;0;0;0;0
3445;1;80;80;1184821002716;2007-07-19 04:56:42.716;2006-09-20 00:54:12.281529493;0;0;0;0;0
3446;7;20;2010;1184875501716;2007-07-19 20:05:01.716;2006-09-20 00:54:29.346822746;1990;642;481;475;392
3447;7;20;2010;1184877040716;2007-07-19 20:30:40.716;2006-09-20 00:54:29.828730420;1990;679;432;487;392
3448;3;10;970;1184884375716;2007-07-19 22:32:55.716;2006-09-20 00:54:32.125541848;960;460;136;197;167
3449;7;20;2010;1184884547716;2007-07-19 22:35:47.716;2006-09-20 00:54:32.179400275;1990;702;459;437;392
3450;7;20;2010;1184888750716;2007-07-19 23:45:50.716;2006-09-20 00:54:33.495487315;1990;711;432;487;360
3451;4;20;1260;1184889390716;2007-07-19 23:56:30.716;2006-09-20 00:54:33.695890766;1240;556;187;265;232
3452;2;20;610;1184891792716;2007-07-20 00:36:32.716;2006-09-20 00:54:34.448029968;590;288;61;125;116
3453;2;20;610;1184893100716;2007-07-20 00:58:20.716;2006-09-20 00:54:34.857604521;590;146;147;147;150
3454;2;20;610;1184895856716;2007-07-20 01:44:16.716;2006-09-20 00:54:35.720591883;590;234;133;136;87
3455;1;50;410;1184964771716;2007-07-20 20:52:51.716;2006-09-20 00:54:57.299972873;360;97;90;90;83
3456;1;30;100;1184980137716;2007-07-21 01:08:57.716;2006-09-20 00:55:02.111534482;70;29;10;17;14
3457;1;50;410;1185323796716;2007-07-25 00:36:36.716;2006-09-20 00:56:49.721611992;360;125;81;89;65
3458;1;50;50;1185324323716;2007-07-25 00:45:23.716;2006-09-20 00:56:49.886631709;0;0;0;0;0
3459;1;10;10;1185327075716;2007-07-25 01:31:15.716;2006-09-20 00:56:50.748366549;0;0;0;0;0
3460;1;10;10;1185327432716;2007-07-25 01:37:12.716;2006-09-20 00:56:50.860154099;0;0;0;0;0
3461;1;20;200;1185386475716;2007-07-25 18:01:15.716;2006-09-20 00:57:09.348311855;180;36;45;45;54
3462;1;50;410;1185387254716;2007-07-25 18:14:14.716;2006-09-20 00:57:09.592240431;360;164;90;55;51
3463;1;50;410;1185395986716;2007-07-25 20:39:46.716;2006-09-20 00:57:12.326495017;360;151;87;90;32
3464;1;50;410;1185397331716;2007-07-25 21:02:11.716;2006-09-20 00:57:12.747655395;360;142;69;89;60
3465;1;50;410;1185406569716;2007-07-25 23:36:09.716;2006-09-20 00:57:15.640353959;360;154;62;73;71
3466;1;50;410;1185416207716;2007-07-26 02:16:47.716;2006-09-20 00:57:18.658304681;360;112;90;88;70
3467;1;50;410;1185491195716;2007-07-26 23:06:35.716;2006-09-20 00:57:42.139326544;360;82;90;90;98
3468;1;50;410;1185491769716;2007-07-26 23:16:09.716;2006-09-20 00:57:42.319063389;360;124;87;90;59
3469;1;30;50;1185864618716;2007-07-31 06:50:18.716;2006-09-20 00:59:39.069417052;20;4;5;5;6
3470;1;30;50;1185865653716;2007-07-31 07:07:33.716;2006-09-20 00:59:39.393507008;20;5;5;5;5
3471;1;30;50;1185870472716;2007-07-31 08:27:52.716;2006-09-20 00:59:40.902482369;20;6;5;5;4
3472;1;30;50;1185870880716;2007-07-31 08:34:40.716;2006-09-20 00:59:41.030239569;20;5;5;5;5
3473;1;30;50;1185939207716;2007-08-01 03:33:27.716;2006-09-20 01:00:02.425499889;20;9;3;5;3
3474;1;30;100;1186013516716;2007-08-02 00:11:56.716;2006-09-20 01:00:25.693906215;70;28;11;17;14
3475;1;30;100;1186014431716;2007-08-02 00:27:11.716;2006-09-20 01:00:25.980420524;70;21;17;17;15
3476;1;30;50;1186020220716;2007-08-02 02:03:40.716;2006-09-20 01:00:27.793132365;20;7;4;5;4
3477;1;30;80;1186023634716;2007-08-02 03:00:34.716;2006-09-20 01:00:28.862159525;50;21;10;9;10
3478;1;20;80;1186023884716;2007-08-02 03:04:44.716;2006-09-20 01:00:28.940442123;60;28;6;15;11
3479;1;10;10;1186024215716;2007-08-02 03:10:15.716;2006-09-20 01:00:29.044088283;0;0;0;0;0
3480;1;10;10;1186025206716;2007-08-02 03:26:46.716;2006-09-20 01:00:29.354400502;0;0;0;0;0
3481;1;10;10;1186027467716;2007-08-02 04:04:27.716;2006-09-20 01:00:30.062388319;0;0;0;0;0
3482;1;30;80;1186040920716;2007-08-02 07:48:40.716;2006-09-20 01:00:34.274931487;50;22;10;11;7
3483;1;30;80;1186041614716;2007-08-02 08:00:14.716;2006-09-20 01:00:34.492243980;50;25;12;5;8
3484;1;30;50;1186041908716;2007-08-02 08:05:08.716;2006-09-20 01:00:34.584304315;20;6;5;5;4
3485;1;30;90;1186044799716;2007-08-02 08:53:19.716;2006-09-20 01:00:35.489564279;60;14;15;15;16
3486;1;20;40;1186099147716;2007-08-02 23:59:07.716;2006-09-20 01:00:52.507574844;20;9;3;5;3
3487;1;20;40;1186105216716;2007-08-03 01:40:16.716;2006-09-20 01:00:54.407963195;20;6;5;5;4
3488;1;30;90;1186107922716;2007-08-03 02:25:22.716;2006-09-20 01:00:55.255294037;60;15;15;15;15
3489;1;10;10;1186108509716;2007-08-03 02:35:09.716;2006-09-20 01:00:55.439101577;0;0;0;0;0
3490;1;20;50;1186109778716;2007-08-03 02:56:18.716;2006-09-20 01:00:55.836464045;30;9;7;7;7
3491;1;30;50;1186121996716;2007-08-03 06:19:56.716;2006-09-20 01:00:59.662291179;20;6;5;5;4
3492;1;30;50;1186123373716;2007-08-03 06:42:53.716;2006-09-20 01:01:00.093471729;20;5;5;5;5
3493;1;30;90;1186123861716;2007-08-03 06:51:01.716;2006-09-20 01:01:00.246279361;60;22;13;14;11
3494;1;30;90;1186127157716;2007-08-03 07:45:57.716;2006-09-20 01:01:01.278357134;60;22;12;15;11
3495;1;30;90;1186128908716;2007-08-03 08:15:08.716;2006-09-20 01:01:01.826648451;60;28;13;8;11
3496;1;30;90;1186129269716;2007-08-03 08:21:09.716;2006-09-20 01:01:01.939688522;60;26;15;10;9
3497;1;20;70;1186129705716;2007-08-03 08:28:25.716;2006-09-20 01:01:02.076213374;50;17;11;12;10
3498;1;20;70;1186130063716;2007-08-03 08:34:23.716;2006-09-20 01:01:02.188314054;50;19;10;11;10
3499;1;30;90;1186130233716;2007-08-03 08:37:13.716;2006-09-20 01:01:02.241546221;60;27;12;10;11
3500;1;30;90;1186130719716;2007-08-03 08:45:19.716;2006-09-20 01:01:02.393727591;60;28;7;13;12
3501;1;30;90;1186130928716;2007-08-03 08:48:48.716;2006-09-20 01:01:02.459171843;60;30;14;14;2
3502;1;30;50;1186131195716;2007-08-03 08:53:15.716;2006-09-20 01:01:02.542777658;20;10;4;2;4
3503;1;30;50;1186191936716;2007-08-04 01:45:36.716;2006-09-20 01:01:21.562630821;20;10;4;3;3
3504;1;30;90;1186192262716;2007-08-04 01:51:02.716;2006-09-20 01:01:21.664711329;60;28;11;15;6
3505;1;30;50;1186192657716;2007-08-04 01:57:37.716;2006-09-20 01:01:21.788397834;20;6;5;5;4
3506;1;30;80;1186192871716;2007-08-04 02:01:11.716;2006-09-20 01:01:21.855407738;50;14;12;12;12
3507;1;30;80;1186193472716;2007-08-04 02:11:12.716;2006-09-20 01:01:22.043599104;50;25;12;6;7
3508;1;30;80;1186194349716;2007-08-04 02:25:49.716;2006-09-20 01:01:22.318214458;50;19;9;12;10
3509;1;30;90;1186195140716;2007-08-04 02:39:00.716;2006-09-20 01:01:22.565900598;60;21;15;13;11
3510;1;30;50;1186451677716;2007-08-07 01:54:37.716;2006-09-20 01:02:42.895432064;20;8;3;5;4
3511;1;30;80;1186452000716;2007-08-07 02:00:00.716;2006-09-20 01:02:42.996573181;50;20;10;10;10
3512;1;30;90;1186452966716;2007-08-07 02:16:06.716;2006-09-20 01:02:43.299057140;60;19;14;15;12
3513;1;30;90;1186475676716;2007-08-07 08:34:36.716;2006-09-20 01:02:50.410248351;60;13;15;15;17
3514;1;30;90;1186646582716;2007-08-09 08:03:02.716;2006-09-20 01:03:43.926111189;60;23;11;15;11
3515;1;30;90;1186647240716;2007-08-09 08:14:00.716;2006-09-20 01:03:44.132150987;60;22;11;15;12
3516;1;30;90;1186647397716;2007-08-09 08:16:37.716;2006-09-20 01:03:44.181312458;60;13;15;15;17
3517;1;20;70;1187056637716;2007-08-14 01:57:17.716;2006-09-20 01:05:52.326794230;50;11;12;12;15
3518;1;20;40;1187657014716;2007-08-21 00:43:34.716;2006-09-20 01:09:00.323079808;20;7;4;5;4
3519;1;20;40;1187659039716;2007-08-21 01:17:19.716;2006-09-20 01:09:00.957168853;20;5;5;5;5
3520;1;30;100;1187662643716;2007-08-21 02:17:23.716;2006-09-20 01:09:02.085690787;70;31;8;17;14
3521;1;10;50;1189475090716;2007-09-11 01:44:50.716;2006-09-20 01:18:29.617931040;40;13;9;10;8
3522;1;10;10;1191613434716;2007-10-05 19:43:54.716;2006-09-20 01:29:39.198426774;0;0;0;0;0
3523;1;30;100;1192129116716;2007-10-11 18:58:36.716;2006-09-20 01:32:20.674133770;70;28;13;16;13
3524;1;10;10;1192215890716;2007-10-12 19:04:50.716;2006-09-20 01:32:47.845710437;0;0;0;0;0
3525;1;10;10;1192216035716;2007-10-12 19:07:15.716;2006-09-20 01:32:47.891114344;0;0;0;0;0
3526;1;10;10;1192216820716;2007-10-12 19:20:20.716;2006-09-20 01:32:48.136921702;0;0;0;0;0
3527;1;20;190;1192217219716;2007-10-12 19:26:59.716;2006-09-20 01:32:48.261860729;170;36;42;42;50
3528;1;10;10;1192224113716;2007-10-12 21:21:53.716;2006-09-20 01:32:50.420581654;0;0;0;0;0
3529;1;10;10;1192224256716;2007-10-12 21:24:16.716;2006-09-20 01:32:50.465359300;0;0;0;0;0
3530;1;10;10;1192224534716;2007-10-12 21:28:54.716;2006-09-20 01:32:50.552409549;0;0;0;0;0
3531;1;10;10;1192225072716;2007-10-12 21:37:52.716;2006-09-20 01:32:50.720873700;0;0;0;0;0
3532;1;10;10;1192233248716;2007-10-12 23:54:08.716;2006-09-20 01:32:53.281027788;0;0;0;0;0
3533;1;10;10;1192487292716;2007-10-15 22:28:12.716;2006-09-20 01:34:12.829925186;0;0;0;0;0
3534;1;10;10;1192487591716;2007-10-15 22:33:11.716;2006-09-20 01:34:12.923551174;0;0;0;0;0
3535;1;10;10;1192487966716;2007-10-15 22:39:26.716;2006-09-20 01:34:13.040975071;0;0;0;0;0
3536;1;10;10;1192753256716;2007-10-19 00:20:56.716;2006-09-20 01:35:36.111336862;0;0;0;0;0
3537;1;10;10;1192755083716;2007-10-19 00:51:23.716;2006-09-20 01:35:36.683426089;0;0;0;0;0
3538;1;10;10;1192755167716;2007-10-19 00:52:47.716;2006-09-20 01:35:36.709729042;0;0;0;0;0
3539;1;10;10;1192755324716;2007-10-19 00:55:24.716;2006-09-20 01:35:36.758890513;0;0;0;0;0
3540;1;10;10;1192811666716;2007-10-19 16:34:26.716;2006-09-20 01:35:54.401283080;0;0;0;0;0
3541;1;10;10;1192863572716;2007-10-20 06:59:32.716;2006-09-20 01:36:10.654629226;0;0;0;0;0
3542;1;10;10;1192864764716;2007-10-20 07:19:24.716;2006-09-20 01:36:11.027880654;0;0;0;0;0
3543;1;10;10;1192865333716;2007-10-20 07:28:53.716;2006-09-20 01:36:11.206051847;0;0;0;0;0
3544;1;10;10;1192865380716;2007-10-20 07:29:40.716;2006-09-20 01:36:11.220768975;0;0;0;0;0
3545;1;10;10;1192904674716;2007-10-20 18:24:34.716;2006-09-20 01:36:23.524914613;0;0;0;0;0
3546;1;20;20;1192904819716;2007-10-20 18:26:59.716;2006-09-20 01:36:23.570318520;0;0;0;0;0
3547;1;10;10;1192932148716;2007-10-21 02:02:28.716;2006-09-20 01:36:32.127859013;0;0;0;0;0
3548;1;10;10;1192933236716;2007-10-21 02:20:36.716;2006-09-20 01:36:32.468544880;0;0;0;0;0
3549;1;10;10;1192983933716;2007-10-21 16:25:33.716;2006-09-20 01:36:48.343316382;0;0;0;0;0
3550;1;10;30;1193195884716;2007-10-24 03:18:04.716;2006-09-20 01:37:54.711616174;20;9;2;5;4
3551;1;10;30;1193195898716;2007-10-24 03:18:18.716;2006-09-20 01:37:54.716000000;20;4;5;5;6